bathy,chla,D.coast,D.ice,D.inswb,D.slp,S.bathy,W.mass,A.v50,A.v75,A.v100,A.v300,A.v500,A.v300.2,A.v500.2,A.v500.3,year,Lat,Lon,MN,MN.G,BA,BA.G,TW
-836.1084,0.2356972,143844.5,308974.1,93941.47,0,6.68342,1.774039,-88.07,-79.69,-79.81,-83.2,-82.75,-85.46,-84.1,-80.74,2001,-65.8067,-70.3998,0,0,0,0,0
-836.1084,0.2356972,142088,307886.8,98488.58,0,6.68342,1.774039,-82.12,-79.85,-80.19,-84.82,-82.28,-89.42,-82.97,-78.66,2001,-65.8153,-70.361,0,0,0,0,0
-366.5333,0.2358892,138578.5,305732.3,96566.04,5000,2.967383,1.77459,-77.51,-78.54,-79.23,-84.75,-78.37,-93.9,-78.19,-73.24,2001,-65.8367,-70.3047,0,0,0,0,0
-356.1607,0.2400461,134604,303136.9,94868.33,10000,1.823358,1.760439,-79.57,-80.81,-78.78,-80.8,-77.79,-81.79,-77.56,-72.69,2001,-65.8568,-70.2347,0,0,0,0,0
-342.883,0.2400461,130299.7,300934,99624.3,11180.34,0.3228445,1.760439,-79.93,-79.86,-78.53,-82.72,-82.75,-86.27,-85.48,NA,2001,-65.8802,-70.1545,0,0,0,0,0
-336.7365,0.2445157,125703,298135,103077.6,18027.76,0.03571117,1.7048,-77.16,-77.35,-78.06,-81.77,-80.69,-83.08,-81.32,-77.11,2001,-65.9047,-70.0657,0,0,0,0,0
-343.9839,0.2374717,120959.7,295578.3,101980.4,22360.68,0.02690303,1.631534,-76.55,-76.7,-76.7,-82.46,-79.39,-86.62,-80.09,-74.34,2001,-65.9298,-69.9778,0,0,0,0,0
-333.2554,0.2284335,115741.1,292626.5,105948.1,29154.76,0.02690303,1.596447,-73.07,-74.95,-76.53,-80.97,-79.54,-85.08,-81.02,-74.99,2001,-65.9553,-69.8902,0,0,0,0,0
-341.2184,0.2284335,113529.7,291201.4,105948.1,29154.76,0.1218129,1.596447,-78.18,-80.7,-81.74,-84.8,-82.51,-86.69,-82.76,-76.83,2001,-65.972,-69.853,0,0,0,0,0
-341.2184,0.2290145,112748.6,291153.8,105948.1,29154.76,0.09955093,1.593703,NA,NA,NA,NA,NA,NA,NA,NA,2001,-65.9717,-69.8268,0,0,0,0,0
-341.2184,0.227433,112272,290697.9,105948.1,29154.76,0.1218129,1.589662,NA,NA,NA,NA,NA,NA,NA,NA,2001,-65.9777,-69.8267,0,0,0,0,0
-341.2184,0.227433,111948.6,290036.6,101980.4,33541.02,0.1218129,1.589662,NA,NA,NA,NA,NA,NA,NA,NA,2001,-65.9817,-69.8255,0,0,0,0,0
-336.3756,0.2439682,106128.5,286960.8,96176.92,40311.29,0.195952,1.606528,NA,NA,NA,NA,NA,NA,NA,NA,2001,-66.0098,-69.722,0,0,0,0,0
-325.0011,0.2819852,100206,284205,90553.85,46097.72,0.1440385,1.625425,NA,NA,NA,NA,NA,NA,NA,NA,2001,-66.0408,-69.5983,0,0,0,0,0
-657.0411,1.133964,38581.08,258785.6,42720.02,85146.93,0.9914352,1.477187,-81.61,-83.57,-84.73,-66.73,-66.97,-65.47,-65.84,-70.93,2001,-66.3672,-68.4393,0,0,0,0,0
-657.0411,1.133964,40496.91,259014.5,42720.02,85146.93,0.9914352,1.477187,-80.88,-82.25,-83.32,-68.46,-69.27,-67.22,-68.31,-76.38,2001,-66.3595,-68.4778,0,0,0,0,0
-411.6459,1.254727,14840.82,214462.1,5000,53851.65,0.9960814,1.199368,-84.02,-84.02,-81.55,-76.21,-76.14,-75.61,-75.78,-76.01,2001,-66.7445,-68.6818,0,0,0,0,0
-349.0339,1.001654,24207.44,217607.4,11180.34,60415.23,0.7492712,1.371902,-81.25,-81.81,-81.6,-77.34,-76.6,-76.47,-75.85,-74.18,2001,-66.6953,-68.8578,0,0,0,0,0
-1107.968,0.2697237,138702.9,271033.7,50990.2,0,10.33581,1.726631,-88.79,-86.36,-87.79,-80.52,-80.95,-79.62,-80.17,-93.21,2001,-66.152,-70.982,0,0,0,0,0
-1177.849,0.2697237,138110.5,267376.6,46097.72,0,11.23911,1.726631,-80.42,-79.07,-81,-77.62,-78.07,-77,-77.57,-94.79,2001,-66.1858,-71.0282,0,0,0,0,0
-1346.914,0.3113824,138349.2,259515.4,40311.29,0,10.28499,1.628179,-82.61,-80.25,-81.02,-74.92,-76.59,-74.02,-76.27,-78.77,2001,-66.2598,-71.1475,0,0,0,0,0
-1146.179,0.3655002,138773.2,251268.8,29154.76,0,11.55696,1.575153,-78.12,-78.13,-79.37,-69.45,-71.64,-68.2,-71.01,-81.84,2001,-66.3347,-71.2703,0,0,0,0,0
-914.1459,0.3655002,138968.5,247512.6,25000,0,7.380399,1.575153,-77.63,-77.99,-77.99,-79.35,-78.01,-79.92,-78.01,-77.09,2001,-66.3698,-71.3237,0,0,0,0,0
-695.3118,0.3732885,139664.8,244272.4,22360.68,5000,4.018348,1.598478,-80.74,-80.2,-80.94,-82.39,-80.85,-83.09,-80.84,-79.15,2001,-66.402,-71.3693,0,0,0,0,0
-523.1672,0.4749132,122429.6,232607,30000,20615.53,0.09634716,1.384786,NA,-74.75,-77.45,-77.87,-79.02,-77.98,-79.29,-81.79,2001,-66.4963,-71.0582,0,0,0,0,0
-586.1573,0.4894305,62229.41,186011.4,65764.73,78102.5,0.3008795,1.488502,-71.24,-70.56,-72.88,-74.59,-75.2,-75.16,-75.83,-78.64,2001,-66.8953,-70.0175,0,0,0,0,0
-509.5358,0.4784168,52680.64,184479,55000,87464.28,0.870684,1.466479,-72.92,-71.02,-74.23,-67.54,-67.08,-66.87,-66.56,-65.73,2001,-66.9187,-69.8057,0,0,0,0,0
-503.826,0.4453381,47731.02,183680.4,50000,83216.59,0.9939304,1.466839,-77.41,-78.71,-81.5,-69.37,-68.39,-68.56,-67.96,-67.44,2001,-66.9293,-69.6957,0,0,0,0,0
-467.7278,0.3737172,43133.51,183448.2,45000,76321.69,0.7418573,1.47571,-77.7,-81.06,-82.88,-76.19,-71.11,-75.16,-70.44,-68.12,2001,-66.94,-69.5883,0,0,0,0,0
-533.7359,0.4150315,35710.64,180623.9,45000,73824.12,0.5983,1.464578,-78.58,-79.54,-79.54,-71.59,-72.21,-71.11,-71.97,-72.76,2001,-66.9755,-69.446,0,0,0,0,0
-480.0786,0.5531977,30761.18,178891,40311.29,67082.04,0.5983,1.430041,-80.66,-83.43,-84.19,-82.77,-77.97,-82.37,-77.43,-75.16,2001,-67,-69.3498,0,0,0,0,0
-459.3526,0.5949084,25811.82,177282.3,35355.34,62649.82,0.6299253,1.422995,-84.59,-84.9,-86.21,-66.16,-67.26,-64.89,-66.36,-73.91,2001,-67.0248,-69.256,0,0,0,0,0
-442.1323,0.9414663,106400.2,150463.5,60000,60415.23,0.07260441,1.360687,-82.36,-81.7,-83.09,-68.3,-69.35,-67.05,-68.44,-78.44,2001,-67.2513,-71.5488,0,0,0,0,0
-455.9721,1.359878,100322,145451.9,65000,66708.32,0.09840982,1.364131,NA,NA,NA,NA,NA,NA,NA,NA,2001,-67.2873,-71.4328,0,0,0,0,0
-463.6696,1.74267,93889.56,140650.3,70000,71589.1,0.1656177,1.349516,NA,NA,NA,NA,NA,NA,NA,NA,2001,-67.323,-71.3112,0,0,0,0,0
-442.8085,1.571472,98183.5,140926.4,70000,71589.1,0.1734527,1.354028,NA,NA,NA,NA,NA,NA,NA,NA,2001,-67.3278,-71.4068,0,0,0,0,0
-472.7049,1.65037,87722.57,133753.5,63639.61,77620.88,0.1733582,1.352186,NA,NA,NA,NA,NA,NA,NA,NA,2001,-67.3803,-71.2012,0,0,0,0,0
-758.8488,0.8368863,58028.01,112500,28284.27,112361,0.4247958,1.362401,NA,NA,NA,NA,NA,NA,NA,NA,2001,-67.545,-70.5587,0,0,0,0,0
-487.9167,0.2454397,12649.11,61583.28,5000,69462.22,0.3308186,1.216889,-72.48,-73.73,-74.98,-68.06,-67.11,-66.93,-66.36,-65.6,2001,-68.1642,-69.0923,0,0,0,0,0
-483.1786,0.1707227,15337.86,86742.44,0,96176.92,1.50438,1.171743,-75.38,-69.01,-69.61,-68.22,-68.55,-67.8,-68.35,-69.2,2001,-68.0068,-68.5745,0,0,0,0,0
-226.9081,0.1696705,20500,64994.23,21213.2,97082.44,0.8451275,0.9550307,NA,NA,NA,NA,NA,NA,NA,NA,2001,-68.5412,-67.7102,0,0,0,0,0
-221.3441,0.1738247,18069.31,59709.71,21213.2,93407.71,0.164693,0.9920453,NA,NA,NA,NA,NA,NA,NA,NA,2001,-68.5852,-67.796,0,0,0,0,0
-403.8219,0.1559753,16918.92,54389.8,18027.76,88600.23,0.4551824,0.9979693,NA,NA,NA,NA,NA,NA,NA,NA,2001,-68.6295,-67.8817,0,0,0,0,0
-309.4156,0.1548438,18601.08,48626.13,18027.76,85440.04,1.174933,0.9950138,NA,NA,NA,NA,NA,NA,NA,NA,2001,-68.6728,-67.9733,0,0,0,0,0
-326.9785,0.1676341,29732.14,42573.46,7071.068,77620.88,0.7926834,1.05609,NA,NA,NA,NA,NA,NA,NA,NA,2001,-68.6198,-68.2133,0,0,0,0,0
-371.1977,0.1681253,36062.45,39812.06,0,71589.1,0.5864588,1.091152,NA,NA,NA,NA,NA,NA,NA,NA,2001,-68.5892,-68.3373,0,0,0,0,0
-423.8494,0.1618991,42086.22,37500,0,65764.73,0.6063756,1.152672,NA,NA,NA,NA,NA,NA,NA,NA,2001,-68.5578,-68.466,0,0,0,0,0
-1227.04,0.1403983,25347.58,5830.952,10000,10000,2.915084,1.059658,NA,NA,NA,NA,NA,NA,NA,NA,2001,-68.5978,-69.9782,0,0,0,0,0
-1378.58,0.1330929,21029.74,1500,11180.34,7071.068,3.669021,1.018307,NA,-71.44,-70.15,-66.47,-67.01,-65.89,-66.66,-68.62,2001,-68.6077,-70.093,0,0,0,0,0
-228.0166,0.1186526,16800.3,2692.583,14142.14,5000,5.462163,0.9636545,-76.76,-73.18,-71.35,-67.17,-67.48,-66.33,-66.87,NA,2001,-68.6233,-70.2052,0,0,0,0,0
-363.9998,0.09816365,12419.74,7826.238,20615.53,10000,0.02015321,0.9273812,-76.93,-74.18,-72.31,-66.68,-66.93,-65.71,-66.31,-67.57,2001,-68.6412,-70.329,0,0,0,0,0
-326.8658,0.08531328,9340.771,12747.55,22360.68,14142.14,1.058062,0.9105368,-73.83,-72.13,-71.05,-67.54,-66.95,-66.78,-66.34,NA,2001,-68.6612,-70.4537,0,0,0,0,0
-291.7248,0.08953533,9486.833,14080.13,25000,18027.76,1.683093,0.8929797,-77.01,-73.09,-70.46,-52.03,-52.31,-50.77,-51.18,NA,2001,-68.6807,-70.5775,0,0,0,0,0
-191.9441,0.1174043,9178.78,25000,26925.82,25000,0.7502785,0.4711356,-85.5,-77.56,-73.44,-55.19,-55.19,-53.82,-53.82,NA,2001,-68.9382,-72.2183,0,0,0,0,0
-206.9748,0.1143448,10124.23,29068.88,25000,22360.68,3.160523,0.6081799,-85.6,-76.89,-73.22,-61.66,-61.66,-60.44,-60.44,NA,2001,-68.9702,-72.289,0,0,0,0,0
-196.142,0.1143448,10547.51,31563.43,26925.82,25495.1,1.827104,0.6081799,-82.2,-74.95,-70.96,-58.49,-59.15,-57.27,-58.26,NA,2001,-69.0018,-72.366,0,0,0,0,0
-279.1623,0.108774,11401.75,29614.19,25000,25000,3.930855,0.7287062,-82.94,-75.93,-72.93,-61.9,-61.99,-60.71,-61.18,-62.23,2001,-69.0378,-72.4428,0,0,0,0,0
-330.3285,0.1059012,14080.13,28040.15,29154.76,30000,2.91734,0.77867,-72.91,-72.55,-64.52,-61.31,-61.59,-60.59,-61.13,-62.5,2001,-69.073,-72.5225,0,0,0,0,0
-170.7501,0.08931201,25000,27950.85,31622.78,42720.02,0.5585408,0.8846255,-77.5,-69.15,-64.97,-57.82,-57.82,-55.76,-55.76,NA,2001,-69.1763,-72.7543,0,0,0,0,0
-373.3456,0.09005984,81745.03,94944.72,7071.068,74330.34,0.2779683,1.081107,-80.29,-80.58,-78.03,-66.52,-66.38,-65.25,-65.28,-65.36,2001,-68.9923,-74.9222,0,0,0,0,0
-378.5874,0.09160658,79072.75,91160.57,7071.068,79056.95,0.2779683,1.091439,-91.96,-86.57,-80.15,-64.6,-64.98,-63.28,-64.02,-66.31,2001,-69.0175,-74.8465,0,0,0,0,0
-376.3405,0.09470173,76231.55,86805.82,7071.068,79056.95,0.1688558,1.101325,-74.81,-75.14,-75.44,-63.53,-63.92,-62.26,-63.02,-65.16,2001,-69.0495,-74.766,0,0,0,0,0
-365.597,0.09470173,73583.29,82453.02,0,85146.93,0.1354746,1.101325,-81.58,-81.69,-78.96,-65.71,-65.57,-64.41,-64.64,-65.12,2001,-69.0777,-74.6763,0,0,0,0,0
-438.2064,0.09779653,71352.99,77956.72,5000,80622.58,0.3827197,1.090928,-81.33,-80.7,-77.58,-65.33,-65.58,-64.04,-64.81,-66.02,2001,-69.1047,-74.5792,0,0,0,0,0
-404.9527,0.1180082,98478.42,93107.46,33541.02,26925.82,0.3683501,1.311956,-83.35,-83.35,-83.35,-72.71,-71.51,-72.27,-71.26,-70.33,2001,-68.9598,-76.5387,0,0,0,0,0
-416.1397,0.1159787,102865.2,95724.87,38078.87,22360.68,0.2695275,1.410116,-80.33,-81.61,-79.32,-76,-74.53,-75.23,-73.89,-72.12,2001,-68.9283,-76.6338,0,0,0,0,0
-397.185,0.1117362,107872.6,98612.88,44721.36,15811.39,0.2468422,1.559765,-84.46,-85.23,-85.23,-72.46,-71.45,-71.53,-70.85,-69.93,2001,-68.8963,-76.7273,0,0,0,0,0
-392.9108,0.1088916,112430,100977.7,51478.15,10000,0.1096508,1.648596,-83.34,-82.97,-82.9,-74.12,-72.02,-73.05,-71.25,-69,2001,-68.8658,-76.818,0,0,0,0,0
-399.8563,0.1068544,117508.5,103823.2,51478.15,10000,3.760001,1.701819,-78.53,-79.02,-79.3,-75.35,-73.16,-74.49,-72.43,-69.96,2001,-68.8335,-76.9133,0,0,0,0,0
-529.6025,0.1051821,121393,106219.1,58309.52,5000,3.760001,1.748619,-83.11,-81.32,-80.97,-81.35,-81.59,-81.49,-81.74,-82.19,2001,-68.809,-76.9845,0,0,0,0,0
-506.2441,0.1750945,61002.05,36496.57,0,57008.77,1.190675,1.174578,NA,NA,NA,NA,NA,NA,NA,NA,2001,-68.237,-70.9338,0,0,0,0,0
-589.5406,0.2144889,66272.16,42807.71,5000,60827.63,1.089998,1.214842,NA,NA,NA,NA,NA,NA,NA,NA,2001,-68.1742,-70.8383,0,0,0,0,0
-813.7664,0.3425585,70945.4,48386.46,11180.34,60000,1.818789,1.298429,NA,NA,NA,NA,NA,NA,NA,NA,2001,-68.1212,-70.6193,0,0,0,0,0
-869.6638,0.3885886,67039.16,52974.05,21213.2,65764.73,0.5354206,1.349822,NA,NA,NA,NA,NA,NA,NA,NA,2001,-68.0727,-70.4532,0,0,0,0,0
-775.1351,0.3546375,73246.16,50695.17,14142.14,65000,1.818789,1.308197,NA,NA,NA,NA,NA,NA,NA,NA,2001,-68.0968,-70.6028,0,0,0,0,0
-829.2805,0.3425585,69641.94,47055.82,14142.14,60207.97,0.8398742,1.298429,NA,NA,NA,NA,NA,NA,NA,NA,2001,-68.1293,-70.5487,0,0,0,0,0
-879.8294,0.4057212,65193.94,53602.71,21213.2,65764.73,0.5214409,1.373694,NA,NA,NA,NA,NA,NA,NA,NA,2001,-68.0687,-70.4013,0,0,0,0,0
-786.422,0.3942789,58591.81,57775.43,20000,68007.35,0.1539171,1.357132,NA,NA,NA,NA,NA,NA,NA,NA,2001,-68.0293,-70.2388,0,0,0,0,0
-881.106,0.1136336,17000,107109.8,5000,94339.81,1.443146,1.214368,-73.97,-64.96,-62.45,-65.18,-66.07,-66.9,-67.48,-68.41,2001,-67.8752,-68.2035,0,0,0,0,0
-378.6987,0.125421,22588.71,105376.7,0,96176.92,2.398113,1.181687,NA,NA,NA,NA,NA,NA,NA,NA,2001,-67.9098,-68.1082,0,0,0,0,0
-378.6987,0.125421,21023.8,105595.9,5000,94339.81,2.398113,1.181687,NA,NA,NA,NA,NA,NA,NA,NA,2001,-67.9033,-68.1342,0,0,0,0,0
-470.6382,0.3819435,23430.75,70103.49,7071.068,77781.74,2.040949,1.324797,-74.92,-75.77,-76.48,-74.5,-74.54,-73.94,-74.26,-74.58,2001,-68.0277,-69.3787,0,0,0,0,0
-469.5695,0.23035,15652.48,58021.55,10000,62649.82,0.3308186,1.214205,NA,NA,NA,NA,NA,NA,NA,NA,2001,-68.1948,-69.1112,0,0,0,0,0
-911.1981,0.2256633,25927.79,47023.93,10000,53851.65,2.63598,1.223724,NA,NA,NA,NA,NA,NA,NA,NA,2001,-68.2958,-69.158,0,0,0,0,0
-399.7777,0.4190819,20506.1,145211.9,29154.76,75000,0.3828771,1.364954,NA,NA,NA,NA,NA,NA,NA,NA,2001,-67.295,-69.4732,0,0,0,0,0
-482.2867,0.4189425,20524.38,152749.8,35355.34,70178.34,0.3621999,1.365982,NA,NA,NA,NA,NA,NA,NA,NA,2001,-67.2348,-69.3832,0,0,0,0,0
-487.9969,0.5752863,18384.78,169503,38078.87,58523.5,0.3792838,1.404905,NA,NA,NA,NA,NA,NA,NA,NA,2001,-67.1043,-69.1688,0,0,0,0,0
-459.4112,0.2791498,107602.3,258575.4,70710.68,32015.62,0.5726559,1.901919,-80.07,-79.97,-80.29,-75.8,-75.41,-74.85,-74.92,-74.95,2001,-66.2528,-70.323,0,0,0,0,0
-480.148,0.2817046,112305.4,261527.3,66708.32,25000,0.5726559,1.874737,-84.83,-82.09,-81.91,-69.13,-70.19,-67.86,-69.42,-73.33,2001,-66.226,-70.4105,0,0,0,0,0
-488.3004,0.2781252,117305.2,264367.2,68007.35,21213.2,0.2715056,1.810166,-83.67,-82.38,-82.94,-70.23,-71.67,-68.96,-70.96,-75.65,2001,-66.1997,-70.4993,0,0,0,0,0
-473.3728,0.2759259,122304.9,267231.2,65000,14142.14,0.1731835,1.75595,-88.08,-84.41,-80.23,-79.71,-74.25,-79.51,-73.66,-71.57,2001,-66.174,-70.5883,0,0,0,0,0
-498.9135,0.2759259,127412.7,270780.3,60827.63,7071.068,0.2128058,1.75595,NA,-77.5,-77.37,-70.54,-70.74,-69.89,-70.36,-71,2001,-66.1485,-70.679,0,0,0,0,0
-493.9955,0.2797422,132412.2,273760.8,60827.63,7071.068,4.219355,1.714631,-79.87,-78.22,-78.22,-80.12,-77.1,-80.73,-76.98,-75.01,2001,-66.1233,-70.7702,0,0,0,0,0
-884.8428,0.2854286,137707.1,276668.1,57008.77,0,4.219355,1.703873,-80.16,-81.19,-81.1,-82.63,-78.07,-83.33,-77.66,-75,2001,-66.0988,-70.8638,0,0,0,0,0
-1744.068,0.2652667,142706.9,279770,58523.5,0,10.4346,1.745359,-81.02,-82.01,-82.1,-78.94,-78.51,-78.38,-78.02,-76.89,2001,-66.0748,-70.9557,0,0,0,0,0
-170.8166,0.09015072,9500,13946.33,36055.51,31622.78,1.134699,0.4368591,-83.021,-79.587,-74.578,-59.806,-60.305,-58.561,-59.273,NA,2001,-66.2,-71.053,0,0,2,1,2
-132.2844,0.09488742,15660.46,27280.95,26925.82,30413.81,2.710243,0.8420923,-80.869,-78.852,-76.741,-58.26,-58.26,-56.916,-56.916,NA,2001,-66.22,-71.084,0,0,2,1,2
-132.2844,0.09488742,16492.42,27294.69,31622.78,35355.34,2.710243,0.8420923,-80.719,-79.178,-76.383,-55.607,-55.607,-53.647,-53.647,NA,2001,-66.296,-71.207,4,2,0,0,4
-132.2844,0.09488742,17755.28,27189.15,31622.78,35355.34,2.710243,0.8420923,-81.453,-80.109,-75.204,-51.959,-51.959,-49.993,-49.993,NA,2001,-66.422,-71.381,1,1,0,0,1
-124.0379,0.0933619,8200.609,1414.214,63245.55,70178.34,0.5792092,0.9050153,NA,NA,NA,NA,NA,NA,NA,NA,2001,-66.445,-71.256,0,0,2,1,2
-513.9415,0.07395802,10111.87,6324.555,33541.02,47434.16,1.325127,0.9736071,-77.377,-73.902,-71.347,-66.149,-65.871,-65.216,-65.145,-64.978,2001,-66.473,-71.147,7,4,5,2,12
-221.8248,0.1737545,9656.604,95071.02,15811.39,101242.3,0.4627309,0.6547625,-82.557,-82.171,-79.297,-56.659,-56.458,-55.265,-55.155,NA,2001,-67.441,-70.96,3,1,0,0,3
-221.8248,0.1737545,9656.604,95071.02,15811.39,101242.3,0.4627309,0.6547625,-82.557,-82.171,-79.297,-56.659,-56.458,-55.265,-55.155,NA,2001,-67.978,-68.552,1,1,0,0,1
-210.8528,0.2077351,18439.09,88748.24,10000,96046.87,0.7133459,0.7770962,-81.671,-79.939,-76.465,-71.638,-71.638,-69.444,-69.444,NA,2001,-67.858,-68.098,3,1,0,0,3
-582.3405,0.3438878,18560.71,67742.16,11180.34,71063.35,0.6309491,1.29373,-73.696,-75.919,-76.946,-76.462,-75.785,-76.294,-75.581,-74.824,2001,-69.105,-72.588,0,0,1,1,1
-455.2307,0.4732286,20940.39,156821.5,41231.05,65764.73,0.1265919,1.377703,-79.347,-79.097,-79.097,-65.99,-67.686,-65.428,-67.405,-70.959,2001,-69.118,-72.615,0,0,1,1,1
-324.3962,0.6052794,16970.56,176332.8,33541.02,53851.65,0.5911711,1.421744,-81.256,-81.141,-82.572,-73.461,-74.023,-72.318,-73.137,-78.089,2001,-67.811,-69.195,0,0,1,1,1
-156.3591,0.1738288,1581.139,115612.5,0,82006.09,1.583362,1.119965,-74.301,-70.133,-68.052,-67.145,-67.501,-66.867,-67.411,-68.028,2001,-67.811,-69.195,9,4,0,0,9
-156.3591,0.1738288,1118.034,115965.5,NA,NA,1.583362,1.119965,-73.986,-69.473,-67.652,-66.896,-67.272,-66.66,-67.208,-67.83,2001,-67.833,-69.401,8,3,0,0,8
-189.4763,0.1987753,4472.136,127460.8,14142.14,76157.73,4.87622,0.8723768,-78.259,-74.019,-71.586,-69.597,-69.256,-69.039,-68.863,-68.583,2001,-67.753,-68.394,8,4,0,0,8
-116.506,0.1770849,2236.068,116672.6,0,81394.1,1.583362,1.098117,-73.928,-68.617,-67.303,-66.197,-66.673,-65.848,-66.565,-67.411,2001,-67.751,-68.404,3,1,0,0,3
-116.506,0.1831406,2828.427,114905.4,0,81394.1,2.956909,1.101012,-74.742,-69.401,-68.478,-66.926,-67.158,-66.464,-66.949,-67.479,2001,-67.742,-67.839,0,0,1,1,1
-135.0633,0.4193092,5315.073,151268.8,29154.76,60207.97,1.912712,1.324329,-81.256,-81.141,-82.572,-73.461,-74.023,-72.318,-73.137,-78.089,2001,-67.734,-68.466,0,0,2,1,2
-163.5397,0.4494918,6519.203,155172.5,36055.51,55000,1.912712,1.340208,-81.256,-81.141,-82.572,-73.461,-74.023,-72.318,-73.137,-78.089,2001,-67.256,-69.013,2,1,0,0,2
-659.8242,0.1418272,17585.51,110865.9,5000,91787.8,2.149404,1.114759,-81.1,-72.755,-68.121,-68.019,-67.934,-67.988,-67.887,-67.458,2001,-68.755,-71.358,7,3,0,0,7
-262.2222,0.0512243,74607.3,43894.77,4207.764,77781.74,1.049034,1.244658,NA,NA,NA,NA,NA,NA,NA,NA,2002,-68.1917,-71.788,0,0,0,0,0
-403.8943,1.016842,59550.4,185897,39973.76,85146.93,0.8428844,1.502009,-82.01,-80,-76.16,-74.4,-72.24,-73.91,-71.68,-69.3,2002,-66.2717,-68.8592,0,0,0,0,0
-411.1133,1.017425,54965.9,183591.3,35827.82,90553.85,0.8528557,1.456395,-78.05,-76.05,-75.57,-74.9,-73.13,-74.68,-72.75,-70.92,2002,-66.2897,-68.7607,0,0,0,0,0
-455.5919,1.015725,51264.02,180948.6,31837.51,90553.85,0.8400909,1.435274,-75.4,-77.33,-78.37,-77.19,-75.11,-76.83,-74.65,-72.7,2002,-66.3073,-68.6852,0,0,0,0,0
-463.8778,1.040948,58105.51,133996,43372.64,84852.81,0.9102463,1.46677,NA,NA,NA,NA,NA,NA,NA,NA,2002,-66.8498,-69.873,0,0,0,0,0
-474.9244,0.9995567,46861.5,124332.6,35827.82,83216.59,0.7583936,1.38774,NA,NA,NA,NA,NA,NA,NA,NA,2002,-66.9105,-69.6533,0,0,0,0,0
-495.7556,0.9998809,41367.26,118027.8,31628.28,76321.69,0.7418573,1.367757,NA,NA,NA,NA,NA,NA,NA,NA,2002,-66.9417,-69.5485,0,0,0,0,0
-533.7359,0.9985867,36062.45,113306.7,30123.01,73824.12,0.5983,1.372379,NA,NA,NA,NA,NA,NA,NA,NA,2002,-66.9778,-69.4582,0,0,0,0,0
-487.2049,0.9937809,24418.23,104162.1,21965.17,60415.23,0.2621666,1.390272,NA,NA,NA,NA,NA,NA,NA,NA,2002,-67.0408,-69.2432,0,0,0,0,0
-504.8912,0.9997323,20934.42,101158.7,17349.06,60415.23,0.2621666,1.405309,NA,NA,NA,NA,NA,NA,NA,NA,2002,-67.059,-69.1688,0,0,0,0,0
-3403.257,1.171359,173415.7,205053,51962.05,10000,0.4228501,1.874659,-83.6,-84.72,-85.49,-75.99,-75.71,-75.06,-75.22,-75.4,2002,-66.623,-72.4755,0,0,0,0,0
-3488.79,1.264927,175990.1,200744.4,56453.08,10000,0.5761357,1.784998,-81.51,-83.06,-84.29,-79.57,-77.68,-78.59,-77.04,-75.75,2002,-66.6475,-72.575,0,0,0,0,0
-3477.414,1.320253,178506.3,197667.5,60246.02,11180.34,0.835941,1.72735,-87.61,-86.03,-86.03,-81.97,-77.71,-81.14,-77.25,-75.94,2002,-66.6698,-72.6732,0,0,0,0,0
-3506.925,1.355154,181837.8,192442.8,63151.52,15000,0.8606898,1.712204,-82.6,-82.75,-82.75,-73.53,-74.56,-72.78,-74.18,-76.36,2002,-66.6877,-72.7832,0,0,0,0,0
-3451.885,1.320771,184560.3,189505.6,65355.94,15000,0.8137271,1.721663,-85.1,-85.86,-77.56,-72.12,-72.81,-71.14,-72.15,-76.21,2002,-66.7117,-72.89,0,0,0,0,0
-3453.269,1.25364,188095.7,184439.2,70691.69,15811.39,0.61748,1.749225,-81.52,-81.85,-82.73,-72.9,-74.17,-71.69,-73.48,-78.04,2002,-66.7295,-73.0055,0,0,0,0,0
-3572.204,1.023997,198742.3,184197.3,70315,25000,0.5114034,1.865473,-83.76,-84.09,-85.06,-70.8,-72.07,-69.51,-71.34,-75.29,2002,-66.7113,-73.2482,0,0,0,0,0
-3614.544,1.003407,201948.6,183827.2,71470.09,25000,0.2990426,1.884804,-81.35,-82.94,-84.08,-69.98,-70.78,-68.7,-69.83,-75.54,2002,-66.7053,-73.32,0,0,0,0,0
-237.0856,0.1405119,13462.91,12589.63,4207.764,91923.88,2.061712,1.080368,-88.8,-79.22,-73.83,-65.06,-65.06,-63.68,-63.68,NA,2002,-67.8725,-67.861,0,0,0,0,0
-290.8695,0.003095184,12727.92,12687.61,0,88459.03,0.7341985,1.105137,-77.08,-73.67,-69.68,-65.06,-65.28,-64.09,-64.45,NA,2002,-67.888,-67.7385,0,0,0,0,0
-191.3019,0.1289416,16000,8474.654,4704.423,95524.87,0.28422,1.076234,NA,NA,NA,NA,NA,NA,NA,NA,2002,-67.9383,-67.775,0,0,0,0,0
-229.263,0.2405138,20554.8,6294.815,7585.655,102591.4,0.6462722,1.057252,NA,NA,NA,NA,NA,NA,NA,NA,2002,-67.9733,-67.8415,0,0,0,0,0
-335.4458,0.4327756,25985.57,0,8415.528,109658.6,0.2820806,1.042224,NA,NA,NA,NA,NA,NA,NA,NA,2002,-68.0208,-67.9277,0,0,0,0,0
-370.1384,0.6407477,31910.03,4451.106,6653.059,109201.6,1.040637,1.037734,NA,NA,NA,NA,NA,NA,NA,NA,2002,-68.0712,-68.0027,0,0,0,0,0
-479.8323,0.822779,32422.99,11127.77,0,103077.6,0.4768355,1.109644,NA,NA,NA,NA,NA,NA,NA,NA,2002,-68.1172,-68.0888,0,0,0,0,0
-422.3524,0.9874293,29300.17,16728.7,4207.764,97082.44,0.2856918,1.273661,NA,NA,NA,NA,NA,NA,NA,NA,2002,-68.1602,-68.1813,0,0,0,0,0
-121.9763,0.9329011,10000,47784.65,21038.82,91923.88,1.441554,0.1627914,-65.41,-68.23,-69.81,-71.13,-71.13,-74.57,NA,NA,2002,-67.6295,-69.379,0,0,0,0,0
-259.1157,0.892306,11500,41991.65,18934.94,98488.58,0.9444042,0.295413,-73.08,-74.71,-76.25,-70.53,-69.76,-69.46,-68.84,NA,2002,-67.6757,-69.3747,0,0,0,0,0
-406.715,0.9046732,13601.47,39342.59,19396.83,100623.1,0.9444042,0.2557831,-80.38,-81.55,-81.32,-70.3,-69.11,-68.99,-68.2,NA,2002,-67.7142,-69.3787,0,0,0,0,0
-201.7287,0.9721097,17492.86,35364.59,18817.69,102956.3,0.5108259,0.1070067,-80.51,-82.58,-83.22,-72.09,-72.09,-70.16,-70.16,NA,2002,-67.7623,-69.3803,0,0,0,0,0
-180.2643,0.8065362,13000,28932.19,23987.95,99247.16,0.4627309,0.08432041,NA,NA,NA,NA,NA,NA,NA,NA,2002,-67.8077,-69.2723,0,0,0,0,0
-191.7863,0.2857909,8139.41,24430.45,25334.1,98994.95,0.4627309,0.06250056,NA,NA,NA,NA,NA,NA,NA,NA,2002,-67.8232,-69.1633,0,0,0,0,0
-160.9161,0.005468739,6184.658,20995.83,22364.57,98994.95,0.4169356,0.01069717,-95.58,-91.36,-85.61,-81.25,-81.25,NA,NA,NA,2002,-67.8412,-69.0912,0,0,0,0,0
-164.0665,0.2220313,3535.534,16429.95,17852.03,99247.16,0.7749721,0.1196736,-83.99,-86.32,-83.3,-73.89,-73.89,-72.2,-72.2,NA,2002,-67.8393,-68.9525,0,0,0,0,0
-157.4784,0.5308322,6946.222,14075.63,11901.35,99247.16,0.9335248,0.4014787,-87.41,-85.22,-80.01,-73.54,-73.37,-72.42,-72.4,NA,2002,-67.8487,-68.8373,0,0,0,0,0
-543.6804,0.896332,37483.33,62948.15,4704.423,71589.1,0.6063756,1.059243,-69.21,-64.3,-63.4,-66.96,-67.78,-69.82,-70.49,NA,2002,-68.577,-68.3662,0,0,0,0,0
-423.8494,0.8959352,42109.98,60316.19,2103.882,70710.68,0.6063756,1.09977,-70.6,-67.28,-65.2,-68.42,-69,-70.71,-70.95,-71.53,2002,-68.5512,-68.4645,0,0,0,0,0
-500.6689,0.9232267,47835.66,55281.59,0,65192.02,1.753093,1.172161,-68.14,-66.72,-65.3,-67.64,-68.14,-69.03,-69.39,-70.5,2002,-68.5232,-68.577,0,0,0,0,0
-599.792,0.9706423,46381.57,50456.78,2975.339,60000,2.4391,1.2291,-70.17,-66.45,-64.91,-67.3,-68.4,-68.73,-69.76,-71.65,2002,-68.5,-68.6612,0,0,0,0,0
-635.8281,0.9923642,43416.59,47158.63,5950.677,60000,2.085472,1.261161,-68.55,-65.71,-65.24,-67.93,-69.1,-69.54,-70.59,-72.51,2002,-68.4792,-68.736,0,0,0,0,0
-599.792,0.9786227,44634.63,48810.19,4207.764,60000,2.4391,1.240302,-70.78,-66.69,-65.21,-67.58,-68.66,-68.99,-69.99,-71.82,2002,-68.4865,-68.6965,0,0,0,0,0
-625.6592,0.9193198,58576.87,110697.5,33924.08,90138.78,0.3063886,1.452314,-77.1,-76.88,-76.88,-69.25,-70.94,-68.68,-70.69,-73.67,2002,-67.1845,-70.3057,0,0,0,0,0
-550.944,1.16354,68952.88,120847.7,45416.57,79056.95,0.4496198,1.415274,-73.62,-75.38,-76.9,-76.12,-75.6,-75.88,-75.38,-74.77,2002,-67.1293,-70.5047,0,0,0,0,0
-509.5371,1.458466,74338.75,125994.6,50580.75,72111.02,0.3597437,1.386189,NA,NA,NA,-72.7,-70.65,-72.61,-70.6,-69.24,2002,-67.1007,-70.599,0,0,0,0,0
-492.8723,1.915741,79727.66,130911,55224.4,65192.02,0.3041603,1.360022,NA,-83.75,-84.1,-78.78,-73.85,-77.8,-73.15,-70.68,2002,-67.0727,-70.6923,0,0,0,0,0
-477.5795,1.334874,100793.1,149559.8,75417.64,47169.91,0.1556652,1.407227,-78.2,-74.04,-74.95,-74.34,-72.71,-74.14,-72.33,-70.42,2002,-66.9557,-71.0692,0,0,0,0,0
-472.915,1.021228,120376.5,168511.3,86259.16,25000,0.07925171,1.383841,-76.08,-76.45,-74.01,-72.69,-70.71,-72.3,-70.24,-68.35,2002,-66.8483,-71.434,0,0,0,0,0
-3014.469,1.021746,157484.1,265960.6,50668.19,5000,0.9887365,1.71603,NA,NA,NA,NA,NA,NA,NA,NA,2002,-65.7172,-70.5932,0,0,0,0,0
-2623.298,1.038495,151632.8,259680.2,53638.68,0,6.528061,1.772059,NA,NA,NA,NA,NA,NA,NA,NA,2002,-65.7583,-70.5155,0,0,0,0,0
-1887.332,1.014508,146428.3,254983.7,56648.76,0,10.64878,1.819836,NA,NA,NA,NA,NA,NA,NA,NA,2002,-65.7968,-70.4465,0,0,0,0,0
-534.1376,0.2162583,81513.8,59134.42,16831.06,90138.78,1.502627,1.338183,-79.09,-78.43,-78.78,-73.6,-72.09,-72.91,-71.68,-70.65,2002,-67.9003,-70.907,0,0,0,0,0
-481.5226,0.07792141,84572.45,66859.27,19396.83,95131.48,0.5651877,1.345582,-81.52,-82.68,-83.07,-78.48,-73.96,-77.6,-73.27,-70.62,2002,-67.8673,-71.021,0,0,0,0,0
-420.7094,0.000804544,88319.02,71095.89,24625.31,100498.8,0.5538012,1.346911,-90.32,-86.71,-87.34,-84.86,-82.91,-84.33,-82.28,-78.02,2002,-67.8437,-71.1213,0,0,0,0,0
-440.9134,0.3435756,91806.86,82345.47,31063.45,109201.6,0.3295892,1.360853,NA,NA,NA,-69.3,-67.14,-68.97,-66.93,-64.88,2002,-67.7613,-71.2743,0,0,0,0,0
-420.6945,0.5260539,96131.42,86568.01,35766,107004.7,0.3602003,1.366485,NA,NA,NA,-71.42,-67.17,-71.42,-67.17,-64.46,2002,-67.7468,-71.389,0,0,0,0,0
-425.2508,0.6762523,100551,89258.28,41495.04,1e+05,0.4124015,1.388773,-76.39,-77.54,-78.61,-74.61,-70.22,-73.76,-69.44,-66.2,2002,-67.7275,-71.4983,0,0,0,0,0
-426.3466,0.8024548,104068.5,93499.73,47278.87,93005.38,0.235591,1.414488,NA,NA,NA,-70.62,-67.74,-70.34,-67.56,-65,2002,-67.7028,-71.5938,0,0,0,0,0
-427.08,0.9380019,107383.7,96459.18,49115.62,89022.47,0.2265553,1.436707,-80.23,-80.23,-80.23,-70.59,-68.74,-70.36,-68.58,-66.53,2002,-67.6757,-71.6872,0,0,0,0,0
-461.3279,0.9231515,136066.2,85575.34,24625.31,47434.16,0.1775375,1.456648,NA,NA,NA,NA,NA,NA,NA,NA,2002,-67.7578,-72.9508,0,0,0,0,0
-446.1143,0.8838615,131248.8,85907.51,22659.5,53851.65,0.1705803,1.446252,NA,NA,NA,NA,NA,NA,NA,NA,2002,-67.789,-72.8507,0,0,0,0,0
-457.4322,0.8909087,125897.8,87972.71,19847.98,55901.7,0.1458315,1.48101,NA,NA,NA,NA,NA,NA,NA,NA,2002,-67.8222,-72.7307,0,0,0,0,0
-442.3713,0.9365134,120175.9,88687.66,16431.84,62649.82,0.2253945,1.623085,NA,NA,NA,NA,NA,NA,NA,NA,2002,-67.8583,-72.6143,0,0,0,0,0
-448.2907,0.02401566,128340.4,25375.21,36012.66,36055.51,0.2291179,1.384119,-82.48,-83.31,-82.54,-71.66,-72.14,-70.42,-71.28,-73.97,2002,-68.5258,-74.9465,0,0,0,0,0
-429.6304,0.001124993,132229,19718.45,40194.61,31622.78,0.2291179,1.379356,-83.73,-82.08,-81.66,-68.03,-68.89,-66.76,-67.91,-76.81,2002,-68.5,-75.0253,0,0,0,0,0
-429.6304,0.000479113,133997.2,19718.45,40194.61,29154.76,0.1698607,1.379356,-79.62,-79.86,-80.45,-81.48,-77.59,-81.92,-77.07,-72.48,2002,-68.4918,-75.0448,0,0,0,0,0
-2082.661,0.9996874,162795.9,8474.654,69936.28,0,11.27034,1.821603,-84.17,-81.46,-80.59,-78.9,-78.45,-78.42,-78.06,-77.33,2002,-68.287,-75.6903,0,0,0,0,0
-259.3084,NA,7615.773,NA,NA,55000,2.769968,NA,NA,NA,NA,NA,NA,NA,NA,NA,2002,-66.5297,-67.0983,0,0,0,0,0
-312.779,NA,5220.153,NA,NA,60207.97,0.7845691,NA,NA,NA,NA,NA,NA,NA,NA,NA,2002,-66.4795,-67.0362,0,0,0,0,0
-352.602,0.8289687,117924.8,47158.63,9408.847,39051.25,0.5383691,1.304015,-82.83,-82.83,-82.83,-76.88,-74.73,-76.69,-74.55,-69.65,2002,-68.0532,-73.4642,0,0,0,0,0
-404.3463,0.8597116,122940,46710.11,15171.31,32015.62,0.4794316,1.359441,NA,NA,NA,NA,NA,NA,NA,NA,2002,-68.0233,-73.5558,0,0,0,0,0
-421.4822,0.9742963,131720.3,46710.11,23802.71,21213.2,0.3732333,1.348477,NA,NA,NA,NA,NA,NA,NA,NA,2002,-67.9707,-73.731,0,0,0,0,0
-433.1379,0.9783902,139773,46789.57,31276.46,14142.14,0.2131692,1.428036,-81.47,-80.04,-80.76,-81.8,-72.83,-82.15,-72.25,-68.68,2002,-67.9218,-73.876,0,0,0,0,0
-426.8517,0.9990386,143883.6,46736.62,37221.47,11180.34,0.1555923,1.638981,-80.46,-81.21,-81.87,-82.04,-75.48,-82.1,-74.77,-70.88,2002,-67.8987,-73.9597,0,0,0,0,0
-416.1814,0.972843,149893.3,48171.79,41654.74,5000,4.140381,1.588917,-76.24,-76.89,-76.89,-77.32,-75.55,-77.39,-75.45,-73.89,2002,-67.867,-74.0752,0,0,0,0,0
-392.9108,0.008194706,113750.8,65889.16,49653.4,10000,0.1896965,1.70635,NA,NA,NA,NA,NA,NA,NA,NA,2002,-68.8633,-76.8602,0,0,0,0,0
-399.8563,0.001831094,118239.2,63904.77,54294.83,5000,3.760001,1.790228,NA,NA,NA,NA,NA,NA,NA,NA,2002,-68.832,-76.9512,0,0,0,0,0
-389.3226,0.01127096,118111.2,72081.81,58493.98,5000,1.380412,1.674488,NA,NA,NA,NA,NA,NA,NA,NA,2002,-68.8778,-77.1733,0,0,0,0,0
-429.1415,0.01381647,117325.4,81605.3,61012.58,5000,1.816201,1.499003,NA,NA,NA,NA,NA,NA,NA,NA,2002,-68.9352,-77.3733,0,0,0,0,0
-535.07,0.01156556,117180.4,85864.25,62446.68,5000,2.932295,1.42514,NA,NA,NA,NA,NA,NA,NA,NA,2002,-68.9617,-77.4618,0,0,0,0,0
-519.001,7.7e-05,50202.09,20458.15,10519.41,49244.29,0.5811222,1.329101,-80.78,-77.34,-76.6,-72.81,-72.36,-71.98,-71.7,-70.94,2002,-68.3417,-70.946,0,0,0,0,0
-666.8828,0.004471301,45568.63,16949.31,10519.41,44721.36,1.452796,1.299181,NA,-75.02,-73.32,-70.85,-71.14,-70.49,-70.96,-71.58,2002,-68.3722,-70.8687,0,0,0,0,0
-819.4479,0.005467059,33559.65,11984.97,9408.847,29154.76,1.033063,1.294634,-76.85,-75.25,-73.89,-72.29,-72.25,-71.83,-71.94,-72.11,2002,-68.4592,-70.662,0,0,0,0,0
-443.6242,0,86834.61,57283.68,0,65192.02,0.1402759,1.109434,NA,NA,NA,NA,NA,NA,NA,NA,2002,-68.9497,-75.1058,0,0,0,0,0
-410.2253,0,83103.85,55816.59,4207.764,68007.35,0.3810412,1.086305,NA,NA,NA,NA,NA,NA,NA,NA,2002,-68.9823,-75.0178,0,0,0,0,0
-345.9275,0,78716.27,59924.85,6653.059,69462.22,0.3092934,1.08423,NA,NA,NA,NA,NA,NA,NA,NA,2002,-69.0178,-75.0437,0,0,0,0,0
-407.6574,0,78339.01,61374.45,5950.677,69462.22,0.3092934,1.085972,NA,NA,NA,NA,NA,NA,NA,NA,2002,-69.0217,-75.0795,0,0,0,0,0
-354.5065,0,78302.3,57714.39,9408.847,72111.02,0.3092934,1.083026,NA,NA,NA,NA,NA,NA,NA,NA,2002,-69.0233,-74.9835,0,0,0,0,0
-378.5874,0,78582.76,54899.48,11329.75,79056.95,0.2779683,1.08244,NA,NA,NA,NA,NA,NA,NA,NA,2002,-69.023,-74.8832,0,0,0,0,0
-376.3405,0,75856.77,54560.11,14876.69,79056.95,0.1688558,1.064074,NA,NA,NA,NA,NA,NA,NA,NA,2002,-69.0495,-74.7832,0,0,0,0,0
-491.6664,1.000648,68104.7,168746.3,48935.05,67268.12,0.1937729,1.80523,-77.45,-77.94,-79,-75.16,-72.42,-74.33,-71.65,-68.63,2002,-66.4907,-69.677,0,0,0,0,0
-467.5104,1.018665,56905.63,159884,36742.72,81394.1,0.4399703,1.615485,NA,NA,NA,-70.94,-69.43,-70.94,-69.43,-68.25,2002,-66.5498,-69.4843,0,0,0,0,0
-444.5888,1.021838,51502.43,155374.9,32045.38,84852.81,0.8643931,1.521896,-79.61,-78.49,-77.65,-70.12,-68.45,-69,-67.72,-66.43,2002,-66.5793,-69.3865,0,0,0,0,0
-360.0796,1.011845,41617.3,148779.5,23522.12,80622.58,0.4991478,1.387593,-78.16,-79.37,-80.1,-74.69,-70.79,-73.67,-69.86,-65.9,2002,-66.6203,-69.1885,0,0,0,0,0
-348.2595,1.004919,36211.19,146295.2,17852.03,73824.12,0.5307087,1.340557,NA,NA,NA,-72.14,-70.3,-72.33,-70.33,NA,2002,-66.6475,-69.0913,0,0,0,0,0
-316.9634,1.001132,30805.84,142017.5,13306.12,67082.04,0.5942379,1.351545,NA,-87.07,-85.97,-74.21,-72.94,-73.09,-71.91,NA,2002,-66.6737,-68.9967,0,0,0,0,0
-316.3698,1.000011,27018.51,139696.7,8674.528,67082.04,0.7492712,1.3683,-73.34,-74.96,-76.35,-74.28,-73.97,-73.73,-73.38,NA,2002,-66.6843,-68.9103,0,0,0,0,0
-509.3148,1.002587,23323.81,143543.9,2975.339,63245.55,1.181257,1.232337,NA,NA,NA,NA,NA,NA,NA,NA,2002,-66.6428,-68.741,0,0,0,0,0
-668.1725,0.6922016,44102.15,4721.111,0,47169.91,0.7199455,1.170161,NA,-81.76,-82.06,-77.63,-75.29,-76.74,-74.51,-71.72,2002,-68.2072,-69.865,0,0,0,0,0
-632.6796,0.9675831,38265.52,2225.553,7585.655,49497.48,1.564879,1.322943,NA,NA,NA,-75.87,-74.18,-75.26,-73.85,-72.74,2002,-68.253,-69.6672,0,0,0,0,0
-659.8013,0.9997153,36390.25,7868.519,8415.528,46097.72,0.5654794,1.353801,-58.8,-61.72,-63.37,-68.2,-68.59,-73.88,-72.09,-69.87,2002,-68.2723,-69.5838,0,0,0,0,0
-911.1981,0.8303924,24703.24,19465.64,7585.655,55901.7,2.63598,0.9324974,NA,NA,NA,NA,NA,NA,NA,NA,2002,-68.2792,-69.1807,0,0,0,0,0
-292.7455,0.8451525,20615.53,22031.85,13306.12,65000,1.256684,0.8673165,NA,NA,NA,NA,NA,NA,NA,NA,2002,-68.2675,-69.0135,0,0,0,0,0
-311.698,0,16124.52,11127.77,18098.28,38078.87,0.4791525,0.6190813,-91.67,-86.43,-80.6,-62.22,-63.28,-60.91,-62.38,NA,2002,-68.694,-71.0632,0,0,0,0,0
-220.1093,0,18668.15,7868.519,16022.69,40311.29,0.2492075,0.6592839,-91.97,-83.43,-76.84,-59.21,-59.58,-57.9,-58.4,NA,2002,-68.6727,-71.1297,0,0,0,0,0
-172.7682,0,19455.08,2225.553,21455.47,44721.36,1.067278,0.4798865,-87.07,-79.2,-74.75,-59.24,-59.8,-57.95,-58.69,NA,2002,-68.6682,-71.252,0,0,0,0,0
-161.4645,0,25317.98,8902.213,25421.3,50249.38,0.592689,0.00120605,-76.08,-72.98,-71.04,-65.06,-65.06,-62.46,NA,NA,2002,-68.6198,-71.5447,0,0,0,0,0
-179.1635,0.000961823,28160.26,11127.77,26361.57,50990.2,1.571078,0.03898323,-79.58,-75.48,-73.43,-68.04,-68.04,-66.01,-66.01,NA,2002,-68.5972,-71.5842,0,0,0,0,0
-574.2534,0.008988903,31819.8,16202.27,21660.79,47434.16,1.381449,0.2260642,-83.18,-75.35,-72.76,-70.61,-70.33,-70.01,-69.97,-69.91,2002,-68.5713,-71.6857,0,0,0,0,0
-643.4383,0.03628835,36086.7,21404.69,16962.04,47434.16,0.830125,0.4678335,-80.79,-76.49,-74.22,-69.29,-69.28,-68.34,-68.78,-69.28,2002,-68.5397,-71.7722,0,0,0,0,0
-517.1151,0.04904431,40000,25228.39,11329.75,44721.36,1.056952,0.7257921,-88.12,-75.93,-72.94,-70.51,-70.93,-69.89,-70.63,-71.7,2002,-68.5145,-71.8738,0,0,0,0,0
-186.03,0.02872756,29887.29,3147.407,27350.47,15811.39,1.154932,0.76306,NA,NA,NA,NA,NA,NA,NA,NA,2002,-68.7308,-72.4,0,0,0,0,0
-323.7648,0.03245829,32984.84,7037.817,21965.17,22360.68,1.509595,0.7656516,NA,NA,NA,NA,NA,NA,NA,NA,2002,-68.684,-72.3293,0,0,0,0,0
-665.1015,0.03831074,37121.42,12977.09,14876.69,29154.76,0.4649706,0.8103591,NA,NA,NA,NA,NA,NA,NA,NA,2002,-68.6288,-72.259,0,0,0,0,0
-375.6298,0.03768215,41270.45,20458.15,8415.528,36055.51,0.8504061,0.9132479,NA,NA,NA,NA,NA,NA,NA,NA,2002,-68.5633,-72.185,0,0,0,0,0
-496.3188,0.05376631,44813.5,28889.36,4207.764,43011.63,0.1476039,1.003837,NA,NA,NA,NA,NA,NA,NA,NA,2002,-68.5055,-72.1068,0,0,0,0,0
-291.5659,0.05193554,50089.92,34514.02,2103.882,50000,1.038622,1.067809,NA,NA,NA,NA,NA,NA,NA,NA,2002,-68.4423,-72.0263,0,0,0,0,0
-348.1468,0.07085623,54509.17,34514.02,2975.339,57008.77,0.5931159,1.064368,NA,NA,NA,NA,NA,NA,NA,NA,2002,-68.3895,-71.9398,0,0,0,0,0
-229.4216,0.08805845,59753.66,34941.89,4704.423,64031.24,1.031125,1.064552,NA,NA,NA,NA,NA,NA,NA,NA,2002,-68.3355,-71.881,0,0,0,0,0
-480.4264,1.806505,85984.01,113481.4,49115.62,79056.95,0.06807847,1.388358,NA,NA,NA,NA,NA,NA,NA,NA,2002,-67.3412,-71.127,0,0,0,0,0
-495.1739,1.298531,78410.77,109595.8,43168.05,80777.47,0.3525326,1.416099,NA,NA,NA,NA,NA,NA,NA,NA,2002,-67.339,-70.9467,0,0,0,0,0
-551.929,0.9167044,70123.11,104636.5,36196.55,88600.23,0.5194623,1.460556,NA,NA,NA,NA,NA,NA,NA,NA,2002,-67.336,-70.7447,0,0,0,0,0
-609.5404,0.5545079,55195.11,103266.6,26612.24,91787.8,0.356795,1.538623,NA,NA,NA,NA,NA,NA,NA,NA,2002,-67.2643,-70.3215,0,0,0,0,0
-606.5014,1.000266,62932.5,117943.8,42287.51,82006.09,0.4801219,1.404639,NA,NA,NA,NA,NA,NA,NA,NA,2002,-67.12,-70.3262,0,0,0,0,0
-612.3513,0.006203878,90443.35,14163.33,12623.29,58309.52,0.712943,1.301717,-81.68,-80.16,-81.13,-79.48,-76.39,-79.01,-75.77,-72.84,2002,-68.464,-73.7343,0,0,0,0,0
-594.5554,0.01082767,88116.4,14163.33,10519.41,54083.27,0.5096502,1.308176,NA,NA,NA,NA,NA,NA,NA,NA,2002,-68.4815,-73.7147,0,0,0,0,0
-526.9732,0.04042404,82651.38,20458.15,4704.423,51478.15,0.3720039,1.270929,NA,NA,NA,NA,NA,NA,NA,NA,2002,-68.4907,-73.5548,0,0,0,0,0
-588.5092,0.08114067,71281.13,20518.59,2975.339,40311.29,0.5421979,1.060832,-83.99,-82.99,-82.99,-75.29,-73.28,-74.47,-72.91,-72.11,2002,-68.5593,-73.3625,0,0,0,0,0
-645.2304,0.07869422,66981.34,18949.9,7585.655,33541.02,0.5421979,0.9557384,-83.87,-79.03,-78.71,-76.24,-73.74,-75.61,-73.24,-71.67,2002,-68.5853,-73.2785,0,0,0,0,0
-204.3229,0,31100.64,93168.05,47605.42,105475.1,0.840489,0.04117985,NA,NA,NA,NA,NA,NA,NA,NA,2002,-69.515,-74.437,0,0,0,0,0
-240.7303,0,33301.65,90689.59,44630.08,105475.1,0.8207523,0.2202437,NA,NA,NA,NA,NA,NA,NA,NA,2002,-69.4848,-74.467,0,0,0,0,0
-408.9944,0,33305.41,90689.59,35704.06,105119,0.4146807,0.5801694,NA,NA,NA,NA,NA,NA,NA,NA,2002,-69.4467,-74.6782,0,0,0,0,0
-292.7261,0,30886.89,93711.38,32728.72,109658.6,0.5382813,0.6391817,NA,NA,NA,NA,NA,NA,NA,NA,2002,-69.4592,-74.7847,0,0,0,0,0
-342.5505,0,27060.12,97124.42,31276.46,114236.6,0.4522018,0.6555058,NA,NA,NA,NA,NA,NA,NA,NA,2002,-69.4898,-74.8248,0,0,0,0,0
-2975.791,0.9674456,203802,74081.17,99684.95,38078.87,0.8075892,1.85771,-78.66,-79.2,-78,-69.34,-71.11,-68.17,-70.51,-77.21,2002,-67.5847,-75.1965,0,0,0,0,0
-3013.47,0.9222661,201040.4,69135.59,98186.17,41231.05,1.128851,1.822645,-84.55,-83.16,-82.04,-75.82,-75.82,-74.67,-75.23,-75.84,2002,-67.623,-75.2133,0,0,0,0,0
-3013.714,0.8095536,187859.7,54967.11,88087.11,26925.82,1.287071,1.73538,-87.34,-85.06,-84.4,-79.2,-77.64,-78.44,-77.2,-76.12,2002,-67.7522,-75.1322,0,0,0,0,0
-3044.82,0.7691324,183647.1,50799.2,84155.28,26925.82,1.788263,1.703516,-82.28,-76.08,-77.57,-74.51,-75.1,-73.74,-74.77,-76.04,2002,-67.7932,-75.0898,0,0,0,0,0
-3073.475,0.7193328,179011.2,46284.02,81700,22360.68,1.226642,1.680209,-80.68,-79.36,-80.64,-76.79,-77.41,-75.97,-76.98,-78.57,2002,-67.8355,-75.0527,0,0,0,0,0
-2982.871,0.6543663,174207.5,40337.19,79391.94,14142.14,1.052521,1.656694,-74.67,-75.89,-77.05,-78.01,-78.26,-78.3,-78.44,-78.62,2002,-67.8805,-75.0252,0,0,0,0,0
-2870.655,0.5406894,170130.8,35885.96,75885.72,10000,0.6862724,1.621331,-72.52,-75.22,-75.88,-70.45,-72.14,-69.48,-71.76,-75.34,2002,-67.9245,-75.0018,0,0,0,0,0
-2746.942,0.4374712,165844.8,30918.37,72910.98,5000,0.7617396,1.600425,-76.6,-79.36,-80.7,-77.5,-76.62,-76.76,-76.15,-75.52,2002,-67.9683,-74.975,0,0,0,0,0
-305.6649,0.05060203,27829.84,52900.79,2975.339,28284.27,1.266819,1.219787,NA,NA,NA,NA,NA,NA,NA,NA,2002,-68.9627,-69.3635,0,0,0,0,0
-332.8426,0.1154739,24331.05,47342.07,2103.882,25000,2.663548,1.202461,NA,NA,NA,NA,NA,NA,NA,NA,2002,-68.9363,-69.4555,0,0,0,0,0
-794.4085,0.02274015,10111.87,35189.09,9408.847,7071.068,0.7719381,1.248023,-65.85,-65.63,-65.63,-66.02,-67.61,-66.08,-67.78,-70.47,2002,-68.8903,-69.8247,0,0,0,0,0
-1183.208,0.001032096,6020.797,33085.23,9408.847,7071.068,3.667871,1.264844,-70.03,-66.04,-64.9,-66.37,-67.33,-66.87,-67.89,-70.08,2002,-68.893,-69.9247,0,0,0,0,0
-448.6916,1.163297,91021.98,188844.5,71408.13,46097.72,0.433879,1.656732,-83.8,-82.66,-82.66,-76.61,-72.66,-75.8,-72.16,-70.19,2002,-66.3602,-70.0647,0,0,0,0,0
-446.0976,1.126239,96127.52,193565.6,75885.72,42426.41,0.366727,1.6729,-69.77,-69.2,-71.1,-75.64,-73.31,-79.4,-73.87,-70.88,2002,-66.3317,-70.1562,0,0,0,0,0
-2986.371,1.045484,152601.6,240370,26778.05,7071.068,3.32214,1.986453,-87.29,-89.29,-85.19,-80.57,-80.93,-79.66,-80.42,-81.6,2002,-66.0668,-71.2058,0,0,0,0,0
-2713.158,1.264976,150904.8,235950.6,26778.05,5000,2.949187,1.913818,-87.07,NA,NA,-78.71,-77.27,-78.06,-76.97,-76.29,2002,-66.1065,-71.2278,0,0,0,0,0
-2827.512,1.373681,149201.2,231826.4,28304.84,7071.068,2.949187,1.815938,-80.45,-80.73,-80.73,-75.08,-75.59,-74.56,-75.35,-76.19,2002,-66.1493,-71.249,0,0,0,0,0
-2668.783,1.001912,191013.8,134466.5,99239.92,0,10.74742,1.870536,-79.51,-80.32,NA,-72.34,-73.15,-71.71,-72.85,NA,2002,-67.1313,-73.4763,0,0,0,0,0
-3153.254,0.9970571,195425.8,131815.9,96801.44,0,7.77496,1.840486,-81.54,-82.04,-82.04,-70.75,-72.35,-70.11,-72.04,-75.54,2002,-67.152,-73.5877,0,0,0,0,0
-3254.18,0.96957,198957.3,127945.1,94674.7,5000,4.03908,1.791902,-83.88,NA,NA,-70.1,-71.46,-69.32,-71,NA,2002,-67.1788,-73.6915,0,0,0,0,0
-3260.743,0.9098419,203485.9,124730.3,94768.16,10000,1.048181,1.736431,-80.51,-80.63,NA,-79.57,-76.4,-79.45,-76.27,-75.03,2002,-67.1957,-73.8103,0,0,0,0,0
-3196.865,0.8805808,208062.5,121756.3,95257.31,7071.068,1.252801,1.7021,-80.98,-82.13,NA,-72.75,-73.84,-71.63,-73.17,-76.96,2002,-67.2115,-73.9327,0,0,0,0,0
-3133.744,0.8734855,210965,118237.4,95813.3,11180.34,0.8603028,1.689627,-81.22,-82.6,-82.46,-79.64,-76.76,-79.03,-76.26,-74.42,2002,-67.2278,-74.0513,0,0,0,0,0
-3046.156,0.9053368,211854.9,115525.3,96984.17,14142.14,0.8471469,1.681284,-80.81,-81.09,NA,-82.25,-76.76,-82.54,-76.52,-74.72,2002,-67.2455,-74.1717,0,0,0,0,0
-2987.325,0.9386199,214572.3,115138.8,100017.4,21213.2,0.6664867,1.679984,-82.82,-83.29,-84.31,-78.91,-78.51,-77.92,-77.97,-77.97,2002,-67.2442,-74.2937,0,0,0,0,0
-518.2897,0.8643194,23086.79,59924.85,6653.059,40311.29,0.6868171,0.9679847,-64.98,-63.87,-62.86,-64.89,-65.81,-65.94,-66.69,-67.74,2002,-68.9295,-69.0188,0,0,0,0,0
-240.9477,0.6702437,21272.05,60786.54,4207.764,43011.63,0.8229914,1.028347,-67.97,-66.16,-65.2,-65.91,-66.21,-66.2,-66.44,NA,2002,-68.9555,-69.0357,0,0,0,0,0
-714.2661,1.001632,30675.72,167797,18817.69,75166.48,0.2376858,1.462933,-73.65,-74.82,-74.82,-75.07,-73.64,-75.13,-73.54,-72.55,2002,-66.4187,-68.3225,0,0,0,0,0
-412.0766,0,37030.39,133551.7,0,83815.27,0.6629878,1.131309,NA,NA,NA,NA,NA,NA,NA,NA,2002,-69.5523,-76.3017,0,0,0,0,0
-428.2058,0,36458.88,128408.8,0,85440.04,0.5699278,1.131235,NA,NA,NA,NA,NA,NA,NA,NA,2002,-69.5175,-76.1818,0,0,0,0,0
-368.0199,0,37716.04,123923.5,0,82764.73,0.6631062,1.127899,NA,NA,NA,NA,NA,NA,NA,NA,2002,-69.477,-76.0527,0,0,0,0,0
-171.142,0,21523.24,41991.65,65355.94,36400.55,1.237354,0.6905372,-71.29,-73.64,-74.27,-69.31,-69.31,-67.65,-67.65,NA,2002,-69.1437,-72.7022,0,0,0,0,0
-201.2839,0,25000,44315.9,63151.52,38078.87,0.5585408,0.6879095,-69.75,-72.63,-73.93,-67.48,-67.82,-66.42,-66.98,NA,2002,-69.1637,-72.776,0,0,0,0,0
-298.6006,0,28657.46,41666.02,60282.74,40311.29,0.2293056,0.6933303,-71.55,-74.2,-74.44,-67.29,-67.77,-66.18,-66.97,NA,2002,-69.1448,-72.8745,0,0,0,0,0
-243.039,0,31674.12,39342.59,55583.91,36055.51,0.9488931,0.6825975,-80.93,-81.25,-79.24,-66.87,-66.87,-65.31,-65.31,NA,2002,-69.121,-72.9645,0,0,0,0,0
-521.9792,0,34481.88,34764.25,52723.13,35355.34,1.464578,0.6720165,-80.72,-78.57,-73.37,-65.26,-65.79,-64.11,-65.07,-67.23,2002,-69.0962,-73.0372,0,0,0,0,0
-395.0664,1.002001,14115.59,154991.8,6653.059,60827.63,1.377174,1.275011,-78.12,-78.12,-78.12,-72.28,-69.79,-72.04,-69.64,-67.96,2002,-66.5363,-68.101,0,0,0,0,0
-365.8508,1.007415,13892.44,151680.9,2975.339,60207.97,1.269057,1.232917,-81.21,-82.18,-82.2,-73.84,-71.8,-72.68,-70.94,-68.75,2002,-66.5663,-68.1725,0,0,0,0,0
-477.6609,NA,NA,NA,NA,NA,4.136738,NA,NA,NA,-96.68,-99.7,NA,-101.8,NA,-100.41,2002,-66.2228,-66.5667,0,0,0,0,0
-549.6761,NA,3605.551,NA,NA,76157.73,3.512012,NA,NA,NA,-86.86,-91.05,NA,-96.65,NA,-91.51,2002,-66.2823,-66.665,0,0,0,0,0
-221.1318,NA,2549.51,NA,NA,72801.1,1.559202,NA,NA,NA,-99.13,-100.35,NA,-101.14,NA,-101.22,2002,-66.3255,-66.7687,0,0,0,0,0
-714.9426,NA,16140.01,NA,NA,30413.81,0.5814174,NA,NA,NA,-94.44,-97.58,NA,-100.33,NA,-98.65,2002,-66.7157,-66.9255,0,0,0,0,0
-461.8926,NA,8139.41,NA,NA,61032.78,0.4021302,NA,NA,NA,-97.89,-97.31,NA,-97.15,NA,-95.67,2002,-66.5375,-67.518,0,0,0,0,0
-725.5308,NA,5852.35,NA,NA,57008.77,0.4021302,NA,NA,NA,-100.57,-97.34,NA,-96.51,NA,-98.32,2002,-66.5702,-67.485,0,0,0,0,0
-427.7065,NA,5700.877,NA,NA,53150.73,2.409111,NA,NA,NA,-92.7,-94.67,NA,-95.99,NA,-95.57,2002,-66.616,-67.4555,0,0,0,0,0
-246.6344,NA,4609.772,NA,NA,44721.36,1.65203,NA,NA,NA,-90.35,-89.21,NA,-87.84,NA,-89.21,2002,-66.6903,-67.3275,0,0,0,0,0
-174.5025,NA,5000,NA,NA,38078.87,2.809185,NA,NA,NA,-97.78,-96.24,NA,-94.99,NA,-96.24,2002,-66.7232,-67.2253,0,0,0,0,0
-151.0479,0.7055672,10404.33,11015.93,8415.528,91923.88,1.230274,0.8068728,NA,NA,-87.65,-88,NA,-82.33,NA,-88,2002,-67.8308,-68.6328,0,0,0,0,0
-229.1712,0.896421,16867.13,3518.908,0,96046.87,3.668295,1.139646,NA,NA,-91.46,-92.32,NA,-92.44,NA,-93.14,2002,-67.8922,-68.508,0,0,0,0,0
-540.0319,0.9644676,20081.09,0,2103.882,102956.3,2.690341,1.20722,NA,NA,-89.1,-92.4,NA,-94.94,NA,-93.63,2002,-67.9188,-68.549,0,0,0,0,0
-511.0735,0.9227598,19704.06,0,2975.339,98615.41,1.973181,1.091155,NA,NA,-81.6,-84.91,NA,-92.41,NA,-85.61,2002,-67.9472,-68.5975,0,0,0,0,0
-241.4574,0.5236967,7280.11,26049.43,16962.04,72111.02,2.387876,0.8745288,NA,NA,-92.13,-92.97,NA,-93.07,NA,-93.6,2002,-67.6792,-68.2103,0,0,0,0,0
-336.3075,0.5240913,6000,27483.55,19959.18,68007.35,2.775111,0.8715513,NA,NA,-91.47,-92.01,NA,-92.09,NA,-92.14,2002,-67.662,-68.1498,0,0,0,0,0
-439.9033,0.5267556,6103.278,30270.79,21660.79,65192.02,2.775111,0.8852636,NA,NA,-90.65,-91.71,NA,-91.88,NA,-92.47,2002,-67.64,-68.0893,0,0,0,0,0
-423.8608,0.5019395,8860.022,31865.07,22756.96,62649.82,1.469821,0.8905403,NA,NA,-81.84,-86.55,NA,-94.8,NA,-87.59,2002,-67.632,-67.9998,0,0,0,0,0
-256.7384,0.4830298,6403.124,33457.4,23802.71,60415.23,1.132289,0.8731519,NA,NA,-89.06,-90.2,NA,-90.95,NA,-90.94,2002,-67.6285,-67.9055,0,0,0,0,0
-256.7384,0.5076473,3535.534,35678.33,28304.84,60415.23,2.129442,0.9066193,NA,NA,-90.23,-90.75,NA,-90.95,NA,-91.44,2002,-67.6045,-67.8632,0,0,0,0,0
-360.3655,0.5324314,1414.214,40306.48,31276.46,55901.7,1.268669,0.8555515,NA,NA,-76.88,-81.37,NA,-92.16,NA,-81.56,2002,-67.5678,-67.8693,0,0,0,0,0
-342.3731,0.5793239,3162.278,42373.27,35015.58,51478.15,2.657244,0.8206316,NA,NA,-87.92,-90.42,NA,-92.5,NA,-90.73,2002,-67.53,-67.989,0,0,0,0,0
-198.1642,0.5965725,3640.055,46710.11,37928.27,51478.15,3.383265,0.8174694,NA,NA,-88.72,-90.04,NA,-91.86,NA,-90.13,2002,-67.4982,-67.9495,0,0,0,0,0
-139.3131,0.6134317,1118.034,51066.63,43778.95,44721.36,3.383265,0.8138506,NA,NA,-89.33,-89.87,NA,-90.63,NA,-89.87,2002,-67.4633,-67.9092,0,0,0,0,0
-451.9663,0.6040905,4716.991,53828.95,43372.64,42720.02,0.4179963,0.8220513,NA,NA,-88,-90.8,NA,-92.56,NA,-91.45,2002,-67.4532,-67.8167,0,0,0,0,0
-391.1418,0.5845983,3535.534,58248.3,45319.01,36400.55,2.038486,0.8177961,NA,NA,-90.21,-91.9,NA,-92.61,NA,-92.9,2002,-67.4055,-67.7683,0,0,0,0,0
-297.564,0.6398715,2061.553,68614.2,37928.27,26925.82,2.15465,0.8209987,NA,NA,-88.65,-90.57,NA,-91.55,NA,-91.24,2002,-67.3145,-67.7552,0,0,0,0,0
-158.0141,0.643037,2000,72748.7,41760.87,25000,1.970695,0.9604368,NA,NA,-88.83,-90.39,NA,-90.97,NA,-90.58,2002,-67.2922,-67.6497,0,0,0,0,0
-17.65698,0.6254256,1500,70676.65,44729.15,30000,3.859483,0.962492,NA,NA,-87.98,-88.38,NA,-88.36,NA,-88.38,2002,-67.3148,-67.5842,0,0,0,0,0
-123.8067,0.5971128,2236.068,63904.77,47278.87,35355.34,5.537346,0.8192219,NA,NA,-87.66,-88.37,NA,-89.57,NA,-88.37,2002,-67.3668,-67.6228,0,0,0,0,0
-796.9497,0.6326838,18200.28,1573.704,0,1e+05,2.796492,1.120102,NA,NA,-93.26,-92.85,NA,-92.54,NA,-93.97,2002,-67.902,-68.3907,0,0,0,0,0
-687.0984,0.3565228,12500,8024.346,2103.882,90138.78,3.46506,1.078959,NA,NA,-96.85,-94.39,NA,-93.65,NA,-95.38,2002,-67.8418,-68.2767,0,0,0,0,0
-605.1666,0.395254,10124.23,13445.73,6311.646,83216.59,1.083257,0.9930495,NA,NA,-88.13,-89.93,NA,-89.74,NA,-91.03,2002,-67.7845,-68.156,0,0,0,0,0
-785.1793,0.3002554,13416.41,10556.73,2975.339,87464.28,1.083257,1.052307,NA,NA,-99.42,-93.7,NA,-92.6,NA,-94.81,2002,-67.8132,-68.1115,0,0,0,0,0
-363.1475,0.4836823,4272.002,16429.95,10519.41,79056.95,3.419669,0.9191275,NA,NA,-99.24,-95.54,NA,-94.36,NA,-95.68,2002,-67.7623,-68.2737,0,0,0,0,0
-390.5153,0.6191018,5590.17,15499.18,10727.74,85146.93,0.4547687,0.8581601,NA,NA,-99.02,-96.47,NA,-95.74,NA,-97.16,2002,-67.786,-68.4965,0,0,0,0,0
-108.5387,0.6428681,8139.41,12589.63,10727.74,91923.88,0.9093913,0.6192936,NA,NA,-85.71,-85.79,NA,-93.18,NA,-85.79,2002,-67.8198,-68.7112,0,0,0,0,0
-281.9743,0.2622568,5000,14929.46,16431.84,99247.16,0.5529794,0.1595398,NA,NA,-95.97,-96.67,NA,-97.39,NA,-96.67,2002,-67.8532,-68.9313,0,0,0,0,0
-160.9161,0.08152536,7500,22913.47,23987.95,98994.95,0.4169356,0.02240219,NA,NA,-93.79,-94.85,NA,-97.63,NA,-94.85,2002,-67.8327,-69.1358,0,0,0,0,0
-167.0978,0.8560291,13829.32,31355.82,23522.12,98615.41,0.3398521,0.1460801,NA,NA,-94.57,-94.71,NA,-95.1,NA,-94.71,2002,-67.7673,-69.2722,0,0,0,0,0
-116.2906,0.9329011,9500,47342.07,18934.94,91923.88,0.1490582,0.06429508,NA,NA,-82.92,-82.35,NA,-75.38,NA,-82.35,2002,-67.6248,-69.363,0,0,0,0,0
-122.5244,0.9747127,9013.878,53250.75,14727.17,90138.78,1.371245,0.007212065,NA,NA,-85.83,-82.78,NA,-78.66,NA,-82.78,2002,-67.5723,-69.4045,0,0,0,0,0
-447.9395,0.6783878,25303.16,80566.87,11329.75,85000,0.2374021,1.268152,NA,NA,-98.64,-101.76,NA,-104.48,NA,-102.71,2002,-67.3257,-69.6357,0,0,0,0,0
-2940.509,1.462211,147584.7,229015.8,29753.38,5000,1.863297,1.761876,NA,NA,-96.34,-98.77,NA,-100.65,NA,-99.54,2002,-66.1888,-71.2727,0,0,0,0,0
-2018.478,1.561913,139946.4,220706,37458.55,0,10.28499,1.717791,NA,NA,-95.01,-94.39,NA,-93.97,NA,-95.28,2002,-66.2382,-71.1497,0,0,0,0,0
-784.859,1.550431,132273.4,213960.1,45025.04,0,5.275893,1.710823,NA,NA,-99.81,-102.01,NA,-103.57,NA,-102.58,2002,-66.2912,-71.033,0,0,0,0,0
-784.859,1.565255,134768.3,215781.1,42077.64,0,8.497187,1.698589,NA,NA,-101.81,-99.17,NA,-98.51,NA,-100.23,2002,-66.2793,-71.0857,0,0,0,0,0
-2570.306,1.522349,142762,224378.4,34506.23,0,8.000195,1.727553,NA,NA,-96,-93.99,NA,-93.27,NA,-95.02,2002,-66.2265,-71.211,0,0,0,0,0
-3011.391,1.408645,150786.3,232706,26778.05,7071.068,1.863297,1.76716,NA,NA,-81.25,-85.56,NA,-94.63,NA,-86.27,2002,-66.1735,-71.3367,0,0,0,0,0
-2018.478,1.56162,139242.6,220706,37458.55,0,10.28499,1.717791,NA,NA,-90.94,-91.12,NA,-91.12,NA,-92.19,2002,-66.2398,-71.1427,0,0,0,0,0
-1306.35,1.665964,139378.1,217296.5,37635.39,0,10.62311,1.754778,NA,NA,-94.2,-94.34,NA,-94.49,NA,-95.42,2002,-66.3028,-71.2393,0,0,0,0,0
-914.1459,1.909472,140382.5,214122,40632.71,0,10.24667,1.91228,NA,NA,-102.13,-100.23,NA,-99.72,NA,-101.21,2002,-66.3667,-71.3427,0,0,0,0,0
-221.8248,0.5633477,10440.31,26380.08,26942.84,101242.3,0.4627309,0.1125237,NA,NA,-87.88,-84.46,NA,-82.43,NA,-84.46,2002,-67.8157,-69.2118,0,0,0,0,0
-164.0665,0.1293041,4031.129,16949.31,17852.03,99247.16,0.7749721,0.1196736,NA,NA,-93.04,-93.14,NA,-94.64,NA,-93.14,2002,-67.8472,-68.9868,0,0,0,0,0
-195.6461,0.659013,7158.911,14163.33,12623.29,91923.88,2.887165,0.6960658,NA,NA,-98.16,-96.22,NA,-94.79,NA,-96.4,2002,-67.8012,-68.6527,0,0,0,0,0
-190.8248,0.5584306,4031.129,14929.46,10519.41,85146.93,1.959771,0.9021288,NA,NA,-92.44,-91.66,NA,-90.23,NA,-91.9,2002,-67.775,-68.4125,0,0,0,0,0
-409.8436,0.46622,6264.982,19015.13,10519.41,79056.95,1.902056,0.9245836,NA,NA,-97.23,-95.18,NA,-94.29,NA,-94.36,2002,-67.738,-68.202,0,0,0,0,0
-439.9033,0.4947767,8746.428,28889.36,19847.98,69462.22,1.469821,0.9022421,NA,NA,-99.68,-96.31,NA,-95.51,NA,-97,2002,-67.6565,-68.0488,0,0,0,0,0
-409.8436,0.4849566,6800.735,19718.45,12797.42,76321.69,1.902056,0.8985071,NA,NA,-96.63,-94.82,NA,-93.94,NA,-96.02,2002,-67.7295,-68.1877,0,0,0,0,0
-190.8248,0.5384737,3500,15499.18,10519.41,82006.09,1.959771,0.9183794,NA,NA,-89.51,-85.16,NA,-83.06,NA,-85.16,2002,-67.77,-68.3752,0,0,0,0,0
-311.5742,0.6567383,5830.952,14508.83,10519.41,88459.03,2.887165,0.7925234,NA,NA,-96.88,-87.32,NA,-85.58,NA,-87.65,2002,-67.7935,-68.5948,0,0,0,0,0
-201.2644,0.6121189,7826.238,14250.49,11329.75,95524.87,1.442792,0.5379101,NA,NA,-97.96,-97.77,NA,-97.42,NA,-97.77,2002,-67.822,-68.754,0,0,0,0,0
-167.0978,0.8298761,12903.49,29858.93,24535.27,98615.41,0.3398521,0.1271407,NA,NA,-88.09,-86.89,NA,-84.65,NA,-86.89,2002,-67.7793,-69.2605,0,0,0,0,0
-237.7247,0.2377395,9617.692,21919.16,25681.15,98994.95,0.4876224,0.06796976,NA,NA,-102.53,-95.39,NA,-93.5,NA,-95.39,2002,-67.8532,-69.1652,0,0,0,0,0
-620.9843,0.7713362,20506.1,8474.654,19396.83,77781.74,1.731603,0.5755717,NA,NA,-101.44,-94.57,NA,-93.23,NA,-94.64,2002,-68.02,-69.3013,0,0,0,0,0
-428.2294,0.8196945,22461.08,1573.704,8926.016,67268.12,0.792488,0.8770887,NA,NA,-101.85,-98.04,NA,-97.12,NA,-98.58,2002,-68.1078,-69.3902,0,0,0,0,0
-459.0257,0.04336219,27064.74,10076.62,5950.677,15811.39,0.6169527,1.232665,NA,NA,-94.68,-93.27,NA,-92.71,NA,-94.1,2002,-68.507,-70.3787,0,0,0,0,0
-1324.839,0.02360909,32330.33,1573.704,14113.27,18027.76,1.446297,1.341929,NA,NA,-99.6,-97.24,NA,-96.63,NA,-98.34,2002,-68.4992,-70.0368,0,0,0,0,0
-1349.256,0.01531994,26348.63,1573.704,7585.655,7071.068,1.058528,1.31493,NA,NA,-98.67,-96.01,NA,-95.3,NA,-97.02,2002,-68.56,-70.0495,0,0,0,0,0
-451.0371,0.7314224,38694.32,17594.54,12267.63,72111.02,1.823553,0.8309059,NA,NA,-92.03,-96.53,NA,-103.53,NA,-97.58,2002,-68.0213,-69.7538,0,0,0,0,0
-548.0119,0.6436802,45276.93,21113.45,6311.646,67082.04,1.157459,0.9632279,NA,NA,-103.86,-105.34,NA,-106.15,NA,-106.02,2002,-68.023,-69.9115,0,0,0,0,0
-236.9096,0.4108524,22940.14,0,11329.75,106066,0.6136574,1.026159,NA,NA,-89.95,-86.53,NA,-83.77,NA,-86.53,2002,-68.03,-67.8155,0,0,0,0,0
-231.7721,0.1675576,15297.06,6294.815,6653.059,98994.95,0.448626,1.054864,NA,NA,-99.78,-94.88,NA,-92.43,NA,-94.88,2002,-67.9648,-67.7127,0,0,0,0,0
-170.3934,0.2138961,19000,8024.346,5950.677,102591.4,0.28422,1.068792,NA,NA,-97.74,-94.49,NA,-92.34,NA,-94.49,2002,-67.9555,-67.8352,0,0,0,0,0
-269.6027,0.336468,24046.83,4451.106,4704.423,105119,0.2820806,1.055347,NA,NA,-98.29,-93.19,NA,-91.78,NA,-93.21,2002,-67.9862,-67.9255,0,0,0,0,0
-215.0475,0.4727217,26248.81,1573.704,10519.41,109658.6,0.6136574,1.030655,NA,NA,-95.19,-88.13,NA,-85.66,NA,-88.14,2002,-68.0437,-67.8888,0,0,0,0,0
-389.7819,0.6233324,24274.47,7868.519,10519.41,111803.4,1.170112,0.9873937,NA,NA,-96.14,-95.26,NA,-94.89,NA,-96.06,2002,-68.0997,-67.82,0,0,0,0,0
-364.044,0.7046844,20615.53,13445.73,10727.74,111018,1.088023,0.9242609,NA,NA,-80.53,-85.18,NA,-93.31,NA,-86.13,2002,-68.1527,-67.7607,0,0,0,0,0
-455.2542,0.8289545,26119.92,1573.704,2975.339,60207.97,0.8414731,1.036803,NA,NA,-99.53,-100.99,NA,-101.75,NA,-101.86,2002,-68.1565,-69.4488,0,0,0,0,0
-428.2294,0.8196945,23086.79,1573.704,10519.41,67268.12,1.014191,0.8430716,NA,NA,-102.53,-101.41,NA,-101.08,NA,-101.91,2002,-68.1033,-69.402,0,0,0,0,0
-600.9008,0.7966014,20524.38,6294.815,16431.84,74330.34,0.6309491,0.6492418,NA,NA,-106.7,-101.97,NA,-100.99,NA,-102.22,2002,-68.0512,-69.3337,0,0,0,0,0
-277.1426,0.7504318,21319.01,9572.466,22364.57,81394.1,1.731603,0.5034214,NA,NA,-105.26,-103.07,NA,-102.45,NA,-103.54,2002,-68.0008,-69.2883,0,0,0,0,0
-170.4906,0.6618622,19830.53,12589.63,27672.25,84852.81,1.919486,0.3605202,NA,NA,-97.65,-98.3,NA,-99.2,NA,-98.31,2002,-67.9565,-69.2432,0,0,0,0,0
-172.6107,0.4767079,14534.44,16949.31,26612.24,91923.88,1.721412,0.2417732,NA,NA,-99.43,-97.83,NA,-97.05,NA,-97.99,2002,-67.9058,-69.202,0,0,0,0,0
-237.7247,0.2377395,10049.88,22532.01,25681.15,98994.95,0.4876224,0.06796976,NA,NA,-96.83,-96.83,NA,-96.46,NA,-96.83,2002,-67.8508,-69.185,0,0,0,0,0
-167.0978,0.8298761,13200.38,29858.93,24535.27,98615.41,0.3398521,0.1271407,NA,NA,-96.51,-95.65,NA,-93.23,NA,-95.65,2002,-67.7798,-69.2673,0,0,0,0,0
-378.6063,0.8588723,10594.81,38579.82,21455.47,96176.92,0.9444042,0.2636326,NA,NA,-90.86,-90.68,NA,-90.46,NA,-90.68,2002,-67.7007,-69.3152,0,0,0,0,0
-199.6562,0.8518818,8139.41,41307.85,23238.14,93941.47,1.281062,0.2831367,NA,NA,-81.14,-84.37,NA,-103.64,NA,-84.37,2002,-67.6775,-69.2898,0,0,0,0,0
-329.4168,0.305178,27572.63,33898.62,0,25000,0.6705958,1.156431,NA,NA,-65.96013,-84.38,NA,-67.78229,NA,NA,2002,-68.779,-69.4773,0,0,1,1,1
-493.7553,0.03282201,23243.28,5674.069,2103.882,18027.76,1.340149,1.219974,NA,NA,-69.48153,-86.4,NA,-70.57178,NA,NA,2002,-68.5417,-70.4507,0,0,1,1,1
-680.1096,0.05521099,29832.87,7868.519,9408.847,15811.39,5.279129,1.285714,NA,NA,-70.66115,-89.27,NA,-70.90939,NA,NA,2002,-68.4975,-70.1945,0,0,1,1,1
-201.1181,0.1099783,68165.24,39468.29,0,70710.68,0.5204963,1.13345,NA,NA,-73.52,-70.4,NA,-69.67,NA,NA,2002,-68.256,-71.8477,0,0,1,1,1
-766.8953,NA,5656.854,NA,NA,53150.73,1.59008,NA,NA,NA,-71.71812,-84.91,NA,-71.73386,NA,NA,2002,-66.6227,-67.4657,0,0,2,1,2
-405.9697,0.1585134,37165.17,12291.02,12267.63,20615.53,2.527452,1.264527,NA,NA,-69.22038,-90.18,NA,-69.15229,NA,NA,2002,-68.5458,-69.7157,10,3,2,1,12
-475.7407,1.871014,86609.76,136077.6,62552.91,61032.78,0.1447009,1.371069,NA,NA,-84.35,-78.71,NA,-77.7,NA,NA,2002,-67.0315,-70.8173,0,0,2,1,2
-389.8111,0.01438709,117924.8,77431.98,59581.11,5000,3.990229,1.583182,NA,NA,-73.52,-70.4,NA,-69.67,NA,NA,2002,-68.9073,-77.2742,0,0,2,1,2
-461.8926,NA,9617.692,NA,NA,65192.02,1.942991,NA,NA,NA,-69.99911,-94.71,NA,-66.99039,NA,NA,2002,-66.5198,-67.5627,0,0,3,1,3
-116.5406,0.8915494,13536.99,54628.15,12797.42,94868.33,1.371245,0.1851621,NA,NA,-76.07225,-82.24,NA,-72.48823,NA,NA,2002,-67.5842,-69.5015,0,0,3,1,3
-982.0054,0.1136755,17000,19718.45,0,10000,3.576923,1.18224,NA,NA,-65.10764,-84.83,NA,-68.59236,NA,NA,2002,-68.735,-69.8903,3,1,3,3,6
-327.085,NA,8902.247,NA,NA,25000,2.902117,NA,NA,NA,-72.3404,-83.84,NA,-71.97781,NA,NA,2002,-66.7537,-66.771,0,0,5,1,5
-982.0054,0.1110832,16807.74,21113.45,0,10000,3.494194,1.18224,NA,NA,-65.03415,-83.11,NA,-68.49467,NA,NA,2002,-68.7478,-69.8673,11,2,8,1,19
-529.9863,0.2072443,38422,11348.14,12267.63,20615.53,1.495092,1.264527,NA,NA,-69.41572,-87.65,NA,-69.15229,NA,NA,2002,-68.5352,-69.7017,0,0,2,1,2
-982.0054,0.1110832,16807.74,21113.45,0,10000,3.494194,1.18224,NA,NA,-65.03415,-83.32,NA,-68.49467,NA,NA,2002,-68.7482,-69.8675,0,0,8,1,8
-982.0054,0.1136755,17000,19718.45,0,10000,3.576923,1.179694,NA,NA,-65.10764,-85.39,NA,-68.59236,NA,NA,2002,-68.7348,-69.8903,0,0,0,0,0
-609.9391,NA,7615.773,NA,NA,49244.29,2.529467,NA,NA,NA,-72.95525,-90.26,NA,-71.89833,NA,NA,2002,-66.6607,-67.4255,1,1,0,0,1
-406.715,0.9335111,13829.32,40855.73,16962.04,98488.58,0.7477379,0.3071815,NA,NA,-80.86625,-92.22,NA,-72.78963,NA,NA,2002,-67.7057,-69.4058,2,1,0,0,2
-440.1215,0.1463142,11672.62,62255.85,4207.764,87321.24,1.39163,0.7903762,NA,NA,-73.66537,-84.08,NA,-73.85532,NA,NA,2002,-67.4905,-69.4618,2,1,0,0,2
-599.881,0.3805224,18200.28,71374.02,5950.677,85586.21,0.4094585,1.326864,NA,NA,-70.92785,-102.61,NA,-74.19656,NA,NA,2002,-67.4053,-69.5528,2,1,0,0,2
-798.3607,0.8158829,35245.57,14075.63,13306.12,68007.35,1.721512,0.8035152,NA,NA,-76.98113,-95.33,NA,-75.59548,NA,NA,2002,-68.0358,-69.6822,2,1,0,0,2
-438.3287,0.8779643,27572.63,4976.488,0,57008.77,1.35925,1.16073,NA,NA,-70.13726,-96.99,NA,-72.32355,NA,NA,2002,-68.1987,-69.4465,4,2,0,0,4
-667.3393,0.9674435,35106.98,9952.977,5950.677,50000,1.234519,1.319904,NA,NA,-68.9165,-90.53,NA,-71.76476,NA,NA,2002,-68.2885,-69.5182,6,2,0,0,6
-788.8561,0.1486552,27354.16,13445.73,4704.423,15000,2.573764,1.227732,NA,NA,-67.35542,-89.42,NA,-68.77468,NA,NA,2002,-68.6352,-69.8095,6,2,0,0,6
-561.4823,0.1373752,19697.71,21113.45,0,14142.14,3.576923,1.187389,NA,NA,-65.69682,-93.24,NA,-68.44416,NA,NA,2002,-68.7252,-69.8232,6,2,0,0,6
-109.9452,0.9164729,15500,47342.07,16962.04,96566.04,1.163082,0.2910127,NA,NA,-78.13963,-82.17,NA,-73.38604,NA,NA,2002,-67.6485,-69.4882,6,1,0,0,6
-323.994,0.6826686,44283.18,15499.18,6311.646,36055.51,0.7727211,1.242828,NA,NA,-68.62056,-89.87,NA,-71.0366,NA,NA,2002,-68.3778,-69.5925,9,4,0,0,9
-771.9711,0.1007177,13928.39,23394.79,0,10000,4.764343,1.194851,NA,NA,-64.82261,-83.11,NA,-67.91895,NA,NA,2002,-68.7798,-69.8662,9,2,0,0,9
-496.9413,0.4113652,47010.64,15499.18,6311.646,26925.82,1.305265,1.231566,NA,NA,-68.58915,-90.5,NA,-69.64904,NA,NA,2002,-68.4583,-69.6055,11,3,0,0,11
-610.3007,0.7890084,35117.66,12687.61,11329.75,68007.35,0.7185016,0.8295531,NA,NA,-76.56367,-95.69,NA,-74.82476,NA,NA,2002,-68.052,-69.6817,11,5,0,0,11
-129.289,0.8927387,9617.692,43212.43,21143.75,93941.47,1.441554,0.2312224,NA,NA,-78.85527,-103.16,NA,-72.87493,NA,NA,2002,-67.657,-69.3452,12,1,0,0,12
-815.2849,0.9809131,160584.1,6488.547,67619.44,0,11.27034,1.809926,NA,NA,-78.02,-79.33,NA,-79.59,NA,NA,2002,-68.303,-75.6272,1,1,0,0,1
-425.1574,0.9191688,127008.9,47158.63,19396.83,28284.27,0.4781912,1.371231,NA,NA,-82.71,-76.86,NA,-76.38,NA,NA,2002,-67.9978,-73.632,1,1,0,0,1
-642.972,0.8884335,56784.68,110305.3,33924.08,90138.78,0.03302488,1.452314,NA,NA,-78.41,-74.17,NA,-73.39,NA,NA,2002,-67.19,-70.273,1,1,0,0,1
-500.9628,0.07068318,77540.31,20029.98,0,44721.36,0.4199631,1.199524,NA,NA,-85.51,-83.09,NA,-82.47,NA,NA,2002,-68.535,-73.494,1,1,0,0,1
-472.7029,1.221314,111096.8,158077,84810.2,36055.51,0.08341075,1.42736,NA,NA,-73.53,-70.83,NA,-70.16,NA,NA,2002,-66.9007,-71.2612,2,1,0,0,2
-499.5844,1.007859,62309.71,164276.9,44231.59,74330.34,0.1937729,1.765733,NA,NA,-78.64,-73.92,NA,-73,NA,NA,2002,-66.5217,-69.5842,2,1,0,0,2
-570.6367,0.9991621,63890.53,115750.2,38793.67,83216.59,0.4496198,1.439574,NA,NA,-77.04,-65.7,NA,-65.07,NA,NA,2002,-67.1592,-70.408,3,1,0,0,3
-429.6304,0.000479113,133645,19718.45,40194.61,31622.78,0.1698607,1.379356,NA,NA,-80.5,-81.53,NA,-81.97,NA,NA,2002,-68.49,-75.041,3,1,0,0,3
-402.5302,0.2976516,149254.8,3147.407,54700.93,14142.14,0.06584333,1.54696,NA,NA,-82.45,-78.34,NA,-77.27,NA,NA,2002,-68.3967,-75.3515,3,1,0,0,3
-408.0914,0.5262225,153082.5,1573.704,58946.25,7071.068,0.9252019,1.664588,NA,NA,-78.25,-75.62,NA,-74.97,NA,NA,2002,-68.364,-75.4515,3,1,0,0,3
-2082.661,0.9996874,162859.6,8474.654,69936.28,0,11.27034,1.821603,NA,NA,-80.6,-79.43,NA,-79.08,NA,NA,2002,-68.2878,-75.6872,3,1,0,0,3
-481.4229,1.4583,95469.89,144446.8,69936.28,50000,0.05974347,1.399735,NA,NA,-74.69,-72.82,NA,-72.4,NA,NA,2002,-66.9842,-70.9773,4,1,0,0,4
-473.4561,1.277203,105760.3,154712,80113.45,40311.29,0.2410187,1.421587,NA,NA,-73.5,-73.69,NA,-73.76,NA,NA,2002,-66.9278,-71.1672,4,1,0,0,4
-403.6771,0.9866788,116068.9,89479.97,14876.69,69462.22,0.5967512,1.727294,NA,NA,-82.62,-69.8,NA,-69.1,NA,NA,2002,-67.8858,-72.5203,4,1,0,0,4
-461.8485,1.085185,116071.1,163278.9,90369.02,29154.76,0.2000186,1.404725,NA,NA,-77.02,-74.73,NA,-74.14,NA,NA,2002,-66.8732,-71.355,5,1,0,0,5
-733.1732,0.05734105,61854.67,15737.04,11901.35,29154.76,0.5948483,0.8664144,NA,NA,-79.74,-78.69,NA,-78.37,NA,NA,2002,-68.6172,-73.1797,6,2,0,0,6
