village,conc,age,at.risk,events,gender,type
1,0,22.5,2595529,0,0,0
1,0,27.5,1846189,2,0,0
1,0,32.5,1402764,0,0,0
1,0,37.5,1215899,2,0,0
1,0,42.5,1191615,8,0,0
1,0,47.5,1111810,14,0,0
1,0,52.5,957985,36,0,0
1,0,57.5,774836,52,0,0
1,0,62.5,634758,77,0,0
1,0,67.5,492203,68,0,0
1,0,72.5,342767,70,0,0
1,0,77.5,199630,43,0,0
1,0,82.5,96293,21,0,0
1,0,22.5,2595529,7,0,1
1,0,27.5,1846189,19,0,1
1,0,32.5,1402764,17,0,1
1,0,37.5,1215899,41,0,1
1,0,42.5,1191615,75,0,1
1,0,47.5,1111810,112,0,1
1,0,52.5,957985,160,0,1
1,0,57.5,774836,200,0,1
1,0,62.5,634758,258,0,1
1,0,67.5,492203,230,0,1
1,0,72.5,342767,190,0,1
1,0,77.5,199630,108,0,1
1,0,82.5,96293,45,0,1
1,0,22.5,2956638,2,1,0
1,0,27.5,2175046,3,1,0
1,0,32.5,1580019,2,1,0
1,0,37.5,1320637,6,1,0
1,0,42.5,1327866,18,1,0
1,0,47.5,1334769,34,1,0
1,0,52.5,1214443,52,1,0
1,0,57.5,977820,61,1,0
1,0,62.5,739460,103,1,0
1,0,67.5,520965,126,1,0
1,0,72.5,320158,130,1,0
1,0,77.5,158750,88,1,0
1,0,82.5,63236,32,1,0
1,0,22.5,2956638,14,1,1
1,0,27.5,2175046,26,1,1
1,0,32.5,1580019,33,1,1
1,0,37.5,1320637,38,1,1
1,0,42.5,1327866,89,1,1
1,0,47.5,1334769,181,1,1
1,0,52.5,1214443,323,1,1
1,0,57.5,977820,478,1,1
1,0,62.5,739460,595,1,1
1,0,67.5,520965,607,1,1
1,0,72.5,320158,465,1,1
1,0,77.5,158750,230,1,1
1,0,82.5,63236,80,1,1
2,10,22.5,934,0,0,0
2,10,27.5,489,0,0,0
2,10,32.5,276,0,0,0
2,10,37.5,317,0,0,0
2,10,42.5,374,0,0,0
2,10,47.5,435,1,0,0
2,10,52.5,342,0,0,0
2,10,57.5,277,1,0,0
2,10,62.5,203,2,0,0
2,10,67.5,175,0,0,0
2,10,72.5,105,1,0,0
2,10,77.5,78,1,0,0
2,10,82.5,38,0,0,0
2,10,22.5,934,0,0,1
2,10,27.5,489,0,0,1
2,10,32.5,276,0,0,1
2,10,37.5,317,0,0,1
2,10,42.5,374,0,0,1
2,10,47.5,435,0,0,1
2,10,52.5,342,0,0,1
2,10,57.5,277,0,0,1
2,10,62.5,203,2,0,1
2,10,67.5,175,3,0,1
2,10,72.5,105,0,0,1
2,10,77.5,78,0,0,1
2,10,82.5,38,0,0,1
2,10,22.5,1128,0,1,0
2,10,27.5,634,0,1,0
2,10,32.5,389,0,1,0
2,10,37.5,313,0,1,0
2,10,42.5,364,0,1,0
2,10,47.5,410,0,1,0
2,10,52.5,325,0,1,0
2,10,57.5,227,1,1,0
2,10,62.5,141,0,1,0
2,10,67.5,104,0,1,0
2,10,72.5,63,0,1,0
2,10,77.5,39,0,1,0
2,10,82.5,22,0,1,0
2,10,22.5,1128,0,1,1
2,10,27.5,634,0,1,1
2,10,32.5,389,0,1,1
2,10,37.5,313,0,1,1
2,10,42.5,364,0,1,1
2,10,47.5,410,0,1,1
2,10,52.5,325,1,1,1
2,10,57.5,227,1,1,1
2,10,62.5,141,1,1,1
2,10,67.5,104,0,1,1
2,10,72.5,63,0,1,1
2,10,77.5,39,0,1,1
2,10,82.5,22,0,1,1
3,11,22.5,666,0,0,0
3,11,27.5,267,0,0,0
3,11,32.5,310,0,0,0
3,11,37.5,221,0,0,0
3,11,42.5,311,0,0,0
3,11,47.5,292,0,0,0
3,11,52.5,295,0,0,0
3,11,57.5,265,0,0,0
3,11,62.5,203,0,0,0
3,11,67.5,143,0,0,0
3,11,72.5,93,0,0,0
3,11,77.5,69,0,0,0
3,11,82.5,59,0,0,0
3,11,22.5,666,0,0,1
3,11,27.5,267,0,0,1
3,11,32.5,310,0,0,1
3,11,37.5,221,0,0,1
3,11,42.5,311,1,0,1
3,11,47.5,292,0,0,1
3,11,52.5,295,0,0,1
3,11,57.5,265,0,0,1
3,11,62.5,203,0,0,1
3,11,67.5,143,0,0,1
3,11,72.5,93,0,0,1
3,11,77.5,69,0,0,1
3,11,82.5,59,0,0,1
3,11,22.5,904,0,1,0
3,11,27.5,545,0,1,0
3,11,32.5,270,0,1,0
3,11,37.5,283,0,1,0
3,11,42.5,241,0,1,0
3,11,47.5,298,0,1,0
3,11,52.5,280,0,1,0
3,11,57.5,218,0,1,0
3,11,62.5,168,0,1,0
3,11,67.5,138,0,1,0
3,11,72.5,124,0,1,0
3,11,77.5,33,0,1,0
3,11,82.5,27,0,1,0
3,11,22.5,904,0,1,1
3,11,27.5,545,0,1,1
3,11,32.5,270,0,1,1
3,11,37.5,283,0,1,1
3,11,42.5,241,0,1,1
3,11,47.5,298,0,1,1
3,11,52.5,280,0,1,1
3,11,57.5,218,0,1,1
3,11,62.5,168,0,1,1
3,11,67.5,138,0,1,1
3,11,72.5,124,0,1,1
3,11,77.5,33,0,1,1
3,11,82.5,27,0,1,1
4,30,22.5,1003,0,0,0
4,30,27.5,591,0,0,0
4,30,32.5,481,0,0,0
4,30,37.5,405,0,0,0
4,30,42.5,462,0,0,0
4,30,47.5,397,0,0,0
4,30,52.5,392,0,0,0
4,30,57.5,353,0,0,0
4,30,62.5,317,0,0,0
4,30,67.5,199,1,0,0
4,30,72.5,115,0,0,0
4,30,77.5,71,1,0,0
4,30,82.5,75,0,0,0
4,30,22.5,1003,1,0,1
4,30,27.5,591,0,0,1
4,30,32.5,481,0,0,1
4,30,37.5,405,0,0,1
4,30,42.5,462,1,0,1
4,30,47.5,397,0,0,1
4,30,52.5,392,1,0,1
4,30,57.5,353,1,0,1
4,30,62.5,317,0,0,1
4,30,67.5,199,1,0,1
4,30,72.5,115,0,0,1
4,30,77.5,71,0,0,1
4,30,82.5,75,0,0,1
4,30,22.5,1187,0,1,0
4,30,27.5,782,0,1,0
4,30,32.5,549,0,1,0
4,30,37.5,472,0,1,0
4,30,42.5,469,0,1,0
4,30,47.5,421,0,1,0
4,30,52.5,379,0,1,0
4,30,57.5,323,2,1,0
4,30,62.5,312,0,1,0
4,30,67.5,232,0,1,0
4,30,72.5,157,0,1,0
4,30,77.5,60,0,1,0
4,30,82.5,45,1,1,0
4,30,22.5,1187,0,1,1
4,30,27.5,782,0,1,1
4,30,32.5,549,0,1,1
4,30,37.5,472,0,1,1
4,30,42.5,469,0,1,1
4,30,47.5,421,0,1,1
4,30,52.5,379,1,1,1
4,30,57.5,323,0,1,1
4,30,62.5,312,0,1,1
4,30,67.5,232,1,1,1
4,30,72.5,157,1,1,1
4,30,77.5,60,1,1,1
4,30,82.5,45,0,1,1
5,32,22.5,1545,0,0,0
5,32,27.5,865,0,0,0
5,32,32.5,673,0,0,0
5,32,37.5,709,0,0,0
5,32,42.5,744,0,0,0
5,32,47.5,644,0,0,0
5,32,52.5,563,1,0,0
5,32,57.5,439,0,0,0
5,32,62.5,318,0,0,0
5,32,67.5,238,1,0,0
5,32,72.5,167,0,0,0
5,32,77.5,92,0,0,0
5,32,82.5,36,1,0,0
5,32,22.5,1545,0,0,1
5,32,27.5,865,0,0,1
5,32,32.5,673,0,0,1
5,32,37.5,709,0,0,1
5,32,42.5,744,0,0,1
5,32,47.5,644,0,0,1
5,32,52.5,563,2,0,1
5,32,57.5,439,0,0,1
5,32,62.5,318,0,0,1
5,32,67.5,238,0,0,1
5,32,72.5,167,0,0,1
5,32,77.5,92,0,0,1
5,32,82.5,36,0,0,1
5,32,22.5,1792,0,1,0
5,32,27.5,1217,0,1,0
5,32,32.5,854,0,1,0
5,32,37.5,745,0,1,0
5,32,42.5,733,1,1,0
5,32,47.5,671,0,1,0
5,32,52.5,570,0,1,0
5,32,57.5,463,0,1,0
5,32,62.5,317,0,1,0
5,32,67.5,220,0,1,0
5,32,72.5,159,0,1,0
5,32,77.5,59,2,1,0
5,32,82.5,51,0,1,0
5,32,22.5,1792,0,1,1
5,32,27.5,1217,0,1,1
5,32,32.5,854,0,1,1
5,32,37.5,745,0,1,1
5,32,42.5,733,1,1,1
5,32,47.5,671,0,1,1
5,32,52.5,570,0,1,1
5,32,57.5,463,1,1,1
5,32,62.5,317,0,1,1
5,32,67.5,220,0,1,1
5,32,72.5,159,3,1,1
5,32,77.5,59,1,1,1
5,32,82.5,51,0,1,1
6,32,22.5,469,0,0,0
6,32,27.5,260,0,0,0
6,32,32.5,198,0,0,0
6,32,37.5,199,0,0,0
6,32,42.5,183,0,0,0
6,32,47.5,227,0,0,0
6,32,52.5,162,0,0,0
6,32,57.5,219,0,0,0
6,32,62.5,194,0,0,0
6,32,67.5,126,0,0,0
6,32,72.5,77,1,0,0
6,32,77.5,35,1,0,0
6,32,82.5,43,1,0,0
6,32,22.5,469,0,0,1
6,32,27.5,260,0,0,1
6,32,32.5,198,0,0,1
6,32,37.5,199,0,0,1
6,32,42.5,183,0,0,1
6,32,47.5,227,0,0,1
6,32,52.5,162,0,0,1
6,32,57.5,219,0,0,1
6,32,62.5,194,0,0,1
6,32,67.5,126,0,0,1
6,32,72.5,77,0,0,1
6,32,77.5,35,1,0,1
6,32,82.5,43,0,0,1
6,32,22.5,584,0,1,0
6,32,27.5,393,0,1,0
6,32,32.5,237,0,1,0
6,32,37.5,222,0,1,0
6,32,42.5,232,0,1,0
6,32,47.5,216,0,1,0
6,32,52.5,194,0,1,0
6,32,57.5,162,0,1,0
6,32,62.5,173,1,1,0
6,32,67.5,122,0,1,0
6,32,72.5,88,1,1,0
6,32,77.5,38,2,1,0
6,32,82.5,28,0,1,0
6,32,22.5,584,0,1,1
6,32,27.5,393,0,1,1
6,32,32.5,237,0,1,1
6,32,37.5,222,0,1,1
6,32,42.5,232,0,1,1
6,32,47.5,216,0,1,1
6,32,52.5,194,1,1,1
6,32,57.5,162,0,1,1
6,32,62.5,173,0,1,1
6,32,67.5,122,0,1,1
6,32,72.5,88,1,1,1
6,32,77.5,38,0,1,1
6,32,82.5,28,1,1,1
7,42,22.5,2063,0,0,0
7,42,27.5,1267,0,0,0
7,42,32.5,1101,0,0,0
7,42,37.5,1038,0,0,0
7,42,42.5,984,0,0,0
7,42,47.5,932,0,0,0
7,42,52.5,738,0,0,0
7,42,57.5,567,0,0,0
7,42,62.5,497,0,0,0
7,42,67.5,427,0,0,0
7,42,72.5,321,0,0,0
7,42,77.5,178,0,0,0
7,42,82.5,114,0,0,0
7,42,22.5,2063,0,0,1
7,42,27.5,1267,0,0,1
7,42,32.5,1101,0,0,1
7,42,37.5,1038,0,0,1
7,42,42.5,984,0,0,1
7,42,47.5,932,0,0,1
7,42,52.5,738,0,0,1
7,42,57.5,567,0,0,1
7,42,62.5,497,0,0,1
7,42,67.5,427,0,0,1
7,42,72.5,321,0,0,1
7,42,77.5,178,0,0,1
7,42,82.5,114,0,0,1
7,42,22.5,2188,0,1,0
7,42,27.5,1509,0,1,0
7,42,32.5,1065,0,1,0
7,42,37.5,1036,0,1,0
7,42,42.5,1051,0,1,0
7,42,47.5,951,0,1,0
7,42,52.5,820,0,1,0
7,42,57.5,637,0,1,0
7,42,62.5,511,0,1,0
7,42,67.5,408,0,1,0
7,42,72.5,247,0,1,0
7,42,77.5,122,0,1,0
7,42,82.5,84,0,1,0
7,42,22.5,2188,0,1,1
7,42,27.5,1509,0,1,1
7,42,32.5,1065,0,1,1
7,42,37.5,1036,0,1,1
7,42,42.5,1051,0,1,1
7,42,47.5,951,0,1,1
7,42,52.5,820,0,1,1
7,42,57.5,637,0,1,1
7,42,62.5,511,0,1,1
7,42,67.5,408,0,1,1
7,42,72.5,247,0,1,1
7,42,77.5,122,0,1,1
7,42,82.5,84,0,1,1
8,45,22.5,1432,0,0,0
8,45,27.5,830,0,0,0
8,45,32.5,553,0,0,0
8,45,37.5,520,0,0,0
8,45,42.5,650,0,0,0
8,45,47.5,710,0,0,0
8,45,52.5,662,0,0,0
8,45,57.5,456,0,0,0
8,45,62.5,320,0,0,0
8,45,67.5,232,0,0,0
8,45,72.5,213,0,0,0
8,45,77.5,129,0,0,0
8,45,82.5,113,0,0,0
8,45,22.5,1432,0,0,1
8,45,27.5,830,0,0,1
8,45,32.5,553,0,0,1
8,45,37.5,520,0,0,1
8,45,42.5,650,0,0,1
8,45,47.5,710,0,0,1
8,45,52.5,662,0,0,1
8,45,57.5,456,0,0,1
8,45,62.5,320,0,0,1
8,45,67.5,232,0,0,1
8,45,72.5,213,0,0,1
8,45,77.5,129,0,0,1
8,45,82.5,113,0,0,1
8,45,22.5,1981,0,1,0
8,45,27.5,1203,0,1,0
8,45,32.5,719,0,1,0
8,45,37.5,574,0,1,0
8,45,42.5,644,0,1,0
8,45,47.5,709,0,1,0
8,45,52.5,637,0,1,0
8,45,57.5,458,0,1,0
8,45,62.5,282,0,1,0
8,45,67.5,157,0,1,0
8,45,72.5,155,0,1,0
8,45,77.5,122,0,1,0
8,45,82.5,75,0,1,0
8,45,22.5,1981,0,1,1
8,45,27.5,1203,0,1,1
8,45,32.5,719,0,1,1
8,45,37.5,574,0,1,1
8,45,42.5,644,0,1,1
8,45,47.5,709,0,1,1
8,45,52.5,637,0,1,1
8,45,57.5,458,0,1,1
8,45,62.5,282,0,1,1
8,45,67.5,157,0,1,1
8,45,72.5,155,0,1,1
8,45,77.5,122,0,1,1
8,45,82.5,75,0,1,1
9,50,22.5,1100,0,0,0
9,50,27.5,603,0,0,0
9,50,32.5,436,0,0,0
9,50,37.5,525,0,0,0
9,50,42.5,624,0,0,0
9,50,47.5,636,0,0,0
9,50,52.5,466,0,0,0
9,50,57.5,366,0,0,0
9,50,62.5,370,0,0,0
9,50,67.5,309,0,0,0
9,50,72.5,214,0,0,0
9,50,77.5,111,0,0,0
9,50,82.5,128,0,0,0
9,50,22.5,1100,0,0,1
9,50,27.5,603,0,0,1
9,50,32.5,436,0,0,1
9,50,37.5,525,0,0,1
9,50,42.5,624,0,0,1
9,50,47.5,636,0,0,1
9,50,52.5,466,0,0,1
9,50,57.5,366,0,0,1
9,50,62.5,370,0,0,1
9,50,67.5,309,0,0,1
9,50,72.5,214,0,0,1
9,50,77.5,111,0,0,1
9,50,82.5,128,0,0,1
9,50,22.5,1468,0,1,0
9,50,27.5,807,0,1,0
9,50,32.5,553,0,1,0
9,50,37.5,508,0,1,0
9,50,42.5,619,0,1,0
9,50,47.5,621,0,1,0
9,50,52.5,485,0,1,0
9,50,57.5,359,0,1,0
9,50,62.5,325,0,1,0
9,50,67.5,247,1,1,0
9,50,72.5,235,0,1,0
9,50,77.5,155,0,1,0
9,50,82.5,119,0,1,0
9,50,22.5,1468,0,1,1
9,50,27.5,807,0,1,1
9,50,32.5,553,0,1,1
9,50,37.5,508,0,1,1
9,50,42.5,619,0,1,1
9,50,47.5,621,0,1,1
9,50,52.5,485,0,1,1
9,50,57.5,359,0,1,1
9,50,62.5,325,0,1,1
9,50,67.5,247,0,1,1
9,50,72.5,235,0,1,1
9,50,77.5,155,0,1,1
9,50,82.5,119,0,1,1
10,56,22.5,1105,0,0,0
10,56,27.5,480,0,0,0
10,56,32.5,414,0,0,0
10,56,37.5,466,0,0,0
10,56,42.5,582,0,0,0
10,56,47.5,563,0,0,0
10,56,52.5,447,0,0,0
10,56,57.5,365,1,0,0
10,56,62.5,283,2,0,0
10,56,67.5,168,0,0,0
10,56,72.5,125,1,0,0
10,56,77.5,57,0,0,0
10,56,82.5,39,0,0,0
10,56,22.5,1105,0,0,1
10,56,27.5,480,0,0,1
10,56,32.5,414,0,0,1
10,56,37.5,466,0,0,1
10,56,42.5,582,0,0,1
10,56,47.5,563,1,0,1
10,56,52.5,447,1,0,1
10,56,57.5,365,0,0,1
10,56,62.5,283,2,0,1
10,56,67.5,168,2,0,1
10,56,72.5,125,1,0,1
10,56,77.5,57,0,0,1
10,56,82.5,39,0,0,1
10,56,22.5,1543,0,1,0
10,56,27.5,777,0,1,0
10,56,32.5,464,0,1,0
10,56,37.5,499,0,1,0
10,56,42.5,617,0,1,0
10,56,47.5,898,0,1,0
10,56,52.5,460,0,1,0
10,56,57.5,373,0,1,0
10,56,62.5,244,0,1,0
10,56,67.5,174,1,1,0
10,56,72.5,97,1,1,0
10,56,77.5,41,1,1,0
10,56,82.5,51,0,1,0
10,56,22.5,1543,0,1,1
10,56,27.5,777,0,1,1
10,56,32.5,464,0,1,1
10,56,37.5,499,0,1,1
10,56,42.5,617,0,1,1
10,56,47.5,898,0,1,1
10,56,52.5,460,0,1,1
10,56,57.5,373,1,1,1
10,56,62.5,244,1,1,1
10,56,67.5,174,0,1,1
10,56,72.5,97,2,1,1
10,56,77.5,41,1,1,1
10,56,82.5,51,0,1,1
11,60,22.5,1893,0,0,0
11,60,27.5,1032,0,0,0
11,60,32.5,668,0,0,0
11,60,37.5,787,0,0,0
11,60,42.5,950,0,0,0
11,60,47.5,878,1,0,0
11,60,52.5,807,0,0,0
11,60,57.5,629,0,0,0
11,60,62.5,559,0,0,0
11,60,67.5,455,0,0,0
11,60,72.5,298,0,0,0
11,60,77.5,150,1,0,0
11,60,82.5,121,0,0,0
11,60,22.5,1893,0,0,1
11,60,27.5,1032,0,0,1
11,60,32.5,668,0,0,1
11,60,37.5,787,0,0,1
11,60,42.5,950,1,0,1
11,60,47.5,878,0,0,1
11,60,52.5,807,0,0,1
11,60,57.5,629,0,0,1
11,60,62.5,559,0,0,1
11,60,67.5,455,0,0,1
11,60,72.5,298,0,0,1
11,60,77.5,150,0,0,1
11,60,82.5,121,0,0,1
11,60,22.5,2527,0,1,0
11,60,27.5,1443,0,1,0
11,60,32.5,816,0,1,0
11,60,37.5,747,0,1,0
11,60,42.5,902,0,1,0
11,60,47.5,944,0,1,0
11,60,52.5,810,0,1,0
11,60,57.5,607,0,1,0
11,60,62.5,475,0,1,0
11,60,67.5,381,0,1,0
11,60,72.5,249,0,1,0
11,60,77.5,146,0,1,0
11,60,82.5,60,1,1,0
11,60,22.5,2527,0,1,1
11,60,27.5,1443,0,1,1
11,60,32.5,816,0,1,1
11,60,37.5,747,0,1,1
11,60,42.5,902,0,1,1
11,60,47.5,944,0,1,1
11,60,52.5,810,0,1,1
11,60,57.5,607,0,1,1
11,60,62.5,475,0,1,1
11,60,67.5,381,0,1,1
11,60,72.5,249,1,1,1
11,60,77.5,146,0,1,1
11,60,82.5,60,0,1,1
12,65,22.5,1199,0,0,0
12,65,27.5,587,0,0,0
12,65,32.5,451,0,0,0
12,65,37.5,491,0,0,0
12,65,42.5,521,0,0,0
12,65,47.5,553,0,0,0
12,65,52.5,537,0,0,0
12,65,57.5,487,0,0,0
12,65,62.5,404,0,0,0
12,65,67.5,299,0,0,0
12,65,72.5,197,0,0,0
12,65,77.5,103,0,0,0
12,65,82.5,98,0,0,0
12,65,22.5,1199,0,0,1
12,65,27.5,587,0,0,1
12,65,32.5,451,0,0,1
12,65,37.5,491,0,0,1
12,65,42.5,521,1,0,1
12,65,47.5,553,0,0,1
12,65,52.5,537,0,0,1
12,65,57.5,487,0,0,1
12,65,62.5,404,1,0,1
12,65,67.5,299,1,0,1
12,65,72.5,197,0,0,1
12,65,77.5,103,2,0,1
12,65,82.5,98,0,0,1
12,65,22.5,1563,0,1,0
12,65,27.5,944,0,1,0
12,65,32.5,592,0,1,0
12,65,37.5,498,0,1,0
12,65,42.5,583,0,1,0
12,65,47.5,512,0,1,0
12,65,52.5,426,0,1,0
12,65,57.5,382,0,1,0
12,65,62.5,377,0,1,0
12,65,67.5,314,0,1,0
12,65,72.5,183,0,1,0
12,65,77.5,120,0,1,0
12,65,82.5,80,0,1,0
12,65,22.5,1563,0,1,1
12,65,27.5,944,0,1,1
12,65,32.5,592,0,1,1
12,65,37.5,498,0,1,1
12,65,42.5,583,1,1,1
12,65,47.5,512,0,1,1
12,65,52.5,426,1,1,1
12,65,57.5,382,0,1,1
12,65,62.5,377,0,1,1
12,65,67.5,314,0,1,1
12,65,72.5,183,0,1,1
12,65,77.5,120,0,1,1
12,65,82.5,80,0,1,1
13,73,22.5,2394,0,0,0
13,73,27.5,1360,0,0,0
13,73,32.5,1183,0,0,0
13,73,37.5,1209,1,0,0
13,73,42.5,1261,0,0,0
13,73,47.5,1046,0,0,0
13,73,52.5,853,0,0,0
13,73,57.5,725,0,0,0
13,73,62.5,671,0,0,0
13,73,67.5,546,0,0,0
13,73,72.5,355,0,0,0
13,73,77.5,192,0,0,0
13,73,82.5,142,0,0,0
13,73,22.5,2394,0,0,1
13,73,27.5,1360,0,0,1
13,73,32.5,1183,0,0,1
13,73,37.5,1209,0,0,1
13,73,42.5,1261,0,0,1
13,73,47.5,1046,0,0,1
13,73,52.5,853,0,0,1
13,73,57.5,725,0,0,1
13,73,62.5,671,0,0,1
13,73,67.5,546,0,0,1
13,73,72.5,355,0,0,1
13,73,77.5,192,0,0,1
13,73,82.5,142,0,0,1
13,73,22.5,2796,0,1,0
13,73,27.5,1759,0,1,0
13,73,32.5,1302,0,1,0
13,73,37.5,1289,0,1,0
13,73,42.5,1401,0,1,0
13,73,47.5,1066,0,1,0
13,73,52.5,864,0,1,0
13,73,57.5,653,0,1,0
13,73,62.5,550,0,1,0
13,73,67.5,442,0,1,0
13,73,72.5,350,0,1,0
13,73,77.5,214,0,1,0
13,73,82.5,81,0,1,0
13,73,22.5,2796,0,1,1
13,73,27.5,1759,0,1,1
13,73,32.5,1302,0,1,1
13,73,37.5,1289,0,1,1
13,73,42.5,1401,0,1,1
13,73,47.5,1066,0,1,1
13,73,52.5,864,1,1,1
13,73,57.5,653,0,1,1
13,73,62.5,550,0,1,1
13,73,67.5,442,0,1,1
13,73,72.5,350,0,1,1
13,73,77.5,214,0,1,1
13,73,82.5,81,1,1,1
14,80,22.5,2149,0,0,0
14,80,27.5,1318,0,0,0
14,80,32.5,1018,0,0,0
14,80,37.5,857,0,0,0
14,80,42.5,988,0,0,0
14,80,47.5,1018,0,0,0
14,80,52.5,879,0,0,0
14,80,57.5,709,0,0,0
14,80,62.5,483,0,0,0
14,80,67.5,417,0,0,0
14,80,72.5,220,0,0,0
14,80,77.5,137,0,0,0
14,80,82.5,139,0,0,0
14,80,22.5,2149,0,0,1
14,80,27.5,1318,0,0,1
14,80,32.5,1018,0,0,1
14,80,37.5,857,0,0,1
14,80,42.5,988,0,0,1
14,80,47.5,1018,0,0,1
14,80,52.5,879,0,0,1
14,80,57.5,709,0,0,1
14,80,62.5,483,1,0,1
14,80,67.5,417,0,0,1
14,80,72.5,220,0,0,1
14,80,77.5,137,1,0,1
14,80,82.5,139,0,0,1
14,80,22.5,2477,0,1,0
14,80,27.5,1667,0,1,0
14,80,32.5,939,0,1,0
14,80,37.5,782,0,1,0
14,80,42.5,878,0,1,0
14,80,47.5,1028,0,1,0
14,80,52.5,1147,0,1,0
14,80,57.5,1030,0,1,0
14,80,62.5,589,0,1,0
14,80,67.5,348,0,1,0
14,80,72.5,223,0,1,0
14,80,77.5,113,0,1,0
14,80,82.5,86,1,1,0
14,80,22.5,2477,0,1,1
14,80,27.5,1667,0,1,1
14,80,32.5,939,0,1,1
14,80,37.5,782,0,1,1
14,80,42.5,878,0,1,1
14,80,47.5,1028,0,1,1
14,80,52.5,1147,0,1,1
14,80,57.5,1030,0,1,1
14,80,62.5,589,0,1,1
14,80,67.5,348,1,1,1
14,80,72.5,223,1,1,1
14,80,77.5,113,0,1,1
14,80,82.5,86,0,1,1
15,100,22.5,1439,0,0,0
15,100,27.5,744,0,0,0
15,100,32.5,415,0,0,0
15,100,37.5,510,0,0,0
15,100,42.5,564,0,0,0
15,100,47.5,573,0,0,0
15,100,52.5,467,0,0,0
15,100,57.5,402,0,0,0
15,100,62.5,385,0,0,0
15,100,67.5,335,0,0,0
15,100,72.5,254,0,0,0
15,100,77.5,168,0,0,0
15,100,82.5,136,0,0,0
15,100,22.5,1439,0,0,1
15,100,27.5,744,0,0,1
15,100,32.5,415,0,0,1
15,100,37.5,510,0,0,1
15,100,42.5,564,0,0,1
15,100,47.5,573,0,0,1
15,100,52.5,467,0,0,1
15,100,57.5,402,0,0,1
15,100,62.5,385,0,0,1
15,100,67.5,335,0,0,1
15,100,72.5,254,0,0,1
15,100,77.5,168,0,0,1
15,100,82.5,136,1,0,1
15,100,22.5,1613,0,1,0
15,100,27.5,1042,0,1,0
15,100,32.5,638,0,1,0
15,100,37.5,510,0,1,0
15,100,42.5,624,0,1,0
15,100,47.5,628,0,1,0
15,100,52.5,513,0,1,0
15,100,57.5,405,0,1,0
15,100,62.5,326,0,1,0
15,100,67.5,252,0,1,0
15,100,72.5,169,0,1,0
15,100,77.5,107,0,1,0
15,100,82.5,68,0,1,0
15,100,22.5,1613,0,1,1
15,100,27.5,1042,0,1,1
15,100,32.5,638,0,1,1
15,100,37.5,510,0,1,1
15,100,42.5,624,0,1,1
15,100,47.5,628,1,1,1
15,100,52.5,513,0,1,1
15,100,57.5,405,0,1,1
15,100,62.5,326,1,1,1
15,100,67.5,252,0,1,1
15,100,72.5,169,1,1,1
15,100,77.5,107,0,1,1
15,100,82.5,68,0,1,1
16,110,22.5,1110,0,0,0
16,110,27.5,586,0,0,0
16,110,32.5,477,0,0,0
16,110,37.5,502,0,0,0
16,110,42.5,575,0,0,0
16,110,47.5,521,0,0,0
16,110,52.5,447,1,0,0
16,110,57.5,392,1,0,0
16,110,62.5,302,1,0,0
16,110,67.5,195,0,0,0
16,110,72.5,101,0,0,0
16,110,77.5,65,0,0,0
16,110,82.5,37,0,0,0
16,110,22.5,1110,0,0,1
16,110,27.5,586,0,0,1
16,110,32.5,477,1,0,1
16,110,37.5,502,0,0,1
16,110,42.5,575,0,0,1
16,110,47.5,521,0,0,1
16,110,52.5,447,2,0,1
16,110,57.5,392,0,0,1
16,110,62.5,302,0,0,1
16,110,67.5,195,2,0,1
16,110,72.5,101,0,0,1
16,110,77.5,65,0,0,1
16,110,82.5,37,0,0,1
16,110,22.5,1508,0,1,0
16,110,27.5,809,0,1,0
16,110,32.5,522,0,1,0
16,110,37.5,582,0,1,0
16,110,42.5,519,0,1,0
16,110,47.5,506,0,1,0
16,110,52.5,404,2,1,0
16,110,57.5,316,0,1,0
16,110,62.5,243,1,1,0
16,110,67.5,170,2,1,0
16,110,72.5,113,0,1,0
16,110,77.5,39,0,1,0
16,110,82.5,22,1,1,0
16,110,22.5,1508,0,1,1
16,110,27.5,809,0,1,1
16,110,32.5,522,0,1,1
16,110,37.5,582,0,1,1
16,110,42.5,519,0,1,1
16,110,47.5,506,1,1,1
16,110,52.5,404,1,1,1
16,110,57.5,316,0,1,1
16,110,62.5,243,0,1,1
16,110,67.5,170,0,1,1
16,110,72.5,113,1,1,1
16,110,77.5,39,1,1,1
16,110,82.5,22,0,1,1
17,110,22.5,718,0,0,0
17,110,27.5,449,0,0,0
17,110,32.5,290,0,0,0
17,110,37.5,329,0,0,0
17,110,42.5,397,0,0,0
17,110,47.5,401,0,0,0
17,110,52.5,333,0,0,0
17,110,57.5,251,1,0,0
17,110,62.5,203,1,0,0
17,110,67.5,175,0,0,0
17,110,72.5,156,0,0,0
17,110,77.5,62,0,0,0
17,110,82.5,69,0,0,0
17,110,22.5,718,0,0,1
17,110,27.5,449,0,0,1
17,110,32.5,290,0,0,1
17,110,37.5,329,0,0,1
17,110,42.5,397,0,0,1
17,110,47.5,401,1,0,1
17,110,52.5,333,0,0,1
17,110,57.5,251,0,0,1
17,110,62.5,203,1,0,1
17,110,67.5,175,0,0,1
17,110,72.5,156,0,0,1
17,110,77.5,62,0,0,1
17,110,82.5,69,0,0,1
17,110,22.5,1044,0,1,0
17,110,27.5,639,0,1,0
17,110,32.5,363,0,1,0
17,110,37.5,390,0,1,0
17,110,42.5,392,0,1,0
17,110,47.5,408,0,1,0
17,110,52.5,295,0,1,0
17,110,57.5,238,0,1,0
17,110,62.5,205,0,1,0
17,110,67.5,116,0,1,0
17,110,72.5,101,0,1,0
17,110,77.5,41,0,1,0
17,110,82.5,17,0,1,0
17,110,22.5,1044,0,1,1
17,110,27.5,639,0,1,1
17,110,32.5,363,0,1,1
17,110,37.5,390,0,1,1
17,110,42.5,392,0,1,1
17,110,47.5,408,0,1,1
17,110,52.5,295,1,1,1
17,110,57.5,238,0,1,1
17,110,62.5,205,0,1,1
17,110,67.5,116,1,1,1
17,110,72.5,101,0,1,1
17,110,77.5,41,1,1,1
17,110,82.5,17,0,1,1
18,123,22.5,674,0,0,0
18,123,27.5,436,0,0,0
18,123,32.5,360,0,0,0
18,123,37.5,440,0,0,0
18,123,42.5,385,0,0,0
18,123,47.5,396,0,0,0
18,123,52.5,363,0,0,0
18,123,57.5,313,0,0,0
18,123,62.5,280,0,0,0
18,123,67.5,272,0,0,0
18,123,72.5,210,0,0,0
18,123,77.5,113,0,0,0
18,123,82.5,49,0,0,0
18,123,22.5,674,0,0,1
18,123,27.5,436,0,0,1
18,123,32.5,360,0,0,1
18,123,37.5,440,0,0,1
18,123,42.5,385,0,0,1
18,123,47.5,396,0,0,1
18,123,52.5,363,0,0,1
18,123,57.5,313,1,0,1
18,123,62.5,280,0,0,1
18,123,67.5,272,0,0,1
18,123,72.5,210,1,0,1
18,123,77.5,113,0,0,1
18,123,82.5,49,0,0,1
18,123,22.5,1022,0,1,0
18,123,27.5,682,0,1,0
18,123,32.5,429,0,1,0
18,123,37.5,492,0,1,0
18,123,42.5,454,0,1,0
18,123,47.5,394,0,1,0
18,123,52.5,286,0,1,0
18,123,57.5,266,0,1,0
18,123,62.5,252,0,1,0
18,123,67.5,192,0,1,0
18,123,72.5,101,0,1,0
18,123,77.5,90,0,1,0
18,123,82.5,49,0,1,0
18,123,22.5,1022,0,1,1
18,123,27.5,682,0,1,1
18,123,32.5,429,0,1,1
18,123,37.5,492,0,1,1
18,123,42.5,454,0,1,1
18,123,47.5,394,0,1,1
18,123,52.5,286,0,1,1
18,123,57.5,266,0,1,1
18,123,62.5,252,0,1,1
18,123,67.5,192,0,1,1
18,123,72.5,101,0,1,1
18,123,77.5,90,0,1,1
18,123,82.5,49,1,1,1
19,126,22.5,1196,0,0,0
19,126,27.5,501,0,0,0
19,126,32.5,443,0,0,0
19,126,37.5,510,0,0,0
19,126,42.5,609,0,0,0
19,126,47.5,610,0,0,0
19,126,52.5,544,0,0,0
19,126,57.5,453,0,0,0
19,126,62.5,408,1,0,0
19,126,67.5,295,0,0,0
19,126,72.5,226,0,0,0
19,126,77.5,142,0,0,0
19,126,82.5,89,0,0,0
19,126,22.5,1196,0,0,1
19,126,27.5,501,0,0,1
19,126,32.5,443,0,0,1
19,126,37.5,510,0,0,1
19,126,42.5,609,0,0,1
19,126,47.5,610,0,0,1
19,126,52.5,544,1,0,1
19,126,57.5,453,0,0,1
19,126,62.5,408,0,0,1
19,126,67.5,295,0,0,1
19,126,72.5,226,0,0,1
19,126,77.5,142,0,0,1
19,126,82.5,89,1,0,1
19,126,22.5,1616,0,1,0
19,126,27.5,897,0,1,0
19,126,32.5,516,0,1,0
19,126,37.5,485,0,1,0
19,126,42.5,588,0,1,0
19,126,47.5,555,0,1,0
19,126,52.5,474,0,1,0
19,126,57.5,411,0,1,0
19,126,62.5,345,0,1,0
19,126,67.5,285,0,1,0
19,126,72.5,184,0,1,0
19,126,77.5,104,0,1,0
19,126,82.5,48,0,1,0
19,126,22.5,1616,0,1,1
19,126,27.5,897,0,1,1
19,126,32.5,516,0,1,1
19,126,37.5,485,0,1,1
19,126,42.5,588,0,1,1
19,126,47.5,555,0,1,1
19,126,52.5,474,0,1,1
19,126,57.5,411,0,1,1
19,126,62.5,345,0,1,1
19,126,67.5,285,1,1,1
19,126,72.5,184,1,1,1
19,126,77.5,104,0,1,1
19,126,82.5,48,0,1,1
20,256,22.5,1949,0,0,0
20,256,27.5,981,0,0,0
20,256,32.5,755,0,0,0
20,256,37.5,787,0,0,0
20,256,42.5,912,0,0,0
20,256,47.5,872,0,0,0
20,256,52.5,759,0,0,0
20,256,57.5,540,0,0,0
20,256,62.5,464,1,0,0
20,256,67.5,352,1,0,0
20,256,72.5,262,0,0,0
20,256,77.5,111,0,0,0
20,256,82.5,125,0,0,0
20,256,22.5,1949,0,0,1
20,256,27.5,981,0,0,1
20,256,32.5,755,0,0,1
20,256,37.5,787,0,0,1
20,256,42.5,912,0,0,1
20,256,47.5,872,1,0,1
20,256,52.5,759,0,0,1
20,256,57.5,540,0,0,1
20,256,62.5,464,0,0,1
20,256,67.5,352,0,0,1
20,256,72.5,262,0,0,1
20,256,77.5,111,0,0,1
20,256,82.5,125,0,0,1
20,256,22.5,2506,0,1,0
20,256,27.5,1455,0,1,0
20,256,32.5,923,0,1,0
20,256,37.5,796,0,1,0
20,256,42.5,929,0,1,0
20,256,47.5,853,0,1,0
20,256,52.5,708,0,1,0
20,256,57.5,510,0,1,0
20,256,62.5,392,0,1,0
20,256,67.5,275,0,1,0
20,256,72.5,202,0,1,0
20,256,77.5,111,0,1,0
20,256,82.5,42,0,1,0
20,256,22.5,2506,0,1,1
20,256,27.5,1455,0,1,1
20,256,32.5,923,0,1,1
20,256,37.5,796,0,1,1
20,256,42.5,929,0,1,1
20,256,47.5,853,0,1,1
20,256,52.5,708,0,1,1
20,256,57.5,510,2,1,1
20,256,62.5,392,0,1,1
20,256,67.5,275,2,1,1
20,256,72.5,202,2,1,1
20,256,77.5,111,0,1,1
20,256,82.5,42,1,1,1
21,256,22.5,686,0,0,0
21,256,27.5,240,0,0,0
21,256,32.5,277,0,0,0
21,256,37.5,254,0,0,0
21,256,42.5,234,0,0,0
21,256,47.5,376,0,0,0
21,256,52.5,362,0,0,0
21,256,57.5,241,0,0,0
21,256,62.5,285,1,0,0
21,256,67.5,188,0,0,0
21,256,72.5,165,2,0,0
21,256,77.5,61,0,0,0
21,256,82.5,43,0,0,0
21,256,22.5,686,0,0,1
21,256,27.5,240,0,0,1
21,256,32.5,277,0,0,1
21,256,37.5,254,0,0,1
21,256,42.5,234,0,0,1
21,256,47.5,376,0,0,1
21,256,52.5,362,0,0,1
21,256,57.5,241,0,0,1
21,256,62.5,285,1,0,1
21,256,67.5,188,0,0,1
21,256,72.5,165,1,0,1
21,256,77.5,61,0,0,1
21,256,82.5,43,0,0,1
21,256,22.5,1036,0,1,0
21,256,27.5,511,0,1,0
21,256,32.5,249,0,1,0
21,256,37.5,277,0,1,0
21,256,42.5,255,0,1,0
21,256,47.5,281,0,1,0
21,256,52.5,353,0,1,0
21,256,57.5,226,0,1,0
21,256,62.5,204,0,1,0
21,256,67.5,201,1,1,0
21,256,72.5,153,0,1,0
21,256,77.5,83,0,1,0
21,256,82.5,43,0,1,0
21,256,22.5,1036,0,1,1
21,256,27.5,511,0,1,1
21,256,32.5,249,0,1,1
21,256,37.5,277,0,1,1
21,256,42.5,255,0,1,1
21,256,47.5,281,1,1,1
21,256,52.5,353,0,1,1
21,256,57.5,226,1,1,1
21,256,62.5,204,1,1,1
21,256,67.5,201,0,1,1
21,256,72.5,153,0,1,1
21,256,77.5,83,2,1,1
21,256,82.5,43,0,1,1
22,259,22.5,1100,0,0,0
22,259,27.5,572,0,0,0
22,259,32.5,401,0,0,0
22,259,37.5,365,0,0,0
22,259,42.5,521,0,0,0
22,259,47.5,453,0,0,0
22,259,52.5,480,0,0,0
22,259,57.5,389,0,0,0
22,259,62.5,289,0,0,0
22,259,67.5,193,0,0,0
22,259,72.5,131,0,0,0
22,259,77.5,101,0,0,0
22,259,82.5,84,0,0,0
22,259,22.5,1100,0,0,1
22,259,27.5,572,0,0,1
22,259,32.5,401,0,0,1
22,259,37.5,365,0,0,1
22,259,42.5,521,1,0,1
22,259,47.5,453,0,0,1
22,259,52.5,480,0,0,1
22,259,57.5,389,1,0,1
22,259,62.5,289,0,0,1
22,259,67.5,193,1,0,1
22,259,72.5,131,0,0,1
22,259,77.5,101,1,0,1
22,259,82.5,84,0,0,1
22,259,22.5,1425,0,1,0
22,259,27.5,773,0,1,0
22,259,32.5,468,0,1,0
22,259,37.5,379,0,1,0
22,259,42.5,457,0,1,0
22,259,47.5,439,0,1,0
22,259,52.5,403,0,1,0
22,259,57.5,374,0,1,0
22,259,62.5,346,1,1,0
22,259,67.5,273,0,1,0
22,259,72.5,143,0,1,0
22,259,77.5,45,0,1,0
22,259,82.5,61,1,1,0
22,259,22.5,1425,0,1,1
22,259,27.5,773,0,1,1
22,259,32.5,468,0,1,1
22,259,37.5,379,0,1,1
22,259,42.5,457,0,1,1
22,259,47.5,439,0,1,1
22,259,52.5,403,0,1,1
22,259,57.5,374,1,1,1
22,259,62.5,346,1,1,1
22,259,67.5,273,1,1,1
22,259,72.5,143,1,1,1
22,259,77.5,45,0,1,1
22,259,82.5,61,1,1,1
23,307,22.5,574,0,0,0
23,307,27.5,320,0,0,0
23,307,32.5,164,0,0,0
23,307,37.5,196,0,0,0
23,307,42.5,266,0,0,0
23,307,47.5,299,0,0,0
23,307,52.5,271,0,0,0
23,307,57.5,196,0,0,0
23,307,62.5,153,0,0,0
23,307,67.5,122,0,0,0
23,307,72.5,94,0,0,0
23,307,77.5,56,0,0,0
23,307,82.5,74,0,0,0
23,307,22.5,574,0,0,1
23,307,27.5,320,0,0,1
23,307,32.5,164,0,0,1
23,307,37.5,196,0,0,1
23,307,42.5,266,0,0,1
23,307,47.5,299,1,0,1
23,307,52.5,271,0,0,1
23,307,57.5,196,1,0,1
23,307,62.5,153,0,0,1
23,307,67.5,122,0,0,1
23,307,72.5,94,1,0,1
23,307,77.5,56,0,0,1
23,307,82.5,74,0,0,1
23,307,22.5,733,0,1,0
23,307,27.5,398,0,1,0
23,307,32.5,202,0,1,0
23,307,37.5,213,0,1,0
23,307,42.5,272,0,1,0
23,307,47.5,292,0,1,0
23,307,52.5,239,0,1,0
23,307,57.5,154,0,1,0
23,307,62.5,169,0,1,0
23,307,67.5,140,0,1,0
23,307,72.5,85,1,1,0
23,307,77.5,32,0,1,0
23,307,82.5,24,0,1,0
23,307,22.5,733,0,1,1
23,307,27.5,398,0,1,1
23,307,32.5,202,0,1,1
23,307,37.5,213,0,1,1
23,307,42.5,272,0,1,1
23,307,47.5,292,0,1,1
23,307,52.5,239,0,1,1
23,307,57.5,154,1,1,1
23,307,62.5,169,0,1,1
23,307,67.5,140,0,1,1
23,307,72.5,85,1,1,1
23,307,77.5,32,0,1,1
23,307,82.5,24,0,1,1
24,307,22.5,793,0,0,0
24,307,27.5,466,0,0,0
24,307,32.5,356,0,0,0
24,307,37.5,490,0,0,0
24,307,42.5,556,0,0,0
24,307,47.5,520,0,0,0
24,307,52.5,388,0,0,0
24,307,57.5,268,0,0,0
24,307,62.5,237,0,0,0
24,307,67.5,188,0,0,0
24,307,72.5,127,0,0,0
24,307,77.5,60,0,0,0
24,307,82.5,56,0,0,0
24,307,22.5,793,0,0,1
24,307,27.5,466,0,0,1
24,307,32.5,356,0,0,1
24,307,37.5,490,0,0,1
24,307,42.5,556,0,0,1
24,307,47.5,520,0,0,1
24,307,52.5,388,0,0,1
24,307,57.5,268,0,0,1
24,307,62.5,237,0,0,1
24,307,67.5,188,0,0,1
24,307,72.5,127,0,0,1
24,307,77.5,60,0,0,1
24,307,82.5,56,1,0,1
24,307,22.5,1231,0,1,0
24,307,27.5,740,0,1,0
24,307,32.5,501,0,1,0
24,307,37.5,514,0,1,0
24,307,42.5,563,0,1,0
24,307,47.5,539,1,1,0
24,307,52.5,440,0,1,0
24,307,57.5,300,0,1,0
24,307,62.5,212,0,1,0
24,307,67.5,131,0,1,0
24,307,72.5,90,0,1,0
24,307,77.5,66,2,1,0
24,307,82.5,37,0,1,0
24,307,22.5,1231,0,1,1
24,307,27.5,740,0,1,1
24,307,32.5,501,0,1,1
24,307,37.5,514,1,1,1
24,307,42.5,563,0,1,1
24,307,47.5,539,2,1,1
24,307,52.5,440,0,1,1
24,307,57.5,300,0,1,1
24,307,62.5,212,1,1,1
24,307,67.5,131,0,1,1
24,307,72.5,90,0,1,1
24,307,77.5,66,0,1,1
24,307,82.5,37,0,1,1
25,350,22.5,659,0,0,0
25,350,27.5,346,0,0,0
25,350,32.5,273,0,0,0
25,350,37.5,283,0,0,0
25,350,42.5,385,0,0,0
25,350,47.5,390,0,0,0
25,350,52.5,292,0,0,0
25,350,57.5,262,0,0,0
25,350,62.5,243,0,0,0
25,350,67.5,236,0,0,0
25,350,72.5,102,0,0,0
25,350,77.5,68,0,0,0
25,350,82.5,47,0,0,0
25,350,22.5,659,0,0,1
25,350,27.5,346,0,0,1
25,350,32.5,273,0,0,1
25,350,37.5,283,0,0,1
25,350,42.5,385,1,0,1
25,350,47.5,390,0,0,1
25,350,52.5,292,0,0,1
25,350,57.5,262,0,0,1
25,350,62.5,243,0,0,1
25,350,67.5,236,0,0,1
25,350,72.5,102,0,0,1
25,350,77.5,68,0,0,1
25,350,82.5,47,0,0,1
25,350,22.5,1024,0,1,0
25,350,27.5,551,0,1,0
25,350,32.5,346,0,1,0
25,350,37.5,291,0,1,0
25,350,42.5,351,0,1,0
25,350,47.5,334,0,1,0
25,350,52.5,259,0,1,0
25,350,57.5,204,0,1,0
25,350,62.5,143,0,1,0
25,350,67.5,176,0,1,0
25,350,72.5,122,0,1,0
25,350,77.5,55,0,1,0
25,350,82.5,56,0,1,0
25,350,22.5,1024,0,1,1
25,350,27.5,551,0,1,1
25,350,32.5,346,0,1,1
25,350,37.5,291,0,1,1
25,350,42.5,351,0,1,1
25,350,47.5,334,0,1,1
25,350,52.5,259,0,1,1
25,350,57.5,204,0,1,1
25,350,62.5,143,0,1,1
25,350,67.5,176,0,1,1
25,350,72.5,122,0,1,1
25,350,77.5,55,0,1,1
25,350,82.5,56,0,1,1
26,398,22.5,538,0,0,0
26,398,27.5,272,0,0,0
26,398,32.5,211,0,0,0
26,398,37.5,232,0,0,0
26,398,42.5,274,0,0,0
26,398,47.5,321,0,0,0
26,398,52.5,292,0,0,0
26,398,57.5,175,0,0,0
26,398,62.5,153,0,0,0
26,398,67.5,122,1,0,0
26,398,72.5,96,0,0,0
26,398,77.5,23,0,0,0
26,398,82.5,14,0,0,0
26,398,22.5,538,0,0,1
26,398,27.5,272,0,0,1
26,398,32.5,211,0,0,1
26,398,37.5,232,0,0,1
26,398,42.5,274,0,0,1
26,398,47.5,321,0,0,1
26,398,52.5,292,0,0,1
26,398,57.5,175,0,0,1
26,398,62.5,153,0,0,1
26,398,67.5,122,1,0,1
26,398,72.5,96,0,0,1
26,398,77.5,23,0,0,1
26,398,82.5,14,0,0,1
26,398,22.5,745,0,1,0
26,398,27.5,380,0,1,0
26,398,32.5,269,0,1,0
26,398,37.5,218,0,1,0
26,398,42.5,250,0,1,0
26,398,47.5,327,0,1,0
26,398,52.5,294,0,1,0
26,398,57.5,224,0,1,0
26,398,62.5,167,0,1,0
26,398,67.5,103,0,1,0
26,398,72.5,60,1,1,0
26,398,77.5,19,0,1,0
26,398,82.5,13,0,1,0
26,398,22.5,745,0,1,1
26,398,27.5,380,0,1,1
26,398,32.5,269,0,1,1
26,398,37.5,218,0,1,1
26,398,42.5,250,0,1,1
26,398,47.5,327,0,1,1
26,398,52.5,294,0,1,1
26,398,57.5,224,0,1,1
26,398,62.5,167,0,1,1
26,398,67.5,103,0,1,1
26,398,72.5,60,0,1,1
26,398,77.5,19,0,1,1
26,398,82.5,13,0,1,1
27,406,22.5,770,0,0,0
27,406,27.5,315,0,0,0
27,406,32.5,239,0,0,0
27,406,37.5,355,0,0,0
27,406,42.5,412,0,0,0
27,406,47.5,420,0,0,0
27,406,52.5,367,1,0,0
27,406,57.5,331,0,0,0
27,406,62.5,284,0,0,0
27,406,67.5,209,1,0,0
27,406,72.5,114,0,0,0
27,406,77.5,47,0,0,0
27,406,82.5,23,1,0,0
27,406,22.5,770,0,0,1
27,406,27.5,315,0,0,1
27,406,32.5,239,0,0,1
27,406,37.5,355,0,0,1
27,406,42.5,412,0,0,1
27,406,47.5,420,0,0,1
27,406,52.5,367,0,0,1
27,406,57.5,331,0,0,1
27,406,62.5,284,0,0,1
27,406,67.5,209,0,0,1
27,406,72.5,114,1,0,1
27,406,77.5,47,0,0,1
27,406,82.5,23,0,0,1
27,406,22.5,1203,0,1,0
27,406,27.5,570,0,1,0
27,406,32.5,311,0,1,0
27,406,37.5,342,0,1,0
27,406,42.5,341,0,1,0
27,406,47.5,442,0,1,0
27,406,52.5,336,0,1,0
27,406,57.5,319,0,1,0
27,406,62.5,249,1,1,0
27,406,67.5,201,0,1,0
27,406,72.5,104,0,1,0
27,406,77.5,36,0,1,0
27,406,82.5,28,1,1,0
27,406,22.5,1203,0,1,1
27,406,27.5,570,0,1,1
27,406,32.5,311,0,1,1
27,406,37.5,342,0,1,1
27,406,42.5,341,0,1,1
27,406,47.5,442,2,1,1
27,406,52.5,336,0,1,1
27,406,57.5,319,1,1,1
27,406,62.5,249,1,1,1
27,406,67.5,201,1,1,1
27,406,72.5,104,0,1,1
27,406,77.5,36,0,1,1
27,406,82.5,28,0,1,1
28,448,22.5,1043,0,0,0
28,448,27.5,457,0,0,0
28,448,32.5,241,0,0,0
28,448,37.5,331,0,0,0
28,448,42.5,404,0,0,0
28,448,47.5,423,0,0,0
28,448,52.5,387,0,0,0
28,448,57.5,312,2,0,0
28,448,62.5,252,0,0,0
28,448,67.5,202,0,0,0
28,448,72.5,130,1,0,0
28,448,77.5,49,0,0,0
28,448,82.5,28,0,0,0
28,448,22.5,1043,0,0,1
28,448,27.5,457,0,0,1
28,448,32.5,241,0,0,1
28,448,37.5,331,0,0,1
28,448,42.5,404,0,0,1
28,448,47.5,423,0,0,1
28,448,52.5,387,0,0,1
28,448,57.5,312,0,0,1
28,448,62.5,252,2,0,1
28,448,67.5,202,1,0,1
28,448,72.5,130,0,0,1
28,448,77.5,49,0,0,1
28,448,82.5,28,0,0,1
28,448,22.5,1164,0,1,0
28,448,27.5,592,0,1,0
28,448,32.5,379,0,1,0
28,448,37.5,374,0,1,0
28,448,42.5,415,0,1,0
28,448,47.5,364,0,1,0
28,448,52.5,339,0,1,0
28,448,57.5,287,0,1,0
28,448,62.5,220,1,1,0
28,448,67.5,169,1,1,0
28,448,72.5,140,0,1,0
28,448,77.5,86,0,1,0
28,448,82.5,22,0,1,0
28,448,22.5,1164,0,1,1
28,448,27.5,592,0,1,1
28,448,32.5,379,0,1,1
28,448,37.5,374,0,1,1
28,448,42.5,415,0,1,1
28,448,47.5,364,0,1,1
28,448,52.5,339,0,1,1
28,448,57.5,287,1,1,1
28,448,62.5,220,0,1,1
28,448,67.5,169,0,1,1
28,448,72.5,140,2,1,1
28,448,77.5,86,1,1,1
28,448,82.5,22,0,1,1
29,467,22.5,1114,0,0,0
29,467,27.5,720,0,0,0
29,467,32.5,632,0,0,0
29,467,37.5,566,0,0,0
29,467,42.5,523,0,0,0
29,467,47.5,487,0,0,0
29,467,52.5,447,0,0,0
29,467,57.5,315,0,0,0
29,467,62.5,212,1,0,0
29,467,67.5,133,3,0,0
29,467,72.5,72,0,0,0
29,467,77.5,45,1,0,0
29,467,82.5,32,0,0,0
29,467,22.5,1114,0,0,1
29,467,27.5,720,0,0,1
29,467,32.5,632,0,0,1
29,467,37.5,566,0,0,1
29,467,42.5,523,0,0,1
29,467,47.5,487,0,0,1
29,467,52.5,447,0,0,1
29,467,57.5,315,1,0,1
29,467,62.5,212,0,0,1
29,467,67.5,133,0,0,1
29,467,72.5,72,0,0,1
29,467,77.5,45,0,0,1
29,467,82.5,32,0,0,1
29,467,22.5,1476,0,1,0
29,467,27.5,782,0,1,0
29,467,32.5,614,0,1,0
29,467,37.5,621,0,1,0
29,467,42.5,677,0,1,0
29,467,47.5,579,0,1,0
29,467,52.5,466,1,1,0
29,467,57.5,294,2,1,0
29,467,62.5,247,0,1,0
29,467,67.5,206,1,1,0
29,467,72.5,96,1,1,0
29,467,77.5,64,1,1,0
29,467,82.5,57,1,1,0
29,467,22.5,1476,0,1,1
29,467,27.5,782,0,1,1
29,467,32.5,614,0,1,1
29,467,37.5,621,0,1,1
29,467,42.5,677,1,1,1
29,467,47.5,579,1,1,1
29,467,52.5,466,0,1,1
29,467,57.5,294,1,1,1
29,467,62.5,247,2,1,1
29,467,67.5,206,0,1,1
29,467,72.5,96,1,1,1
29,467,77.5,64,0,1,1
29,467,82.5,57,1,1,1
30,504,22.5,1029,0,0,0
30,504,27.5,406,0,0,0
30,504,32.5,384,0,0,0
30,504,37.5,499,0,0,0
30,504,42.5,654,0,0,0
30,504,47.5,585,0,0,0
30,504,52.5,460,0,0,0
30,504,57.5,397,0,0,0
30,504,62.5,330,0,0,0
30,504,67.5,235,0,0,0
30,504,72.5,171,0,0,0
30,504,77.5,152,0,0,0
30,504,82.5,95,0,0,0
30,504,22.5,1029,0,0,1
30,504,27.5,406,0,0,1
30,504,32.5,384,0,0,1
30,504,37.5,499,0,0,1
30,504,42.5,654,0,0,1
30,504,47.5,585,0,0,1
30,504,52.5,460,0,0,1
30,504,57.5,397,0,0,1
30,504,62.5,330,1,0,1
30,504,67.5,235,0,0,1
30,504,72.5,171,0,0,1
30,504,77.5,152,0,0,1
30,504,82.5,95,0,0,1
30,504,22.5,1348,0,1,0
30,504,27.5,696,0,1,0
30,504,32.5,546,0,1,0
30,504,37.5,514,0,1,0
30,504,42.5,637,1,1,0
30,504,47.5,549,0,1,0
30,504,52.5,445,0,1,0
30,504,57.5,371,0,1,0
30,504,62.5,294,0,1,0
30,504,67.5,201,0,1,0
30,504,72.5,104,0,1,0
30,504,77.5,80,0,1,0
30,504,82.5,58,0,1,0
30,504,22.5,1348,0,1,1
30,504,27.5,696,0,1,1
30,504,32.5,546,0,1,1
30,504,37.5,514,0,1,1
30,504,42.5,637,0,1,1
30,504,47.5,549,0,1,1
30,504,52.5,445,0,1,1
30,504,57.5,371,0,1,1
30,504,62.5,294,0,1,1
30,504,67.5,201,1,1,1
30,504,72.5,104,0,1,1
30,504,77.5,80,0,1,1
30,504,82.5,58,0,1,1
31,520,22.5,905,0,0,0
31,520,27.5,364,0,0,0
31,520,32.5,263,0,0,0
31,520,37.5,342,0,0,0
31,520,42.5,442,0,0,0
31,520,47.5,497,0,0,0
31,520,52.5,444,0,0,0
31,520,57.5,344,1,0,0
31,520,62.5,276,0,0,0
31,520,67.5,193,0,0,0
31,520,72.5,130,1,0,0
31,520,77.5,68,0,0,0
31,520,82.5,45,0,0,0
31,520,22.5,905,0,0,1
31,520,27.5,364,0,0,1
31,520,32.5,263,0,0,1
31,520,37.5,342,0,0,1
31,520,42.5,442,1,0,1
31,520,47.5,497,1,0,1
31,520,52.5,444,0,0,1
31,520,57.5,344,1,0,1
31,520,62.5,276,1,0,1
31,520,67.5,193,0,0,1
31,520,72.5,130,1,0,1
31,520,77.5,68,0,0,1
31,520,82.5,45,0,0,1
31,520,22.5,1089,0,1,0
31,520,27.5,531,0,1,0
31,520,32.5,326,0,1,0
31,520,37.5,322,0,1,0
31,520,42.5,418,1,1,0
31,520,47.5,396,0,1,0
31,520,52.5,332,1,1,0
31,520,57.5,247,1,1,0
31,520,62.5,220,0,1,0
31,520,67.5,194,0,1,0
31,520,72.5,148,0,1,0
31,520,77.5,93,0,1,0
31,520,82.5,74,0,1,0
31,520,22.5,1089,0,1,1
31,520,27.5,531,0,1,1
31,520,32.5,326,0,1,1
31,520,37.5,322,0,1,1
31,520,42.5,418,0,1,1
31,520,47.5,396,1,1,1
31,520,52.5,332,2,1,1
31,520,57.5,247,1,1,1
31,520,62.5,220,0,1,1
31,520,67.5,194,0,1,1
31,520,72.5,148,0,1,1
31,520,77.5,93,0,1,1
31,520,82.5,74,0,1,1
32,520,22.5,841,0,0,0
32,520,27.5,541,0,0,0
32,520,32.5,401,0,0,0
32,520,37.5,321,0,0,0
32,520,42.5,440,0,0,0
32,520,47.5,420,0,0,0
32,520,52.5,391,0,0,0
32,520,57.5,315,0,0,0
32,520,62.5,293,0,0,0
32,520,67.5,174,0,0,0
32,520,72.5,134,1,0,0
32,520,77.5,78,0,0,0
32,520,82.5,83,1,0,0
32,520,22.5,841,0,0,1
32,520,27.5,541,0,0,1
32,520,32.5,401,0,0,1
32,520,37.5,321,0,0,1
32,520,42.5,440,0,0,1
32,520,47.5,420,0,0,1
32,520,52.5,391,1,0,1
32,520,57.5,315,1,0,1
32,520,62.5,293,0,0,1
32,520,67.5,174,3,0,1
32,520,72.5,134,0,0,1
32,520,77.5,78,0,0,1
32,520,82.5,83,0,0,1
32,520,22.5,1161,0,1,0
32,520,27.5,778,0,1,0
32,520,32.5,450,0,1,0
32,520,37.5,420,0,1,0
32,520,42.5,419,0,1,0
32,520,47.5,430,0,1,0
32,520,52.5,362,0,1,0
32,520,57.5,279,0,1,0
32,520,62.5,207,0,1,0
32,520,67.5,166,1,1,0
32,520,72.5,129,1,1,0
32,520,77.5,43,0,1,0
32,520,82.5,26,0,1,0
32,520,22.5,1161,0,1,1
32,520,27.5,778,0,1,1
32,520,32.5,450,0,1,1
32,520,37.5,420,0,1,1
32,520,42.5,419,1,1,1
32,520,47.5,430,0,1,1
32,520,52.5,362,1,1,1
32,520,57.5,279,1,1,1
32,520,62.5,207,0,1,1
32,520,67.5,166,0,1,1
32,520,72.5,129,0,1,1
32,520,77.5,43,0,1,1
32,520,82.5,26,0,1,1
33,529,22.5,1971,0,0,0
33,529,27.5,842,0,0,0
33,529,32.5,693,0,0,0
33,529,37.5,840,0,0,0
33,529,42.5,899,0,0,0
33,529,47.5,934,0,0,0
33,529,52.5,705,0,0,0
33,529,57.5,535,0,0,0
33,529,62.5,448,1,0,0
33,529,67.5,361,4,0,0
33,529,72.5,261,1,0,0
33,529,77.5,138,0,0,0
33,529,82.5,62,2,0,0
33,529,22.5,1971,0,0,1
33,529,27.5,842,0,0,1
33,529,32.5,693,0,0,1
33,529,37.5,840,0,0,1
33,529,42.5,899,0,0,1
33,529,47.5,934,0,0,1
33,529,52.5,705,0,0,1
33,529,57.5,535,1,0,1
33,529,62.5,448,0,0,1
33,529,67.5,361,0,0,1
33,529,72.5,261,3,0,1
33,529,77.5,138,1,0,1
33,529,82.5,62,0,0,1
33,529,22.5,2383,0,1,0
33,529,27.5,1446,0,1,0
33,529,32.5,859,0,1,0
33,529,37.5,855,0,1,0
33,529,42.5,892,0,1,0
33,529,47.5,847,1,1,0
33,529,52.5,691,1,1,0
33,529,57.5,550,0,1,0
33,529,62.5,373,1,1,0
33,529,67.5,295,0,1,0
33,529,72.5,145,0,1,0
33,529,77.5,67,1,1,0
33,529,82.5,51,0,1,0
33,529,22.5,2383,0,1,1
33,529,27.5,1446,0,1,1
33,529,32.5,859,0,1,1
33,529,37.5,855,0,1,1
33,529,42.5,892,0,1,1
33,529,47.5,847,0,1,1
33,529,52.5,691,1,1,1
33,529,57.5,550,1,1,1
33,529,62.5,373,1,1,1
33,529,67.5,295,0,1,1
33,529,72.5,145,2,1,1
33,529,77.5,67,1,1,1
33,529,82.5,51,0,1,1
34,538,22.5,851,0,0,0
34,538,27.5,383,0,0,0
34,538,32.5,318,0,0,0
34,538,37.5,330,0,0,0
34,538,42.5,306,0,0,0
34,538,47.5,328,0,0,0
34,538,52.5,328,0,0,0
34,538,57.5,297,0,0,0
34,538,62.5,230,1,0,0
34,538,67.5,121,1,0,0
34,538,72.5,87,0,0,0
34,538,77.5,52,1,0,0
34,538,82.5,36,0,0,0
34,538,22.5,851,0,0,1
34,538,27.5,383,0,0,1
34,538,32.5,318,0,0,1
34,538,37.5,330,0,0,1
34,538,42.5,306,1,0,1
34,538,47.5,328,0,0,1
34,538,52.5,328,0,0,1
34,538,57.5,297,0,0,1
34,538,62.5,230,0,0,1
34,538,67.5,121,1,0,1
34,538,72.5,87,0,0,1
34,538,77.5,52,1,0,1
34,538,82.5,36,1,0,1
34,538,22.5,1129,0,1,0
34,538,27.5,616,0,1,0
34,538,32.5,363,0,1,0
34,538,37.5,331,0,1,0
34,538,42.5,352,0,1,0
34,538,47.5,296,1,1,0
34,538,52.5,307,1,1,0
34,538,57.5,279,1,1,0
34,538,62.5,249,1,1,0
34,538,67.5,173,0,1,0
34,538,72.5,106,0,1,0
34,538,77.5,39,0,1,0
34,538,82.5,47,0,1,0
34,538,22.5,1129,0,1,1
34,538,27.5,616,0,1,1
34,538,32.5,363,0,1,1
34,538,37.5,331,0,1,1
34,538,42.5,352,0,1,1
34,538,47.5,296,0,1,1
34,538,52.5,307,0,1,1
34,538,57.5,279,3,1,1
34,538,62.5,249,3,1,1
34,538,67.5,173,1,1,1
34,538,72.5,106,0,1,1
34,538,77.5,39,1,1,1
34,538,82.5,47,0,1,1
35,544,22.5,719,0,0,0
35,544,27.5,338,0,0,0
35,544,32.5,194,0,0,0
35,544,37.5,228,0,0,0
35,544,42.5,328,0,0,0
35,544,47.5,340,0,0,0
35,544,52.5,304,1,0,0
35,544,57.5,260,0,0,0
35,544,62.5,209,0,0,0
35,544,67.5,146,0,0,0
35,544,72.5,136,0,0,0
35,544,77.5,104,0,0,0
35,544,82.5,107,0,0,0
35,544,22.5,719,0,0,1
35,544,27.5,338,0,0,1
35,544,32.5,194,0,0,1
35,544,37.5,228,0,0,1
35,544,42.5,328,0,0,1
35,544,47.5,340,0,0,1
35,544,52.5,304,0,0,1
35,544,57.5,260,0,0,1
35,544,62.5,209,0,0,1
35,544,67.5,146,0,0,1
35,544,72.5,136,0,0,1
35,544,77.5,104,0,0,1
35,544,82.5,107,0,0,1
35,544,22.5,910,0,1,0
35,544,27.5,505,0,1,0
35,544,32.5,255,0,1,0
35,544,37.5,238,0,1,0
35,544,42.5,324,0,1,0
35,544,47.5,330,0,1,0
35,544,52.5,295,0,1,0
35,544,57.5,208,0,1,0
35,544,62.5,179,0,1,0
35,544,67.5,152,0,1,0
35,544,72.5,139,0,1,0
35,544,77.5,61,0,1,0
35,544,82.5,59,0,1,0
35,544,22.5,910,0,1,1
35,544,27.5,505,0,1,1
35,544,32.5,255,0,1,1
35,544,37.5,238,0,1,1
35,544,42.5,324,0,1,1
35,544,47.5,330,0,1,1
35,544,52.5,295,0,1,1
35,544,57.5,208,0,1,1
35,544,62.5,179,0,1,1
35,544,67.5,152,0,1,1
35,544,72.5,139,0,1,1
35,544,77.5,61,0,1,1
35,544,82.5,59,0,1,1
36,599,22.5,1351,0,0,0
36,599,27.5,930,0,0,0
36,599,32.5,776,0,0,0
36,599,37.5,746,0,0,0
36,599,42.5,885,0,0,0
36,599,47.5,701,0,0,0
36,599,52.5,632,1,0,0
36,599,57.5,609,0,0,0
36,599,62.5,412,0,0,0
36,599,67.5,383,0,0,0
36,599,72.5,253,1,0,0
36,599,77.5,214,0,0,0
36,599,82.5,85,0,0,0
36,599,22.5,1351,0,0,1
36,599,27.5,930,0,0,1
36,599,32.5,776,0,0,1
36,599,37.5,746,0,0,1
36,599,42.5,885,0,0,1
36,599,47.5,701,1,0,1
36,599,52.5,632,3,0,1
36,599,57.5,609,1,0,1
36,599,62.5,412,0,0,1
36,599,67.5,383,0,0,1
36,599,72.5,253,0,0,1
36,599,77.5,214,0,0,1
36,599,82.5,85,0,0,1
36,599,22.5,2158,0,1,0
36,599,27.5,1217,0,1,0
36,599,32.5,935,0,1,0
36,599,37.5,747,0,1,0
36,599,42.5,854,0,1,0
36,599,47.5,698,0,1,0
36,599,52.5,702,0,1,0
36,599,57.5,560,0,1,0
36,599,62.5,502,0,1,0
36,599,67.5,226,0,1,0
36,599,72.5,227,1,1,0
36,599,77.5,142,0,1,0
36,599,82.5,91,1,1,0
36,599,22.5,2158,0,1,1
36,599,27.5,1217,0,1,1
36,599,32.5,935,0,1,1
36,599,37.5,747,0,1,1
36,599,42.5,854,0,1,1
36,599,47.5,698,0,1,1
36,599,52.5,702,1,1,1
36,599,57.5,560,1,1,1
36,599,62.5,502,1,1,1
36,599,67.5,226,1,1,1
36,599,72.5,227,2,1,1
36,599,77.5,142,2,1,1
36,599,82.5,91,0,1,1
37,650,22.5,408,0,0,0
37,650,27.5,215,0,0,0
37,650,32.5,133,0,0,0
37,650,37.5,157,0,0,0
37,650,42.5,220,0,0,0
37,650,47.5,261,0,0,0
37,650,52.5,222,0,0,0
37,650,57.5,156,0,0,0
37,650,62.5,104,0,0,0
37,650,67.5,82,0,0,0
37,650,72.5,74,0,0,0
37,650,77.5,51,0,0,0
37,650,82.5,25,0,0,0
37,650,22.5,408,0,0,1
37,650,27.5,215,0,0,1
37,650,32.5,133,0,0,1
37,650,37.5,157,0,0,1
37,650,42.5,220,0,0,1
37,650,47.5,261,0,0,1
37,650,52.5,222,1,0,1
37,650,57.5,156,0,0,1
37,650,62.5,104,1,0,1
37,650,67.5,82,0,0,1
37,650,72.5,74,0,0,1
37,650,77.5,51,0,0,1
37,650,82.5,25,0,0,1
37,650,22.5,620,0,1,0
37,650,27.5,345,0,1,0
37,650,32.5,186,0,1,0
37,650,37.5,148,0,1,0
37,650,42.5,178,0,1,0
37,650,47.5,233,1,1,0
37,650,52.5,227,0,1,0
37,650,57.5,156,0,1,0
37,650,62.5,122,1,1,0
37,650,67.5,88,0,1,0
37,650,72.5,57,0,1,0
37,650,77.5,46,0,1,0
37,650,82.5,19,0,1,0
37,650,22.5,620,0,1,1
37,650,27.5,345,0,1,1
37,650,32.5,186,0,1,1
37,650,37.5,148,0,1,1
37,650,42.5,178,0,1,1
37,650,47.5,233,0,1,1
37,650,52.5,227,1,1,1
37,650,57.5,156,0,1,1
37,650,62.5,122,0,1,1
37,650,67.5,88,0,1,1
37,650,72.5,57,0,1,1
37,650,77.5,46,1,1,1
37,650,82.5,19,0,1,1
38,683,22.5,674,0,0,0
38,683,27.5,276,0,0,0
38,683,32.5,199,0,0,0
38,683,37.5,278,0,0,0
38,683,42.5,335,0,0,0
38,683,47.5,351,0,0,0
38,683,52.5,301,0,0,0
38,683,57.5,214,0,0,0
38,683,62.5,162,0,0,0
38,683,67.5,102,1,0,0
38,683,72.5,45,0,0,0
38,683,77.5,19,0,0,0
38,683,82.5,27,0,0,0
38,683,22.5,674,0,0,1
38,683,27.5,276,0,0,1
38,683,32.5,199,0,0,1
38,683,37.5,278,0,0,1
38,683,42.5,335,0,0,1
38,683,47.5,351,1,0,1
38,683,52.5,301,0,0,1
38,683,57.5,214,1,0,1
38,683,62.5,162,0,0,1
38,683,67.5,102,0,0,1
38,683,72.5,45,0,0,1
38,683,77.5,19,0,0,1
38,683,82.5,27,0,0,1
38,683,22.5,878,0,1,0
38,683,27.5,329,0,1,0
38,683,32.5,200,0,1,0
38,683,37.5,264,0,1,0
38,683,42.5,316,0,1,0
38,683,47.5,299,0,1,0
38,683,52.5,247,1,1,0
38,683,57.5,195,0,1,0
38,683,62.5,172,0,1,0
38,683,67.5,128,0,1,0
38,683,72.5,54,0,1,0
38,683,77.5,33,0,1,0
38,683,82.5,10,0,1,0
38,683,22.5,878,0,1,1
38,683,27.5,329,0,1,1
38,683,32.5,200,0,1,1
38,683,37.5,264,0,1,1
38,683,42.5,316,0,1,1
38,683,47.5,299,0,1,1
38,683,52.5,247,2,1,1
38,683,57.5,195,2,1,1
38,683,62.5,172,1,1,1
38,683,67.5,128,0,1,1
38,683,72.5,54,0,1,1
38,683,77.5,33,0,1,1
38,683,82.5,10,0,1,1
39,693,22.5,2378,0,0,0
39,693,27.5,1562,0,0,0
39,693,32.5,1415,0,0,0
39,693,37.5,1063,0,0,0
39,693,42.5,1059,0,0,0
39,693,47.5,1118,0,0,0
39,693,52.5,893,3,0,0
39,693,57.5,687,1,0,0
39,693,62.5,455,3,0,0
39,693,67.5,352,0,0,0
39,693,72.5,177,0,0,0
39,693,77.5,45,1,0,0
39,693,82.5,59,1,0,0
39,693,22.5,2378,0,0,1
39,693,27.5,1562,0,0,1
39,693,32.5,1415,0,0,1
39,693,37.5,1063,0,0,1
39,693,42.5,1059,0,0,1
39,693,47.5,1118,0,0,1
39,693,52.5,893,0,0,1
39,693,57.5,687,1,0,1
39,693,62.5,455,1,0,1
39,693,67.5,352,0,0,1
39,693,72.5,177,1,0,1
39,693,77.5,45,1,0,1
39,693,82.5,59,0,0,1
39,693,22.5,2567,0,1,0
39,693,27.5,1759,0,1,0
39,693,32.5,1537,0,1,0
39,693,37.5,1037,0,1,0
39,693,42.5,1057,0,1,0
39,693,47.5,1033,0,1,0
39,693,52.5,690,2,1,0
39,693,57.5,591,2,1,0
39,693,62.5,420,0,1,0
39,693,67.5,206,1,1,0
39,693,72.5,167,1,1,0
39,693,77.5,45,3,1,0
39,693,82.5,14,0,1,0
39,693,22.5,2567,0,1,1
39,693,27.5,1759,0,1,1
39,693,32.5,1537,0,1,1
39,693,37.5,1037,0,1,1
39,693,42.5,1057,0,1,1
39,693,47.5,1033,3,1,1
39,693,52.5,690,1,1,1
39,693,57.5,591,5,1,1
39,693,62.5,420,1,1,1
39,693,67.5,206,2,1,1
39,693,72.5,167,2,1,1
39,693,77.5,45,0,1,1
39,693,82.5,14,0,1,1
40,694,22.5,1197,0,0,0
40,694,27.5,531,0,0,0
40,694,32.5,467,0,0,0
40,694,37.5,620,0,0,0
40,694,42.5,720,0,0,0
40,694,47.5,654,0,0,0
40,694,52.5,509,0,0,0
40,694,57.5,386,0,0,0
40,694,62.5,293,0,0,0
40,694,67.5,177,0,0,0
40,694,72.5,89,1,0,0
40,694,77.5,60,0,0,0
40,694,82.5,17,0,0,0
40,694,22.5,1197,0,0,1
40,694,27.5,531,0,0,1
40,694,32.5,467,0,0,1
40,694,37.5,620,1,0,1
40,694,42.5,720,1,0,1
40,694,47.5,654,1,0,1
40,694,52.5,509,2,0,1
40,694,57.5,386,1,0,1
40,694,62.5,293,0,0,1
40,694,67.5,177,1,0,1
40,694,72.5,89,0,0,1
40,694,77.5,60,0,0,1
40,694,82.5,17,0,0,1
40,694,22.5,1817,0,1,0
40,694,27.5,1024,0,1,0
40,694,32.5,598,1,1,0
40,694,37.5,573,0,1,0
40,694,42.5,683,0,1,0
40,694,47.5,679,0,1,0
40,694,52.5,525,0,1,0
40,694,57.5,418,1,1,0
40,694,62.5,308,1,1,0
40,694,67.5,193,1,1,0
40,694,72.5,117,1,1,0
40,694,77.5,46,0,1,0
40,694,82.5,28,0,1,0
40,694,22.5,1817,0,1,1
40,694,27.5,1024,0,1,1
40,694,32.5,598,0,1,1
40,694,37.5,573,0,1,1
40,694,42.5,683,0,1,1
40,694,47.5,679,0,1,1
40,694,52.5,525,0,1,1
40,694,57.5,418,2,1,1
40,694,62.5,308,0,1,1
40,694,67.5,193,0,1,1
40,694,72.5,117,0,1,1
40,694,77.5,46,0,1,1
40,694,82.5,28,0,1,1
41,698,22.5,798,0,0,0
41,698,27.5,385,0,0,0
41,698,32.5,279,0,0,0
41,698,37.5,351,0,0,0
41,698,42.5,434,0,0,0
41,698,47.5,398,0,0,0
41,698,52.5,355,0,0,0
41,698,57.5,272,0,0,0
41,698,62.5,175,3,0,0
41,698,67.5,84,1,0,0
41,698,72.5,26,1,0,0
41,698,77.5,9,1,0,0
41,698,82.5,10,0,0,0
41,698,22.5,798,0,0,1
41,698,27.5,385,0,0,1
41,698,32.5,279,0,0,1
41,698,37.5,351,0,0,1
41,698,42.5,434,0,0,1
41,698,47.5,398,1,0,1
41,698,52.5,355,1,0,1
41,698,57.5,272,2,0,1
41,698,62.5,175,1,0,1
41,698,67.5,84,1,0,1
41,698,72.5,26,0,0,1
41,698,77.5,9,0,0,1
41,698,82.5,10,1,0,1
41,698,22.5,1085,0,1,0
41,698,27.5,617,0,1,0
41,698,32.5,390,0,1,0
41,698,37.5,361,0,1,0
41,698,42.5,395,0,1,0
41,698,47.5,339,1,1,0
41,698,52.5,337,0,1,0
41,698,57.5,275,0,1,0
41,698,62.5,195,0,1,0
41,698,67.5,167,1,1,0
41,698,72.5,102,0,1,0
41,698,77.5,37,1,1,0
41,698,82.5,10,0,1,0
41,698,22.5,1085,0,1,1
41,698,27.5,617,0,1,1
41,698,32.5,390,0,1,1
41,698,37.5,361,0,1,1
41,698,42.5,395,0,1,1
41,698,47.5,339,0,1,1
41,698,52.5,337,1,1,1
41,698,57.5,275,1,1,1
41,698,62.5,195,1,1,1
41,698,67.5,167,0,1,1
41,698,72.5,102,1,1,1
41,698,77.5,37,2,1,1
41,698,82.5,10,0,1,1
42,717,22.5,1126,0,0,0
42,717,27.5,590,0,0,0
42,717,32.5,379,0,0,0
42,717,37.5,384,0,0,0
42,717,42.5,488,0,0,0
42,717,47.5,517,0,0,0
42,717,52.5,434,0,0,0
42,717,57.5,312,0,0,0
42,717,62.5,210,0,0,0
42,717,67.5,168,0,0,0
42,717,72.5,131,0,0,0
42,717,77.5,98,1,0,0
42,717,82.5,40,0,0,0
42,717,22.5,1126,0,0,1
42,717,27.5,590,0,0,1
42,717,32.5,379,0,0,1
42,717,37.5,384,0,0,1
42,717,42.5,488,0,0,1
42,717,47.5,517,1,0,1
42,717,52.5,434,0,0,1
42,717,57.5,312,2,0,1
42,717,62.5,210,1,0,1
42,717,67.5,168,0,0,1
42,717,72.5,131,0,0,1
42,717,77.5,98,0,0,1
42,717,82.5,40,0,0,1
42,717,22.5,1425,0,1,0
42,717,27.5,849,0,1,0
42,717,32.5,509,0,1,0
42,717,37.5,463,0,1,0
42,717,42.5,530,0,1,0
42,717,47.5,501,0,1,0
42,717,52.5,473,0,1,0
42,717,57.5,334,0,1,0
42,717,62.5,569,0,1,0
42,717,67.5,212,0,1,0
42,717,72.5,133,0,1,0
42,717,77.5,80,0,1,0
42,717,82.5,37,0,1,0
42,717,22.5,1425,0,1,1
42,717,27.5,849,0,1,1
42,717,32.5,509,0,1,1
42,717,37.5,463,0,1,1
42,717,42.5,530,0,1,1
42,717,47.5,501,0,1,1
42,717,52.5,473,0,1,1
42,717,57.5,334,0,1,1
42,717,62.5,569,0,1,1
42,717,67.5,212,0,1,1
42,717,72.5,133,0,1,1
42,717,77.5,80,0,1,1
42,717,82.5,37,0,1,1
43,934,22.5,1861,0,0,0
43,934,27.5,987,0,0,0
43,934,32.5,928,0,0,0
43,934,37.5,759,0,0,0
43,934,42.5,758,0,0,0
43,934,47.5,815,0,0,0
43,934,52.5,798,1,0,0
43,934,57.5,544,2,0,0
43,934,62.5,401,4,0,0
43,934,67.5,236,2,0,0
43,934,72.5,126,1,0,0
43,934,77.5,70,0,0,0
43,934,82.5,59,0,0,0
43,934,22.5,1861,0,0,1
43,934,27.5,987,0,0,1
43,934,32.5,928,0,0,1
43,934,37.5,759,0,0,1
43,934,42.5,758,0,0,1
43,934,47.5,815,0,0,1
43,934,52.5,798,1,0,1
43,934,57.5,544,4,0,1
43,934,62.5,401,3,0,1
43,934,67.5,236,1,0,1
43,934,72.5,126,1,0,1
43,934,77.5,70,0,0,1
43,934,82.5,59,0,0,1
43,934,22.5,2085,0,1,0
43,934,27.5,1209,0,1,0
43,934,32.5,1087,0,1,0
43,934,37.5,745,0,1,0
43,934,42.5,693,1,1,0
43,934,47.5,739,0,1,0
43,934,52.5,616,0,1,0
43,934,57.5,513,3,1,0
43,934,62.5,342,1,1,0
43,934,67.5,154,0,1,0
43,934,72.5,87,0,1,0
43,934,77.5,30,1,1,0
43,934,82.5,41,1,1,0
43,934,22.5,2085,0,1,1
43,934,27.5,1209,1,1,1
43,934,32.5,1087,0,1,1
43,934,37.5,745,0,1,1
43,934,42.5,693,0,1,1
43,934,47.5,739,0,1,1
43,934,52.5,616,0,1,1
43,934,57.5,513,0,1,1
43,934,62.5,342,1,1,1
43,934,67.5,154,2,1,1
43,934,72.5,87,0,1,1
43,934,77.5,30,0,1,1
43,934,82.5,41,0,1,1
