Sample,Site,REGION,NMDS1,RICH,EPTRICH,RICHTOL,AnnMeanP,AnnMeanT,BackAG,NUII,REGION.UII,P.NLCD2,P.NLCD7,P.NLCD8,P.NLCD4,P.NLCD5,CLAY,ERODE,SNOW,NLCD_IS,NOAA_IS,ROADDEN,HUDEN,POP,dams_dens,periodr7,periodr9,periodf9,mxh_95,LPI_C2,P.NLCDB4
2204230,ACFB,ATL,1.79,28,7,5.858,128.4667,16.48281,17.41,27.84934,46.59052025,43.21446949,3.216138409,10.23740317,34.8462512,2.258598389,33.76545,0.28735,10.668,12.9952,17.25,4.400920552,166.4536811,471.9791978,7.725964933,87,79,63,64,41.9408,40.34165572
2204468,ACFB,ATL,1.75,38,10,5.772941176,126.2006,16.5804,17.41,15.98087,25.46600308,24.79546387,5.157836414,22.66771243,37.88937419,2.786152706,33.84545,0.2874,10.668,6.70713,8.06,3.016032305,68.08992548,218.0233925,4.797698067,78,72,46,64,21.3108,46.97159364
2206314,ACFB,ATL,0.92,28,7,5.8996,137.5165,15.9831,17.41,45.61544,77.32974149,67.00038943,1.031998442,2.740637373,24.98539625,0.488414357,34.30815,0.28735,10.668,20.1284,24.47,5.897094816,377.4767064,1015.414867,9.015011783,103,95,89,64,66.7548,37.8434422
2208150,ACFB,ATL,1.56,33,5,5.926781609,133.4106,15.85126,17.41,20.58966,33.68550802,39.66704417,5.087202718,11.7214043,36.15741789,2.291053228,33.8901,0.2875,10.668,14.6419,10.23,3.148298566,89.91408346,277.8555837,6.291734607,86,84,88,63,37.6099,44.78310072
2213450,ACFB,ATL,2.77,42,12,5.483796296,123.7296,17.33668,17.41,3.39842,2.474702572,3.591049753,6.434604997,22.45190503,58.4479184,3.485846822,34.00835,0.2878,10.668,0.31428,0,1.110334691,5.140163934,7.322868941,4.102447586,41,39,30,114,0.5691,59.20270471
2217293,ACFB,ATL,2.18,51,16,5.231287879,132.6933,15.86217,17.41,13.79198,21.47641262,20.37597208,6.859347254,23.3212908,41.19404813,1.912926336,33.76005,0.2872,10.668,5.8315,4.75,2.733199436,57.94839046,192.7788837,4.081992173,58,47,42,64,18.7964,47.54288196
2217471,ACFB,ATL,1.92,48,12,5.51,127.5183,16.21777,17.41,11.55199,17.61332683,16.37726914,6.763666312,32.97416012,38.33773721,1.408668199,33.89295,0.2875,10.668,5.01762,5.49,2.610123457,32.52515648,123.1700884,3.812725225,56,50,44,62,14.9729,47.74344023
2218700,ACFB,ATL,2.09,40,13,5.236285714,131.4435,16.01019,17.41,11.56699,17.41780805,17.83953384,7.663425123,25.24116696,39.33376207,1.72405953,33.70245,0.28705,10.668,5.93138,4.77,2.336414953,43.96031297,131.8098431,0.721731606,75,69,56,62,10.24,41.93893948
2221000,ACFB,ATL,2.06,39,13,4.957843137,122.0024,17.03933,17.41,3.66666,2.973274794,3.808155727,11.09319574,12.54580634,63.02952127,0.804725748,33.67415,0.287,10.668,0.365703,0,1.17122733,6.411058122,6.855824612,14.65615713,19,15,9,58,1.2225,57.04461727
2334885,ACFB,ATL,1.22,26,4,6.3175,138.3833,15.58589,17.41,22.52252,37.18314824,42.55810011,3.347804616,8.751317525,37.9948552,1.522801483,34.0293,0.28785,10.668,13.4597,12.3,3.43064913,102.4908197,267.6302066,2.457051198,89,78,63,42,40.9083,43.23614395
2335870,ACFB,ATL,0.55,34,6,6.5225,139.834,15.61743,17.41,49.17109,84.57224551,72.51035232,0.497816396,2.03539022,22.9911977,0.325843459,34.7405,0.288,10.668,19.5753,27.13,7.123236731,348.69307,901.0536946,6.286391886,116,112,116,23,72.368,37.13337519
2335910,ACFB,ATL,0,23,3,6.571111111,139.2784,15.74428,17.41,59.08523,100,85.41358729,0.699758639,1.371452093,11.28033379,0.245102625,34.3433,0.28755,10.668,38.2279,38.02,6.447065159,577.2290611,1197.715797,4.15830225,131,124,130,19,85.1896,24.02246256
2336635,ACFB,ATL,1.21,39,6,5.987708333,136.9575,15.8969,17.41,46.45279,79.31561703,66.17033617,0.975930759,2.493921346,27.34167615,0.45729327,34.317,0.28755,10.668,18.1418,24.44,6.550304976,357.0520566,899.6618862,3.718072018,101,95,96,45,65.348,41.81656278
2336728,ACFB,ATL,1.07,32,4,6.503095238,134.1034,16.1526,17.41,43.88995,74.27705995,60.55829852,0.942491055,1.364263298,35.04707458,0.805564995,34.48185,0.28275,10.668,16.8749,30.29,5.917014668,369.470775,915.1464663,7.772981853,162,144,118,67,59.9208,53.28402888
2336822,ACFB,ATL,2.13,34,8,5.855517241,138.9707,15.68102,17.41,15.99824,25.60569057,22.06377713,3.818765022,18.96605641,44.82090046,3.807149686,33.7868,0.28725,10.668,4.61057,6.77,3.264685009,66.77628912,202.1141731,13.89987927,75,68,58,76,19.9437,41.90003815
2336876,ACFB,ATL,1.61,39,8,5.859270833,138.2499,15.73393,17.41,22.18769,36.67934041,35.56063513,3.089922038,15.16252364,39.58801039,2.023211832,34.0924,0.28795,10.668,8.9042,11.11,3.825841817,106.703845,312.5085342,4.536121553,98,90,72,83,33.97,44.78106779
2336968,ACFB,ATL,1.43,33,5,6.150238095,138.1393,15.73423,17.41,28.7444,48.09535731,43.08486032,1.659884428,9.725652545,40.778899,1.043602349,34.36195,0.28845,10.668,9.53476,15.51,4.509688628,182.515693,513.2838698,5.227100748,94,87,82,58,41.6117,47.11927748
2337395,ACFB,ATL,2.54,52,17,5.744552846,140.0299,15.7407,17.41,10.41157,15.44713794,13.44702126,4.706746199,15.59785164,58.03694445,4.136656519,33.45395,0.28645,10.668,2.44127,4.83,2.419207028,34.07278689,71.39701475,6.417297165,59,57,46,85,6.6366,57.87706612
2338280,ACFB,ATL,3.22,45,15,5.012307692,137.3183,16.03601,17.41,6.86612,8.834061807,7.284117269,4.690510203,21.70294746,59.1785382,5.099406314,33.7688,0.28725,10.668,1.52927,1.98,1.772998868,25.29272727,56.12876009,4.369130261,45,36,25,47,5.3945,72.26898124
2338375,ACFB,ATL,2.71,52,21,4.836388889,138.6126,16.02593,17.41,4.7386,5.034654234,4.772789116,5.214693878,28.22748299,55.33061224,4.642176871,33.7884,0.28725,10.668,0.801241,0.16,1.470485437,6.899150522,16.66395438,0,42,33,26,51,2.0461,66.98042169
2338523,ACFB,ATL,2.59,59,20,5.046333333,139.9412,15.92513,17.41,2.64765,1.036951082,2.81352826,8.696738723,11.27077346,70.43816902,4.32962639,34.87935,0.272,10.668,0.376296,0,0.911611744,4.617868852,7.750706413,0,57,44,34,80,0.4957,78.13837375
2339480,ACFB,ATL,3.75,35,13,5.111290323,140.7899,16.69274,17.41,4.56224,4.669732987,5.912992701,8.428613139,10.44671533,68.11094891,2.973430657,35.1093,0.27085,10.668,1.00747,1.87,1.327708333,5.882101341,21.66894389,2.595083101,55,45,35,53,3.6464,68.28439173
2340282,ACFB,ATL,2.89,39,16,4.752020202,133.5815,17.09117,17.41,3.85424,3.31518933,4.94053065,5.885554796,18.7036029,61.99173104,3.25083674,34.19135,0.2882,10.668,0.704321,0.61,1.15446851,5.782637854,10.91159389,2.573489125,43,34,27,54,2.9023,61.30514706
2344340,ACFB,ATL,2.16,36,10,5.8071875,131.8575,16.32338,17.41,23.05609,37.87916735,38.34812964,2.64915918,9.209150674,39.70283345,1.793276983,34.59805,0.2886,10.668,11.954,13.75,3.54199898,133.0916692,352.4267293,5.906593228,104,98,65,73,37.1265,37.67857143
2344480,ACFB,ATL,1.77,30,5,6.257179487,128.0549,16.65869,17.41,15.49434,24.5298225,22.9064496,4.337934173,17.66857104,46.62857913,2.800950503,33.89295,0.2875,10.668,6.43799,10.15,2.958680892,70.78549925,186.2358274,5.617973678,83,77,68,52,20.8965,51.33411289
2344737,ACFB,ATL,1.19,24,4,6.345238095,130.2895,16.41682,17.41,15.8717,25.25796337,25.08491972,2.868128019,15.44928032,45.62123767,2.202618053,33.96955,0.28875,10.668,6.28797,8.75,2.966146273,67.14888227,186.6493082,13.57515333,70,66,57,82,23.4869,43.5240417
2344797,ACFB,ATL,1.94,32,6,6.147471264,133.5812,16.46109,17.41,14.76041,23.1806426,25.72740705,3.550976399,12.29663352,48.59470468,2.169242442,34.517,0.289,10.668,6.83151,6.57,2.619503562,59.57378539,153.430301,13.31166935,64,60,68,82,24.1101,45.56240878
2344887,ACFB,ATL,2.45,48,14,5.368455285,132.3719,16.74838,17.41,4.25665,4.088184148,4.455559958,7.698593502,12.09389857,66.90355917,2.637183043,31.0317,0.2777,10.668,0.838129,0.17,1.31216152,7.701415797,24.34228348,0.917192294,50,50,43,85,2.2534,60.61362219
2346358,ACFB,ATL,2.09,43,8,6.03712963,127.456,16.77167,17.41,8.95209,12.81380862,10.95844379,4.383377516,28.85412388,45.66329388,3.190456633,34.517,0.289,10.668,2.81216,3.63,2.229468028,24.69201192,47.99597933,6.222469231,42,40,22,100,10.1238,54.11533285
2347748,ACFB,ATL,3.24,29,13,5.122916667,122.979,17.54682,17.41,2.09407,0,2.327095592,6.638854056,11.15960902,70.61187743,3.483006977,33.3543,0.2843,10.668,0.276205,0,0.780916031,2.582727273,5.055490346,1.786392349,,,,,0.1809,64.84177987
2397939,MOBL,BIR,2.54,37,13,4.535784314,150.5394,14.81925,15.04,4.56975,1.738647635,4.303844986,3.411661,19.181957,70.683585,2.236743,38.7695,0.2955,7.62,0.27,1.22,1.515083799,24.07607,28.47765363,0,3,3,1,124,0.8042,57.78713
2398001,MOBL,BIR,1.02,35,3,5.582888889,151.5479,15.17256,15.04,35.09997,46.69217555,57.720303,0.2298851,6.0727967,31.704989,4.022988,32.801,0.266,7.62,12.82,19.36,7.441702128,177.1638,409.6595745,0,8,3,1,67,56.7433,23.266563
2400675,MOBL,BIR,0.96,23,4,5.058,148.6747,14.66441,15.04,30.68329,40.23063074,49.271698,1.203924,2.9577882,45.905171,0.5796671,31.643,0.2575,7.62,17.93,20.33,7.31164327,112.7061,332.1882742,0,23,15,11,94,47.9266,29.672898
2400725,MOBL,BIR,1.78,38,12,5.103619048,146.8744,14.85199,15.04,3.19882,0,5.289682,2.089387,17.480233,69.99816,5.087364,39.6545,0.2995,7.62,0.48,0,1.104372701,6.590635,8.917041275,0,5,2,2,107,4.6938,57.663509
2400800,MOBL,BIR,1.7,30,11,5.039885057,145.3405,15.11112,15.04,5.91028,3.928630147,8.86607288,2.143872,22.59783,62.146463,3.645228,33.7665,0.272,7.62,1.8,3.1,1.905882353,9.432127,58.15638451,0,7,5,3,119,8.3882,49.808742
2401350,MOBL,BIR,1.91,48,13,5.42237037,151.4869,15.52301,15.04,4.12919,1.026846524,2.76890498,2.674567,16.479368,73.759123,2.926135,39.216,0.273,7.62,0.17,1.72,1.462865551,24.22038,34.93102814,5.517748759,17,15,10,90,0.8325,79.188604
2401355,MOBL,BIR,2.17,37,13,4.346,148.622,15.70582,15.04,10.43882,10.32258467,12.670379,2.434633,18.0625788,64.114877,2.280326,38.3085,0.288,7.62,1.06,4.61,3.419428571,15.7135,93.35238095,0,11,8,6,124,3.9177,50.074296
2401749,MOBL,BIR,1.45,26,9,5.078636364,143.1254,15.77967,15.04,22.52503,28.55275165,40.1828731,1.256773,8.169025,47.979387,2.310355,32.309,0.2485,7.62,11.35,14.32,4.85819398,97.02384,307.8762542,0,43,37,28,37,38.6853,48.148147
2401760,MOBL,BIR,1.95,30,12,4.559102564,146.0266,15.63712,15.04,8.91031,7.966130536,9.62106056,6.294416,8.381537,73.353794,1.315075,34.676,0.256,7.62,1.81,5.42,2.62455404,42.12805,81.62381952,2.623294858,13,10,6,86,8.1431,76.344086
2403380,MOBL,BIR,0.06,26,4,6.735652174,145.4091,15.82762,15.04,32.37815,42.51498362,52.163587,1.684579,1.0043071,43.863465,0.6037918,33.5665,0.267,7.62,15.04,23.65,6.233989267,211.6518,413.8014311,0,75,61,53,86,50.4911,27.347683
2406930,MOBL,BIR,1.26,30,6,5.615769231,143.5905,16.62473,15.04,23.22088,29.64524802,42.426386,4.285031,8.619938,37.946007,1.83288,37.37,0.271,7.62,11.17,14.26,4.832871653,104.7558,245.1338873,0,29,23,17,75,40.0864,40.817029
2423397,MOBL,BIR,2.65,33,14,4.541728395,141.4988,16.19675,15.04,17.70513,21.7748407,36.33199,4.576823,11.412364,41.410519,2.678517,32.5265,0.27,7.62,8.45,14.49,3.314675768,84.86137,275.2081911,0,24,19,19,98,32.8262,31.440074
2423515,MOBL,BIR,0.57,33,7,6.137586207,148.1591,16.32841,15.04,48.9948,66.95768654,83.437643,0.2002628,1.0983165,15.119845,0.1063896,37.8235,0.266,7.62,18.9,25.62,7.948835593,378.7351,911.5119917,0,41,33,27,48,83.3156,21.90299
2423536,MOBL,BIR,1.73,32,6,5.34654321,146.7335,16.67191,15.04,17.78009,21.63341259,33.2829253,6.858047,4.347927,42.153255,4.768994,29.4425,0.291,7.62,9.33,9.58,3.542325581,90.26554,254.2325581,2.583979328,20,14,6,95,28.6396,37.699981
2423576,MOBL,BIR,0.77,27,5,6.185217391,147.1119,16.11389,15.04,30.85588,40.56050425,53.933327,0.7719118,1.1610751,43.16933,0.6115423,39.171,0.2815,7.62,15.26,23.5,5.201140684,225.1846,490.0380228,0,53,43,35,60,51.3161,54.314962
2423581,MOBL,BIR,0.81,28,5,6.455416667,147.104,16.14641,15.04,25.7321,33.94175098,59.304327,0.621247,1.1945828,38.035009,0.5429922,28.4735,0.295,7.62,15.94,26.15,1.806323268,268.9486,562.053286,0,54,48,37,56,57.0174,45.671565
2423590,MOBL,BIR,0.08,26,4,6.84826087,147.105,16.3259,15.04,46.50774,63.67672394,85.15015,0.7057057,3.0330325,10.33033,0.6906907,30.615,0.2975,7.62,39.16,29.37,6.378631052,400.2609,597.7796327,0,20,8,30,32,85.03,0.6700168
2423620,MOBL,BIR,1.99,38,11,5.085740741,148.0889,16.4894,15.04,8.63972,8.946016553,26.5639306,1.503697,1.61169761,63.047275,3.609703,26.461,0.284,7.62,2.55,6.5,1.4,13.5555,28.0904059,0,28,24,13,59,16.7982,48.479432
2423729,MOBL,BIR,2.6,30,15,4.561794872,146.1674,16.80789,15.04,8.8048,8.120310263,13.469473,8.033421,15.42593,44.557466,4.613508,30.283,0.299,7.62,4.96,4.98,2.266474488,39.53281,96.14586336,0,5,3,1,85,4.5338,41.174412
2456900,MOBL,BIR,1.12,32,6,5.992592593,148.2914,15.91332,15.04,46.85413,63.52270377,76.531456,0.4742572,1.1030072,20.734383,0.5712643,39.556,0.289,7.62,15.05,27.52,7.520127796,387.3939,1016.070288,0,35,27,28,68,76.3482,15.466667
2456980,MOBL,BIR,1.3,38,8,5.0675,147.3525,16.0152,15.04,34.63098,46.58805103,69.854973,0.5567682,1.1782768,26.961637,0.8046317,37.089,0.2775,7.62,12.7,25.7,3.463049733,347.5545,905.6884505,0,24,19,15,71,68.2772,35.479963
2458150,MOBL,BIR,0.6,25,4,6.405079365,147.1266,16.07654,15.04,47.88238,65.22429547,79.229991,0.2912867,4.0653493,16.166412,0.2469605,34.204,0.2685,7.62,16.97,33.56,8.45907173,339.9589,809.5077356,0,66,56,77,36,79.1033,11.8782476
2461200,MOBL,BIR,0,29,2,6.716,143.9981,16.50649,15.04,73.34596,100,95.71527,0.06738079,0.4975812,3.4986173,0.2211472,36.657,0.275,7.62,41.96,50.98,11.87930902,729.8123,1545.299424,0,28,22,20,11,95.6617,5.0065526
2461670,MOBL,BIR,2.21,40,10,4.906296296,149.0465,16.6721,15.04,16.64706,20.40963032,36.4576604,2.201358,16.271479,39.759708,3.042118,33.9655,0.276,7.62,6.89,8.7,3.225486726,60.51724,174.1268437,2.949852507,33,28,20,81,33.8558,32.198958
242339580,MOBL,BIR,1.33,29,4,5.574,141.2236,16.19827,15.04,16.25039,19.11086715,26.51888,5.328352,20.345062,38.954977,3.716083,34.764,0.2595,7.62,7.34,11.14,3.886878981,65.53433,286.3503185,,18,16,10,70,23.7957,21.4771617
242354650,MOBL,BIR,2.48,33,9,5.011888889,146.558,16.49863,15.04,18.30301,22.18416701,31.7192517,1.502094,8.64982,54.720514,0.7133119,34.811,0.273,7.62,5.85,9.62,3.652258588,106.8953,319.7105761,8.114687585,8,6,4,114,27.4589,45.067806
242354750,MOBL,BIR,2.29,29,9,4.8632,146.9453,16.5074,15.04,17.05299,20.37877858,30.0990216,1.530897,6.884951,58.466922,0.7014342,30.678,0.272,7.62,6.81,10.52,3.304858483,104.0034,266.2146209,7.567731194,18,14,6,82,25.8999,52.00214
242372950,MOBL,BIR,2.14,35,15,4.708064516,146.9018,16.74519,15.04,7.37989,6.076684668,11.7373322,2.911881,34.74392,43.112178,2.046481,34.491,0.2655,7.62,2.12,5.02,1.899002117,33.73674,57.67160568,0,12,8,1,89,4.3229,41.472786
1072540,NECB,BOS,2.85,57,21,4.054484848,127.0129,7.343891,10.34,3.44423,1.399760174,2.445823219,0.4730685,11.5656405,67.89219,6.754476,4.6015,0.2565,214.376,0.9468436,2.22,1.22695747,17.80734,34.73375839,2.181025082,1,1,0,161,1.3328,57.198399
1072650,NECB,BOS,2.75,51,19,3.866133333,126.1022,7.737813,10.34,7.87759,10.41641476,8.0394945,0.2303837,9.715012,65.86282,3.567956,4.2455,0.206,214.376,3.067933,5.36,2.204255319,40.10499,103.263714,1.662234043,9,6,3,158,4.8904,62.91746
1072845,NECB,BOS,2.45,55,21,4.125864198,127.1846,7.614109,10.34,3.57828,1.697780521,1.83457013,0.2257234,5.7158004,74.15543,5.162854,5.5245,0.111,214.376,0.7225875,1.87,1.358963138,16.59455,34.60461579,1.683218313,2,2,0,164,0.3621,65.21869
1072904,NECB,BOS,2.25,40,16,4.309189815,117.7189,8.217413,10.34,7.1103,8.828236573,7.9791215,0.6547377,9.452939,58.49516,4.063844,5.6915,0.116,214.376,2.876599,4.98,1.936079462,37.12031,88.39547326,2.921413964,2,2,0,132,2.9779,45.728899
1073260,NECB,BOS,2.53,51,18,4.180969388,122.5952,7.894763,10.34,2.74825,0,1.149562304,0.5774898,6.3068823,78.57437,6.436899,5.9975,0.1005,214.376,0.9402574,1.93,1.151329883,11.79443,31.46223178,2.407028523,1,1,0,171,0.1517,72.403907
1073458,NECB,BOS,2.54,50,18,4.017482993,120.4666,8.021586,10.34,3.94189,2.435071884,2.55022913,0.3029975,6.2992223,79.19778,3.824742,8.0825,0.119,214.376,1.004064,3.35,1.471102204,14.73637,36.88683034,4.008016032,1,0,0,126,1.0978,72.66318
1089743,NECB,BOS,2.74,50,23,4.052118056,127.8726,7.589587,10.34,4.25156,3.046050625,3.28127921,0.2974103,7.9075633,73.10345,4.316444,5.028,0.111,214.376,1.23681,3.28,1.411504687,22.57027,37.6893147,3.94671929,4,2,0,188,1.5199,59.498326
1090477,NECB,BOS,2.42,51,17,4.14165,115.8631,7.796537,10.34,4.11955,2.835558426,0.93083317,0.05199249,6.0495775,80.398828,4.347243,5.026,0.112,214.376,0.3373977,2.57,1.529319664,25.79133,57.5489107,3.727865797,1,1,0,160,0.0419,70.946026
1094005,NECB,BOS,2.09,39,15,4.477083333,115.4026,8.148045,10.34,6.96031,8.598301123,4.92146863,0.2502651,7.2798776,76.642753,1.234066,5.082,0.11,214.376,1.014745,5.51,2.08460274,42.21473,117.718636,1.369863014,1,1,0,155,0.6152,66.946161
1095220,NECB,BOS,2.35,55,20,4.055308642,124.3266,7.958818,10.34,4.79768,4.184401828,3.16038716,0.221902,9.0728164,74.44925,1.376021,5.241,0.112,214.376,0.8155469,4.22,1.652045743,22.45267,55.49546531,7.623888183,2,2,0,157,0.8155,61.905925
1096544,NECB,BOS,1.63,23,13,4.020688406,120.1635,8.794436,10.34,15.28048,25.34485993,21.4953259,0.4121178,9.944327,50.156319,1.895073,4.459,0.107,214.376,8.245749,11.21,3.361679205,82.97406,227.6618352,9.287638154,1,0,0,171,8.7038,34.4087563
1096710,NECB,BOS,1.63,38,11,5.045069444,120.5149,8.779476,10.34,21.42243,37.61672732,35.688707,1.009613,5.8738983,44.775222,2.462184,4.6535,0.0965,214.376,11.29142,14.78,3.760628272,136.5924,381.6588894,18.32460733,2,1,0,170,29.5226,33.666639
1096945,NECB,BOS,1.25,37,9,5.428287037,121.1985,8.75765,10.34,9.01378,12.71385511,10.3421438,0.4244356,12.336432,66.784678,2.081403,3.465,0.083,214.376,4.407477,6.8,2.500206016,37.45818,110.6591528,12.36093943,1,1,1,172,3.6235,48.4222152
1097270,NECB,BOS,2.05,34,11,4.576666667,121.7857,8.909693,10.34,14.92006,24.67175841,18.3430181,0.2210204,8.5544939,52.8238714,1.567235,6.0145,0.125,214.376,6.768431,9.16,3.338418605,94.17361,255.8339805,3.720930233,0,0,0,148,11.5651,33.328625
1097476,NECB,BOS,1.44,38,11,5.15837963,121.8817,9.038047,10.34,15.86172,26.44543359,24.402596,0.06129791,6.253392,49.710597,1.620878,6.045,0.1205,214.376,9.442641,10.18,3.088164359,98.77476,257.476865,7.815989281,4,4,0,149,19.2315,35.728693
1101500,NECB,BOS,1.04,26,4,5.460705128,123.0612,9.48084,10.34,26.92151,48.77398493,43.292865,0.4371755,3.1796713,30.788866,0.2568406,6.1165,0.1255,214.376,14.88179,23.71,4.829418907,169.533,454.7965926,7.805724198,2,2,1,184,39.9414,21.400394
1102345,NECB,BOS,0,18,4,5.639705882,122.4736,9.688122,10.34,44.45626,84.29761242,64.445639,0.1594968,1.77831456,19.6672919,0.3637123,6.263,0.1245,214.376,25.73046,33.47,6.995231788,375.1642,865.7498193,18.21192053,7,7,0,158,63.8076,22.0416564
1102500,NECB,BOS,0.43,23,2,6.419365079,121.5167,9.573009,10.34,52.23849,100,76.432741,0.1491503,1.902796,15.8385562,0.3570568,4.494,0.0985,214.376,36.31153,36.83,7.839175258,458.0293,1041.956301,5.154639175,11,8,2,124,76.0877,19.385166
1105000,NECB,BOS,0.99,21,8,5.501125,121.9312,9.636638,10.34,24.91565,44.72264306,38.561609,0.2353839,4.6928345,40.459533,0.8089997,6.209,0.1175,214.376,13.85466,16.23,4.21163722,184.5769,460.6333232,15.31213192,2,0,0,149,30.531,34.031138
1105500,NECB,BOS,0.28,20,4,5.400046296,125.635,9.726118,10.34,30.29794,55.64405832,44.684823,0.08030839,2.7391336,35.775533,0.6054017,3.7785,0.092,214.376,16.52175,20.15,4.98295127,242.9997,574.24222,9.608785175,5,3,0,105,37.4385,30.699059
1105581,NECB,BOS,1.01,28,7,5.210648148,129.1011,9.834538,10.34,36.06921,67.29715499,53.677826,0.02905875,3.0397974,29.1206528,0.4864182,3.7375,0.0985,214.376,22.80174,27.35,5.719966302,296.5247,699.7756391,7.02049986,3,1,0,152,51.813,23.7820452
1106468,NECB,BOS,0.39,24,2,6.709375,129.2303,9.88087,10.34,45.56309,86.60395646,60.130919,0.14559,3.0336892,25.9251738,0.6557192,5.429,0.109,214.376,26.25313,30.46,6.590394984,458.6192,1068.022894,13.79310345,9,6,1,102,55.3253,26.6661372
1109000,NECB,BOS,1.52,35,11,5.074240196,122.5147,9.798933,10.34,14.65698,23.98423473,23.489882,0.302503,5.9702449,49.638435,1.440681,3.613,0.0805,214.376,8.114034,12.37,2.836825397,88.02322,230.6261541,11.4638448,3,2,0,149,11.6547,38.634546
1109595,NECB,BOS,0.78,30,5,5.943425926,126.1626,8.291189,10.34,23.89328,42.83730801,28.525129,0.07940289,5.616672,54.269707,1.224248,4.934,0.1075,214.376,8.653955,14.97,4.164671908,221.8743,483.7890546,24.86763998,16,13,8,136,24.7564,46.122654
1110000,NECB,BOS,0.79,27,8,5.188402778,121.0024,8.645103,10.34,36.95956,69.18971107,50.200234,0.4154408,2.5198868,33.138548,2.329193,4.6445,0.105,214.376,17.83079,28.95,5.792628399,337.5842,693.8475505,,0,0,0,142,45.926,28.677305
1112262,NECB,BOS,2.03,40,14,4.270065789,124.9934,9.24404,10.34,12.32754,19.38858358,15.4401893,0.6065266,9.310244,58.026405,2.881306,4.69,0.109,214.376,5.586,6.25,2.734888768,80.95539,208.4500849,,2,2,0,125,7.5932,47.295438
1193340,NECB,BOS,2.9,60,26,4.060862573,136.2463,9.162451,10.34,6.29895,7.194640911,6.3800606,0.1846908,9.5508899,67.5200195,3.189116,5.923,0.123,214.376,0.8171744,4.37,1.809388336,33.18092,89.75204975,,3,3,0,55,1.8963,45.750703
10734833,NECB,BOS,2.81,50,20,3.769947917,117.3165,8.188313,10.34,4.5063,3.606511143,2.388960744,0.4726175,3.5360065,78.63735,4.388098,5.504,0.113,214.376,0.8762915,3.53,1.657964347,18.887,45.75344273,3.833620855,0,0,0,90,0.69,66.50455
10965852,NECB,BOS,1.9,33,12,4.2659375,119.9925,8.408139,10.34,20.01895,34.85769594,30.634108,0.1419478,9.249525,48.454468,3.143552,5.04,0.105,214.376,10.71015,17.11,3.760197206,129.6025,354.765108,8.216926869,4,4,0,134,23.5759,40.57114
11032058,NECB,BOS,1.18,21,6,4.992333333,124.2639,9.277867,10.34,25.18358,45.35122869,34.735115,1.145259,5.487977,42.541747,2.608278,5.1255,0.107,214.376,13.99762,16.03,4.262435424,212.2426,479.0079745,12.91512915,0,0,0,138,23.1981,35.086459
6713500,SPLT,DEN,0.93,24,4,6.347826087,42.06901,9.915417,87.97,87.21571,97.33771068,79.60947503,11.36363636,0,0.512163892,1.632522407,23.588,0.277,306.324,41.1,42.7,9.113280719,1033.287973,1859.764763,1.235748728,18,15,20,21,69.3229,1.528013582
3.94E+14,SPLT,DEN,1.83,38,7,6.25,46.57735,9.173235,87.97,57.77652,66.60868357,72.01946472,21.89781022,0,3.527980535,1.216545012,31.8675,0.299,306.324,34.15,30.52,7.20184673,437.4630402,1211.471959,4.698541573,3,2,2,55,67.9888,6.944444444
3.94E+14,SPLT,DEN,1.84,32,3,6.64516129,45.55371,9.39455,87.97,30.92496,36.29701606,59.05172414,36.7816092,0,0.574712644,2.011494253,26.9005,0.2635,306.324,27.93,17.79,3.625509155,86.58084948,135.4391798,5.541701302,17,16,10,34,58.5436,0.595238095
3.94E+14,SPLT,DEN,0.29,28,7,5.333333333,46.76035,9.019464,87.97,31.62473,35.40889146,38.00904977,53.96955985,1.275195393,2.385849445,1.439736734,29.332,0.267,306.324,16.71,21.6,4.443028862,221.6817437,534.071649,17.47304782,3,2,5,19,36.438,6.786427146
3.94E+14,SPLT,DEN,1.43,29,5,6.214285714,43.95013,9.704521,87.97,87.0856,100,90.42357274,2.394106814,0,2.025782689,0,31.973,0.239,306.324,42.25,47.67,10.92992617,797.8588376,1851.259297,35.55328015,13,12,11,37,90.1638,4.06504065
3.94E+14,SPLT,DEN,1.32,27,5,6.115384615,44.36064,9.479523,87.97,80.98805,92.90888846,89.25619835,8.582326764,0.063572791,1.843610935,0.063572791,33.8745,0.2735,306.324,46.21,48.32,9.666395455,737.840924,1576.027073,0,17,12,10,36,89.2131,2.894736842
3.95E+14,SPLT,DEN,2.5,33,4,6.454545455,46.74424,8.887539,87.97,52.46215,61.29765593,68.76404494,28.76404494,0.112359551,1.348314607,0.112359551,28.6285,0.2725,306.324,37.63,36.04,7.353330526,307.6832936,648.4768878,4.335028329,20,11,5,37,68.2377,2.051282051
3.95E+14,SPLT,DEN,0.15,23,8,5.913043478,45.88837,9.119665,87.97,45.24647,52.68326783,62.56916996,30.67193676,0.158102767,2.529644269,0.316205534,25.4385,0.273,306.324,31.5,31.38,6.195546976,251.5844411,581.9829637,7.631362458,25,18,15,14,62.2874,3.987730061
3.95E+14,SPLT,DEN,1.5,26,2,6.24,45.38367,9.220909,87.97,29.25456,33.31933239,41.40386572,45.16785351,1.932858596,3.662258393,0.406917599,33.9535,0.288,306.324,17.23,14.51,4.232328041,144.0346796,436.2497839,19.6420434,10,4,3,44,39.4569,5.841924399
3.95E+14,SPLT,DEN,1.56,29,6,6.357142857,43.15327,9.742702,87.97,79.12411,91.60311774,90.36827195,6.798866856,0,2.407932011,0,35.6475,0.305,306.324,42.08,41.75,10.07127378,646.0687928,1764.336257,5.464033003,15,11,8,41,90.1992,4.232804233
3.95E+14,SPLT,DEN,1.25,28,7,6.115384615,44.28818,9.368573,87.97,25.95356,28.59619889,33.2673827,58.62068966,1.554550594,0.9044658,0,32.584,0.264,306.324,15.96,16.85,3.469973291,181.3696721,459.6094504,14.18514008,8,5,0,16,29.5839,2.319236016
3.96E+14,SPLT,DEN,2.75,38,4,6.473684211,44.97192,9.101161,87.97,12.80102,13.13102409,17.40331492,78.86740331,1.657458564,0.414364641,0,31.7285,0.2355,306.324,8.35,6.66,2.185476294,54.36529061,175.3599761,0,1,1,0,39,15.0182,1.694915254
3.96E+14,SPLT,DEN,2.09,29,2,6.607142857,45.76705,8.83912,87.97,4.28985,2.657378582,2.796420582,91.61073826,2.572706935,2.460850112,0.111856823,31.7285,0.2355,306.324,0.94,3.91,1.360289265,8.61661699,8.085996956,0,6,3,4,27,1.0352,4.210526316
3.96E+14,SPLT,DEN,0.47,51,11,5.647058824,42.79354,9.600856,87.97,13.7663,14.59105146,19.21182266,57.63546798,17.98029557,4.679802956,0,24.105,0.243,306.324,6.61,8.82,2.56705313,36.0790313,91.65859311,9.498299804,8,3,4,20,12.1282,6.875
4.00E+14,SPLT,DEN,0,35,13,4.676470588,44.38902,9.148764,87.97,5.97513,4.358349243,5.815831987,68.41680129,11.06623586,9.369951535,2.423263328,30.263,0.2545,306.324,1.87,4.85,1.088144895,50.14330849,72.93536804,3.11689607,30,17,19,24,3.3465,10.30150754
4.00E+14,SPLT,DEN,1.09,27,3,6.333333333,43.30738,9.234113,87.97,54.24727,61.79910883,58.89830508,25,0.423728814,7.203389831,8.474576271,19.918,0.2515,306.324,24.92,30.96,7.197966778,452.4856483,975.8567742,0,13,8,7,23,55.616,6.896551724
4.00E+14,SPLT,DEN,0.72,33,14,5.21875,42.63696,9.494295,87.97,45.33113,50.71239574,49.37906564,32.02247191,6.771141336,6.06150207,1.685393258,24.485,0.243,306.324,24.25,22.98,5.497218769,419.8224739,986.8400777,5.707313008,16,10,5,54,48.7559,7.774227902
4.01E+14,SPLT,DEN,2.21,47,11,6.045454545,40.47441,9.68518,87.97,15.293,16.09563274,22.17592593,42.36111111,25.13888889,1.944444444,1.805555556,26.9585,0.269,306.324,10.01,7.78,2.251621548,77.05991058,171.4021194,17.87300515,10,5,2,26,18.9425,4.140127389
4.01E+14,SPLT,DEN,0.73,33,6,5.6875,39.59713,9.814017,87.97,10.0346,9.767426338,10.44142615,32.25806452,52.29202037,3.310696095,0.084889643,25.3185,0.279,306.324,3.37,5.89,2.233835389,33.93202683,87.78574638,3.279258363,,,,,5.4862,8.120649652
4.01E+14,SPLT,DEN,1.73,30,4,6.413793103,39.16082,9.803816,87.97,5.97496,4.841974856,8.6846543,41.98988196,45.36256324,0.674536256,0.084317032,31.6575,0.2745,306.324,3.54,2.07,1.282246859,10.800462,34.55546445,22.77667148,6,5,5,16,4.4571,1.949860724
4.01E+14,SPLT,DEN,1.57,32,4,6.451612903,38.11325,9.926014,87.97,16.68962,17.88307787,25.15212982,11.76470588,53.41446924,1.352265044,0,23.628,0.3075,306.324,11.06,7.2,2.393670482,79.13090909,163.2245257,2.6086707,1,1,0,13,23.9476,4.181184669
4.03E+14,SPLT,DEN,1.99,29,8,5.862068966,40.49228,9.435288,87.97,18.32014,19.18239665,20.93704246,15.37335286,62.51830161,0.878477306,0.146412884,29.022,0.3015,306.324,11.03,9.85,2.612847932,142.8077347,285.8876639,0,22,17,14,22,20.8963,2.793296089
4.03E+14,SPLT,DEN,1.15,31,8,5.793103448,39.8685,9.532567,87.97,61.06561,72.63340266,88.05031447,6.918238994,0.628930818,4.402515723,0,27.504,0.301,306.324,41.22,27.21,8.47773899,293.1371386,1022.801303,24.12836289,7,7,2,58,87.7307,5.357142857
4.03E+14,SPLT,DEN,2.55,28,5,6.346153846,40.48161,9.374093,87.97,12.41974,12.69040333,16.60194175,65.14563107,14.36893204,1.359223301,0.582524272,22.012,0.299,306.324,6.54,9.11,2.19867266,49.70157973,134.4802384,0,,,,,15.8402,2.201257862
4.03E+14,SPLT,DEN,2.71,21,1,6.714285714,39.4683,8.296503,87.97,4.20152,2.593178606,4.423219585,66.15819733,22.99239614,0.389465875,0.301372404,16.4125,0.2505,306.324,1.73,2.22,1.184380407,5.914813711,13.43799467,5.370185696,0,0,0,20,2.8888,1.131889764
4.03E+14,SPLT,DEN,1.12,27,5,6.192307692,39.82141,9.409401,87.97,59.45681,67.49896892,63.4902411,29.62112514,1.148105626,4.362801378,0,24.695,0.2695,306.324,28.5,28.32,7.434133257,538.1683905,1232.161365,13.28762391,8,6,5,28,62.8558,7.692307692
4.11E+14,SPLT,DEN,1.93,31,4,6.233333333,42.80828,6.491912,87.97,5.83701,4.639170235,8.721314812,80.76629522,1.557014196,0.803948507,1.424718872,13.6615,0.2595,306.324,2.89,3.24,1.198227595,13.17622951,35.75521898,1.178743483,9,8,2,16,6.7685,0.954545455
8049490,TRIN,DFW,1.85,31,5,7.245,98.61974,18.49495,81.65,78.78261,100,88.79568604,0.419412822,3.055721989,7.24985021,0.059916117,49.557,0.324,13.208,43.9,54.40827,9.097705812,662.3137854,1591.25453,2.313374326,16,16,13,21,88.7443,25.1497006
8049580,TRIN,DFW,2.26,29,6,6.9984,97.18565,18.39979,81.65,6.79053,5.26853519,4.785643071,22.03389831,57.4775673,9.571286142,5.533399801,51.592,0.32,13.208,1,2.806401,1.741648056,25.52084948,89.94294435,0,6,5,4,47,0.9744,39.39393939
8049955,TRIN,DFW,0.91,25,5,6.245238095,99.15717,18.5154,81.65,60.93173,77.11325623,70.22222222,3.955555556,11.6,13.33333333,0.444444444,49.945,0.324,13.208,29.26,27.69484,8.04067927,433.8049329,1320.932761,0,17,14,13,30,69.5532,41.03448276
8052740,TRIN,DFW,2.25,26,4,7.354285714,109.8724,17.83507,81.65,6.851,5.451877007,6.712328767,14.2739726,68.93150685,6.931506849,2.301369863,50.992,0.319,13.208,2.02,3.171393,1.763129589,11.67979136,34.78093017,0,15,15,13,50,2.375,31.6091954
8057200,TRIN,DFW,0.83,26,6,6.950952381,105.1171,17.95738,81.65,76.91857,96.94737878,83.93712575,1.706586826,8.248502994,5.479041916,0.179640719,51.135,0.319,13.208,40.15,44.68221,8.178437041,716.7795529,1514.7112,4.045980876,28,25,20,33,83.7478,29.48207171
8057431,TRIN,DFW,1.44,34,6,6.791153846,103.6455,18.31076,81.65,53.68702,67.29720275,61.59695817,3.517110266,9.149239544,24.80988593,0.475285171,51.2035,0.32,13.208,21.92,35.10256,6.869360656,401.5520566,1131.156422,0.917543192,16,15,15,35,60.9071,49.03381643
8057475,TRIN,DFW,2.01,45,7,7.061315789,103.2023,18.45676,81.65,19.2594,21.88443209,21.28469114,6.110116383,36.59355416,24.3733214,0.671441361,52.883,0.321,13.208,6.57,13.08588,3.188374357,109.6005365,317.402258,4.320749496,6,4,9,57,17.4958,44.80519481
8059530,TRIN,DFW,2.53,35,4,7.367142857,111.2528,17.74385,81.65,9.19676,8.518339434,9.371980676,16.90821256,60,10.53140097,2.415458937,52.6955,0.322,13.208,2.93,5.396674,1.977220716,34.80222057,105.0869398,0,13,11,9,32,6.7865,39.44954128
8059571,TRIN,DFW,1.24,25,7,6.388571429,111.0492,17.64844,81.65,6.2102,4.532093527,6.493921945,22.13691619,53.80678183,12.85988484,2.847088932,40.2725,0.3175,13.208,2.32,3.15879,1.535216891,13.75351714,25.91306344,11.11618546,9,7,4,32,1.2657,43.35443038
8061536,TRIN,DFW,1.71,32,3,7.114814815,105.8105,17.91386,81.65,74.35815,94.81210804,86.01080466,2.672732442,5.08956497,5.487631504,0.36963321,52.411,0.322,13.208,40.29,48.65612,9.452548763,548.8628316,1483.117587,1.097816818,18,17,15,37,85.8827,24.25
8061740,TRIN,DFW,1.58,25,6,6.725238095,105.3628,18.15642,81.65,67.54177,85.24995358,78.89141989,1.948873703,9.769678562,8.428246014,0.151860289,41.6305,0.33,13.208,36.36,48.53527,7.758334852,553.4252757,1474.185206,0.977226462,,,,,78.0467,32.96703297
8061780,TRIN,DFW,0,19,5,6.354615385,109.2842,18.07099,81.65,11.73328,12.04709167,15.1586369,14.89424207,49.58871915,15.77555817,0.998824912,50.5175,0.322,13.208,6.02,6.592352,2.311601351,31.660462,100.2686024,14.74538271,13,13,6,65,8.5834,38.96907216
8061952,TRIN,DFW,1.75,33,6,7.221785714,105.3545,18.32159,81.65,62.11822,78.4048131,71.94388778,3.166332665,13.18637275,11.06212425,0.080160321,51.817,0.3175,13.208,29.79,38.07493,7.711351503,473.8737854,1270.005343,4.642511122,29,25,23,35,71.4465,32.84313725
8061995,TRIN,DFW,0.73,27,6,6.525454545,107.1349,18.21795,81.65,12.95136,13.75487696,17.34939759,20.42168675,50.42168675,6.325301205,3.192771084,49.596,0.323,13.208,6.14,6.611365,2.539740361,29.56584203,138.0896755,18.60733373,7,7,2,69,12.3194,36.73469388
8062020,TRIN,DFW,2.14,39,8,7.262727273,106.6487,18.22652,81.65,6.91305,5.498536923,7.205623902,20.16695958,59.8857645,6.151142355,5.360281195,33.832,0.351,13.208,1.77,3.6166,1.681010984,15.49511177,64.17506713,8.482033721,14,14,6,52,2.1071,33.77483444
8062090,TRIN,DFW,1.28,24,8,6.165263158,104.3783,18.18172,81.65,16.39615,18.21362336,15.25505294,21.70356112,27.95957652,26.22714148,8.132820019,49.217,0.317,13.208,4.93,7.752409,3.261893648,77.53308495,226.5702561,0,8,8,3,29,9.1199,60.11235955
8062525,TRIN,DFW,3.35,35,3,7.901666667,102.7641,18.4501,81.65,3.69354,1.09444866,2.316433566,27.70979021,56.99300699,9.222027972,2.753496503,50.3355,0.323,13.208,0.62,1.925946,1.178732401,7.428584203,13.39882548,0,6,6,6,44,0.4237,27.55905512
8062600,TRIN,DFW,2,35,8,6.498965517,105.184,18.46548,81.65,2.89421,0,2.477027567,25.92888534,44.34678386,15.78106272,9.908110268,51.3785,0.322,13.208,0.24,0.673798,0.943036756,3.464694486,5.244695945,10.79790342,3,3,1,84,0.3679,39.64912281
8062805,TRIN,DFW,3.24,39,6,7.641666667,110.9067,18.07224,81.65,3.02565,0.155006771,1.560715645,15.37875904,52.49333841,19.98477351,9.554625048,49.8235,0.3175,13.208,0.12,0.7483497,1.013409593,8.243487332,23.82457654,2.939491245,7,6,6,69,0.1812,54.72972973
8063047,TRIN,DFW,2.83,35,6,7.54057971,99.22382,18.60244,81.65,4.17088,1.806641807,2.747791953,12.4141315,73.30716389,3.287536801,7.26202159,48.6495,0.3205,13.208,0.33,0,1.369611084,2.461833085,5.626709812,5.683545265,,,,,0.8456,14.66666667
8063300,TRIN,DFW,2.87,39,6,7.482333333,101.1153,18.66128,81.65,4.43474,2.147183214,3.107488538,12.14977076,70.55527254,6.520631686,6.826286296,51.538,0.321,13.208,0.4,0.2665581,1.381985991,5.460461997,8.556008463,7.867593989,5,4,1,79,1.0273,29.81744422
8063510,TRIN,DFW,3.14,32,5,7.831805556,103.73,18.68217,81.65,4.83388,2.71840304,5.133079848,25.15842839,42.96577947,7.794676806,18.37769328,48.8545,0.333,13.208,0.46,0,1.370916456,1.504038748,3.278687671,0,5,4,3,63,1.7966,25.89641434
8063555,TRIN,DFW,1.5,30,6,6.789583333,96.32722,18.48422,81.65,4.57711,2.331872527,3.342222222,17.28888889,56.08888889,17.23555556,4.506666667,46.825,0.334,13.208,0.61,1.437411,1.3869,6.91266766,16.15794702,7.550442533,6,5,6,99,1.0643,44.7974583
8063565,TRIN,DFW,1.1,40,11,5.8778125,101.2846,18.46474,81.65,3.89767,1.42062741,2.803738318,35.41733806,36.44859813,9.893651305,14.63100226,49.715,0.318,13.208,0.42,1.241538,1.270227273,2.435663189,11.22346638,3.732860216,4,4,5,96,1.1006,37.41496599
8063574,TRIN,DFW,2.31,27,8,6.554545455,101.4411,18.4808,81.65,3.26624,0.522357838,2.545276554,23.34801762,55.70239843,4.405286344,12.38374939,51.7335,0.3205,13.208,0.4,0.7970529,1.061748899,3.645722802,11.79284176,7.55951395,6,5,4,48,0.4118,20.79646018
8063595,TRIN,DFW,1.63,38,10,6.443214286,105.1421,18.29108,81.65,3.48338,0.76627965,2.279340446,17.50727449,53.39476237,14.16100873,11.63918526,41.6915,0.341,13.208,0.48,1.668661,1.059583131,11.01371088,19.67960164,5.617393429,3,3,1,33,0.4584,45.67901235
8063692,TRIN,DFW,1.81,33,8,6.818390805,103.6179,18.43546,81.65,11.78156,11.901795,13.86827458,17.81076067,54.3135436,6.400742115,6.215213358,46.6135,0.331,13.208,4.83,7.178687,2.095623088,57.41336811,131.7152828,1.790826415,13,13,11,43,11.609,31.70731707
8064695,TRIN,DFW,2.34,33,8,6.647142857,104.1875,18.72451,81.65,6.06016,4.347384947,6.935052681,25.33417204,34.37647429,12.47051423,20.50636893,38.8925,0.343,13.208,1.34,2.558682,1.49082969,10.07718331,24.95486616,0.607174359,7,6,5,50,3.1207,29.29061785
4072233,WMIC,MGB,2.76,28,7,4,81.43511,6.796292,79.34,13.07595,9.967891028,11.66299182,1.318425162,58.8220457,22.6160624,0.405669281,22.315,0.2875,241.3,2.8609,6.13,2.909053398,40.68679583,114.69216,0,16,12,7,39,2.7098,34.11764706
4078085,WMIC,MGB,1.52,25,4,5.75,84.66422,6.993164,79.34,6.76022,2.569345346,5.363786975,0.631033762,77.80646283,8.582059161,0.189310129,23.1285,0.315,241.3,1.8727,2.31,1.6662396,21.82263785,67.75725666,2.436434975,16,14,2,59,2.0773,10.34482759
4081897,WMIC,MGB,1.12,27,4,6.25,83.54754,7.39318,79.34,10.0494,6.409537662,13.79583854,1.438829786,79.89737166,2.539111387,0.423185231,42.2145,0.333,241.3,4.7754,1.48,1.751811659,39.06921013,111.7279496,0,27,18,22,79,9.6587,2.083333333
4084429,WMIC,MGB,1.57,32,6,5.090909091,82.37061,7.104436,79.34,39.35479,40.22149748,58.8308492,1.245097338,34.24017679,4.357840682,0.077818584,27.423,0.3055,241.3,30.3332,26.3,5.287758748,189.99769,465.351257,0,47,41,31,40,55.7311,5.540897098
4084468,WMIC,MGB,1.57,26,5,5.777777778,82.09846,7.171308,79.34,44.73141,46.57987017,68.94825059,0.124906251,25.35596897,4.496625038,0.249812502,42.2145,0.333,241.3,25.9124,18.3,5.903607771,206.8015201,580.7443938,0,23,19,15,38,68.4729,8.920187793
4085046,WMIC,MGB,1.31,17,4,5.25,80.31915,7.146079,79.34,14.33546,11.48127777,17.59284191,0.93741289,74.53522488,4.730665048,0.109001499,39.7585,0.3345,241.3,7.6353,10.44,2.700015958,46.96387481,121.4172848,0.841714279,21,20,14,81,13.1968,7.409836066
4085188,WMIC,MGB,1.76,38,9,6,83.58215,6.899378,79.34,4.48107,0,3.526789495,0.603266624,77.63577403,9.513050613,0.09281025,29.3965,0.3365,241.3,0.8926,0.45,1.278059788,7.00704918,11.73571288,0,19,16,8,77,0.387,16.36363636
4085270,WMIC,MGB,2.84,52,16,4.366666667,83.31773,7.136595,79.34,5.24567,0.934944652,3.712615539,0.583411013,67.94086437,11.88036973,0.10607473,25.784,0.338,241.3,0.94,0.09,1.531533466,5.246825633,10.91468928,0,6,4,3,82,0.2635,14.58333333
4085322,WMIC,MGB,3.26,43,16,4.318181818,85.52141,6.866252,79.34,6.22883,2.046754096,3.997502125,0.71141987,79.34025403,8.841932666,0.169385683,33.0315,0.331,241.3,1.0073,0.04,1.756648105,10.72037258,16.4677648,0,13,10,6,101,0.2943,15.74585635
4085455,WMIC,MGB,2.18,36,9,5.235294118,85.01874,7.327083,79.34,5.73443,1.52759874,5.035113287,1.901012159,75.16704835,10.9950433,0,38.2545,0.3335,241.3,1.429,0.08,1.560212058,6.024918033,16.32620462,0,23,14,23,74,0.6285,8.996539792
4086699,WMIC,MGB,2.2,25,5,5.2,86.24799,8.025625,79.34,13.19172,9.87816384,14.91865208,1.387781589,54.81737277,21.42387828,0,29.9645,0.3465,241.3,3.5394,7.22,2.358672722,64.03408346,143.0653997,0,20,16,17,118,8.2894,27.51091703
4087030,WMIC,MGB,2.41,21,8,4.8,88.23931,7.871766,79.34,24.03866,22.35428209,30.39494038,1.090798054,44.39842891,12.02825963,0.471696456,27.121,0.348,241.3,10.4601,14.13,3.753082332,121.7353651,310.0985892,0,31,26,12,147,27.5531,17.31669267
4087070,WMIC,MGB,1.78,23,6,5.375,85.65549,8.157412,79.34,31.7419,30.7589612,44.28480057,0.601151139,38.22319325,9.468130438,0.951822637,35.1445,0.369,241.3,18.8006,20.61,3.951537764,204.9802086,564.2684261,0,31,27,20,123,37.8554,14.28571429
4087118,WMIC,MGB,0.72,24,4,5.875,87.92551,8.352052,79.34,96.85643,100,99.05598949,0,0,0.560165822,0.186721941,35.1445,0.369,241.3,47.5827,50.59,10.37907164,984.8837258,2143.959815,0,30,28,29,26,99.0558,0
4087204,WMIC,MGB,1.37,23,5,5.7,89.46886,8.474835,79.34,40.87986,41.36687255,62.93412274,0.814304731,21.01681733,9.810433182,1.357174551,34.923,0.366,241.3,27.4252,22.99,4.632780861,252.1997615,600.9174297,0,33,28,28,80,62.1132,15.70438799
4087213,WMIC,MGB,1.15,29,5,6,88.969,8.293793,79.34,69.5611,73.02859402,92.84302504,0.084249569,0.252748707,4.296728019,1.600741811,35.1445,0.369,241.3,32.369,37.49,8.082759583,504.0261699,1197.975819,0,54,53,48,53,92.8287,12.05673759
4087258,WMIC,MGB,2.07,24,5,5.333333333,90.00302,8.601041,79.34,17.42818,14.88203261,27.32250583,0.748915566,63.99354391,4.803389495,0.387370121,34.143,0.3405,241.3,11.4661,11.41,2.365956755,83.23947839,198.1429697,0,32,31,26,106,19.5674,9.556313993
4087270,WMIC,MGB,0.42,17,0,5.8,89.39011,8.721246,79.34,69.61365,73.02132769,87.24889565,0.158923307,10.80678489,0.953539843,0.476769922,33.902,0.3415,241.3,41.911,39.96,8.620691499,503.0983607,1319.130866,0,58,55,55,83,87.3204,1.666666667
5527729,WMIC,MGB,0.99,38,5,6.235294118,90.41576,8.534684,79.34,6.98604,2.981565182,7.426470787,1.060924398,81.78762632,5.593965008,0,34.7045,0.35,241.3,3.8912,5.86,1.67194114,12.20582712,24.2982221,0,20,18,28,108,4.621,6.299212598
40850683,WMIC,MGB,0,31,3,6.4,78.58366,7.105702,79.34,6.25553,2.109197363,5.697450588,0.649709278,87.31093138,4.8978084,0.099955273,42.2145,0.333,241.3,2.432,3.84,1.616981457,10.2066617,23.1557681,0,25,23,21,44,2.4713,12.41685144
40851235,WMIC,MGB,1.56,32,5,5.875,82.58024,6.89765,79.34,18.16033,15.90182768,24.39763359,0.677712044,66.64168435,6.475915089,0.301205353,41.8015,0.331,241.3,7.9956,8.05,3.070869146,67.16445604,176.7409021,0,26,22,12,84,21.9594,16.79389313
40851325,WMIC,MGB,1.95,30,7,5.235294118,83.18407,6.833621,79.34,6.15667,1.809460276,5.478087649,0.846613546,84.4123506,4.432270916,0.14940239,42.2145,0.333,241.3,1.5606,5.44,1.415187251,25.39053651,43.05192893,0,16,11,3,85,0.2198,14.91712707
40851932,WMIC,MGB,1.36,34,4,6.571428571,84.12357,6.772398,79.34,6.50868,2.38467102,4.373271097,0.634829675,86.33683585,5.784003709,0.070536631,35.6615,0.3375,241.3,1.0985,2.04,1.812140353,10.81791356,16.2861385,0,9,7,2,81,0.5122,10.6017192
40853145,WMIC,MGB,0.23,21,1,5.571428571,85.39252,6.91933,79.34,4.72209,0.313153691,3.230127747,0.599880867,72.72401899,16.61208556,0.046144682,27.857,0.3395,241.3,0.9159,0.43,1.415312312,4.449657228,10.28015591,0,12,9,6,68,0.1908,17.89667897
40854395,WMIC,MGB,2.53,25,8,4.75,83.1693,7.38638,79.34,5.51937,1.227293406,5.020325946,0.902530507,81.67901089,5.922856453,0.056408157,35.0235,0.3335,241.3,1.4183,0.08,1.445315739,9.737675112,14.24366943,0,15,12,16,91,0.6194,8.626198083
40869415,WMIC,MGB,1.06,23,5,5.666666667,84.96287,8.328092,79.34,88.28317,91.25860036,97.55620597,0.099750722,0,0.997507219,1.09725794,35.1445,0.369,241.3,44.611,47.56,9.323371791,857.3349925,2174.498691,0,81,71,77,39,97.5593,2
40870856,WMIC,MGB,1.75,30,4,5.363636364,88.65446,8.169025,79.34,52.33369,55.85447672,86.04639389,0.105449012,0.843592097,5.905144679,1.159939133,33.8975,0.3655,241.3,19.9629,32.06,6.778886757,209.846766,555.6659166,0,29,24,17,93,85.9322,8.771929825
40872393,WMIC,MGB,1.8,31,5,6,90.55103,8.507406,79.34,12.13814,8.97458851,16.30028736,0.731849636,75.1809172,4.391097819,0.199595355,34.4295,0.3405,241.3,5.9795,7.75,2.243471754,35.78202683,92.60547738,0,20,16,10,87,14.9087,7.01754386
55437901,WMIC,MGB,2.27,27,10,4.866666667,88.88811,7.930737,79.34,14.73964,11.77616363,20.15151306,1.405919516,41.53853115,18.6603863,0.937279677,23.1275,0.3405,241.3,5.5496,8.15,2.360744642,65.99107303,140.3458567,0,8,6,4,87,11.7896,28.07486631
408703164,WMIC,MGB,1.98,32,6,5.666666667,87.08562,8.118302,79.34,46.0297,48.90559308,77.99254437,0.230747173,14.76781905,4.384196281,0.692241518,35.1445,0.369,241.3,24.9462,26.73,6.188867611,151.8115946,471.7420417,0,21,18,11,76,76.9712,7.462686567
14199710,WILL,POR,3.04,28,14,3.807692308,162.5942,10.79452,16.85,5.20332,4.389488184,1.893597836,13.34535618,11.99278629,64.20198377,7.213706041,43.536,0.3175,33.02,0.5559801,1.843976,1.726504505,15.10767511,21.46161606,0,4,1,0,201,0.2129,74.10358566
14205400,WILL,POR,3.1,38,18,3.891891892,173.0655,8.891111,16.85,3.00628,1.535227742,0.532701983,7.191476768,0.76945842,68.57058301,18.34862385,33.455,0.2745,33.02,0.2438475,0.1300294,1.243852071,2.961698957,3.586849741,1.142308835,4,4,1,57,0.0257,66.6136725
14206347,WILL,POR,1.46,29,3,5.964285714,122.3743,11.11803,16.85,24.14988,28.21061588,28.2210977,13.58505255,26.08018684,27.83184118,2.608018684,24.5875,0.3255,33.02,13.37391,8.180157,3.526009317,182.7240835,441.9320607,1.498836903,46,37,32,165,25.2455,38.23529412
14206435,WILL,POR,1.11,18,2,6.125,116.9389,11.46175,16.85,70.58029,86.80161389,82.89045553,2.738611714,1.409978308,11.36117137,1.165943601,26.18,0.363,33.02,39.94248,32.34761,8.78915493,603.5001639,1468.551433,0,39,34,32,38,81.6926,15.13353116
14206750,WILL,POR,1.96,25,6,5.25,123.5698,11.38235,16.85,17.78105,20.50435398,22.03499676,8.684381076,35.6448477,29.29358393,2.851587816,30.966,0.3845,33.02,8.920218,6.571952,3.521888745,64.84631893,245.9953948,0,7,2,2,238,19.2765,42.89473684
14206950,WILL,POR,1.36,27,3,6.16,118.0413,11.57563,16.85,75.81615,93.59937099,84.31876607,2.63496144,1.060411311,10.08997429,0.899742931,24.968,0.3415,33.02,38.69931,35.27239,9.994789862,641.4958271,1512.269866,0,48,37,31,31,83.6659,13.58695652
14211315,WILL,POR,2.11,36,6,5.485714286,124.2943,11.50736,16.85,60.85134,75.01274565,59.54545455,2.727272727,0,35,1.363636364,23.985,0.302,33.02,22.74978,29.36143,9.245597579,489.9895082,1105.789169,0,49,39,30,32,56.6875,51.28205128
4.35E+14,WILL,POR,2.41,35,12,4.575757576,140.694,10.9704,16.85,8.06187,8.15553344,3.461063041,7.787391842,10.56860321,59.88875155,15.45117429,41.697,0.3095,33.02,1.42683,1.145016,2.483046683,23.26803279,52.57890393,0,2,0,0,99,1.7315,37.5
4.35E+14,WILL,POR,3.41,32,16,3.666666667,161.4071,9.690152,16.85,3.56461,2.313142645,0.155231295,2.049053089,0.58987892,86.7742937,7.823657249,36.64,0.243,33.02,0.1970011,0,1.514293698,0.762578241,3.668013603,0,15,11,1,72,0.0205,78.79377432
4.40E+14,WILL,POR,0.58,27,1,6.32,140.7153,11.33644,16.85,61.19076,74.98072885,61.93952033,3.962460897,7.87278415,23.04483837,2.241918665,41.22,0.289,33.02,28.66896,27.03131,8.146608247,559.2781818,1237.511444,0,72,63,58,135,59.5713,4.5
4.43E+14,WILL,POR,2.2,29,6,4.851851852,166.2197,10.76874,16.85,9.48039,9.71124349,7.12570056,8.566853483,18.89511609,55.16413131,7.76621297,41.0405,0.304,33.02,2.59009,3.769273,2.029450199,65.33409836,107.0928641,0,14,7,5,199,2.8538,40.4
4.45E+14,WILL,POR,1.42,22,3,5.476190476,141.3892,11.06674,16.85,27.97677,33.09261967,32.98611111,7.118055556,39.58333333,17.96875,1.302083333,43.49,0.32,33.02,13.21243,10.57811,4.072675325,207.5701043,497.4176403,0,12,5,4,249,28.8431,22.90909091
4.46E+14,WILL,POR,1.57,29,5,5.75,126.8177,11.47181,16.85,69.76122,85.95340354,88.71473354,2.194357367,5.851619645,2.089864159,0.313479624,38.2365,0.309,33.02,41.94899,37.53506,8.880188088,534.5594039,1282.442317,0,23,15,10,93,88.4322,2.608695652
4.50E+14,WILL,POR,0,17,0,6.411764706,116.3424,11.76343,16.85,81.24189,100,97.81021898,1.564129301,0.31282586,0.104275287,0,22.9315,0.412,33.02,54.6676,45.57513,9.320688217,731.1043219,1958.201312,0,49,36,20,47,97.7136,0
4.51E+14,WILL,POR,3.01,32,18,3.838709677,179.0231,9.95316,16.85,7.09889,6.993028561,2.272727273,6.043956044,8.641358641,73.001998,7.592407592,35.1605,0.2455,33.02,0.8213406,1.261097,2.497793861,6.165245902,26.96054106,0,11,8,3,174,0.4899,74.30875576
4.52E+14,WILL,POR,0.65,27,2,6.615384615,129.7841,11.30458,16.85,8.98242,9.216991267,8.604155567,13.47895578,44.27277571,26.53169952,4.768247203,38.0425,0.334,33.02,3.067341,4.313639,2.208893594,29.37985097,76.36162215,5.109851589,6,4,0,201,5.6084,18.97374702
4.52E+14,WILL,POR,3.55,35,18,3.411764706,204.6839,9.290264,16.85,4.39211,3.413438948,0.62992126,6.141732283,0.433070866,77.71653543,12.48031496,30.9005,0.2665,33.02,0.2820478,0,1.755894613,1.376929955,1.457555528,0,8,6,3,91,0.112,73.22834646
4.52E+14,WILL,POR,2.92,34,14,3.939393939,191.1752,10.55518,16.85,6.36495,5.864765861,4.380165289,5.371900826,29.66942149,53.30578512,6.446280992,42.0765,0.2555,33.02,1.40348,4.016106,1.839521057,18.9604769,57.54840602,6.376554684,2,0,0,95,0.3644,73.80952381
4.52E+14,WILL,POR,1.62,28,3,5.555555556,173.3572,11.1566,16.85,15.76111,17.78295366,27.05551651,10.96275474,47.50527056,12.22768798,0.843288826,43.831,0.303,33.02,9.572405,9.540563,2.626648006,40.80175857,115.6680023,2.701892135,4,3,1,170,22.7237,20.44025157
4.52E+14,WILL,POR,2.18,19,2,5.611111111,185.1665,10.85505,16.85,16.12246,18.32070301,19.02587519,9.284627093,33.86605784,34.09436834,3.272450533,42.074,0.2665,33.02,7.890214,8.595281,3.16218845,69.50822653,207.9250332,0,7,5,1,131,11.2872,61.01190476
4.53E+14,WILL,POR,1.8,34,7,5.606060606,131.221,11.69633,16.85,59.55064,72.92782228,81.00303951,4.027355623,2.127659574,9.498480243,1.519756839,29.137,0.308,33.02,38.88863,31.24533,7.241336371,445.2784054,1125.144018,0,30,22,10,22,80.6837,9.941520468
4.53E+14,WILL,POR,1.51,26,3,5.916666667,165.4437,11.22402,16.85,33.19217,39.85198566,41.93548387,9.350163628,23.60916316,22.20663862,1.355773726,26.603,0.3005,33.02,17.19934,15.12912,4.97443203,212.7964382,553.033081,3.594975662,60,46,38,68,36.8848,19.3236715
4.54E+14,WILL,POR,2.93,43,16,4.166666667,163.6717,9.782215,16.85,1.86112,0,0.411522634,3.703703704,4.938271605,73.04526749,15.63786008,41.503,0.291,33.02,0.2240332,0.2419758,0.861111111,1.706691505,3.972226194,0,0,0,0,43,0.0715,65.625
4.54E+14,WILL,POR,2.46,39,14,4.263157895,132.4918,11.44505,16.85,44.17448,53.73012999,72.42268041,6.013745704,16.32302405,1.804123711,2.06185567,15.675,0.304,33.02,29.03417,25.57177,5.63034188,228.5374367,646.5036465,0,0,0,0,172,69.2079,1.030927835
4.55E+14,WILL,POR,2.58,33,9,4.625,130.3832,11.39629,16.85,22.48839,26.24100965,37.55868545,13.96713615,19.24882629,17.6056338,5.164319249,24.8885,0.38,33.02,13.63816,11.13995,3.22385514,95.0142772,264.7223325,0,6,3,3,153,29.5514,34.63414634
4.55E+14,WILL,POR,2.67,26,8,4.458333333,156.8012,9.858696,16.85,5.71457,5.034182942,3.253968254,8.611111111,2.5,63.92857143,15.15873016,24.9985,0.3,33.02,1.22274,1.720493,1.756011102,16.3338301,38.54880144,0,3,3,1,176,1.9233,64.1322314
4.55E+14,WILL,POR,2.73,28,15,3.814814815,202.6654,10.18012,16.85,10.79165,11.56824045,13.20671378,8.303886926,2.429328622,46.51060071,24.24911661,37.899,0.258,33.02,3.48997,5.816219,2.482455986,23.26564829,75.43572244,0,23,19,1,88,2.5462,42.58555133
4.55E+14,WILL,POR,2.46,42,15,4.390243902,198.5236,10.27029,16.85,9.58548,10.14754122,7.507507508,12.51251251,6.806806807,43.24324324,19.21921922,14.7095,0.286,33.02,2.177732,5.155658,2.73489573,15.38196721,55.7870965,15.33665883,12,5,3,115,0.9241,33.59073359
2081190,ALBE,RAL,2.97,34,12,5.088518519,117.3073,14.25925,24.42,2.32899,0,3.010164191,7.896794371,22.08756841,58.13135262,5.16028147,35.559,0.309,38.1,0.3509482,0.12,1.026082907,6.696646796,9.403461319,0,38,36,30,62,0.6573,60.64908722
2081510,ALBE,RAL,2.03,24,3,6.638571429,115.1523,14.56661,24.42,27.19079,38.81783063,52.97741273,4.106776181,13.14168378,26.89938398,2.05338809,36.8555,0.282,38.1,13.80733,21.3,5.778130796,130.8045156,408.231501,7.960832703,,,,,50.9097,36.19047619
2085430,ALBE,RAL,3.01,30,11,4.9264,118.2378,14.33403,24.42,4.01142,2.55003302,4.362837414,5.147520402,23.9485248,60.26365348,4.268675455,35.713,0.3075,38.1,0.4892784,2.32,1.581468636,12.89551416,30.41525491,1.21224611,54,49,40,62,2.6475,65.57863501
2087580,ALBE,RAL,1.13,23,4,6.375,119.1059,15.35956,24.42,38.12212,55.36308818,72.1851145,1.335877863,3.148854962,20.51526718,0.572519084,37.9665,0.2925,38.1,14.49161,21.72,6.489316538,280.9948882,789.91163,16.58665143,82,76,72,31,70.9537,25.18796992
2097355,ALBE,RAL,1.58,23,5,5.678,118.4747,15.07836,24.42,29.39324,41.18783328,44.34782609,2.52173913,5.043478261,45.82608696,1.304347826,35.1665,0.297,38.1,9.030488,18.96,5.370907621,263.2516841,790.7174892,6.708955449,,,,,38.0341,64.0625
2097464,ALBE,RAL,3.5,55,11,5.670915033,121.0573,14.91673,24.42,6.47322,6.207293763,5.193236715,3.743961353,19.3236715,68.47826087,2.29468599,36.64,0.306,38.1,0.4261931,3.76,2.402410796,27.93612519,70.55191838,0,34,32,24,76,0.9613,70.41420118
2099238,ALBE,RAL,1.44,31,7,5.854202899,119.0822,14.73384,24.42,33.09308,47.63922041,66.81096681,1.154401154,6.204906205,24.24242424,1.154401154,36.9735,0.28,38.1,19.01651,19.04,4.775355875,273.066617,669.4078123,22.28573657,52,45,41,64,60.5099,28.94736842
2099480,ALBE,RAL,1.55,26,7,5.547142857,117.9969,14.85717,24.42,38.88989,56.85154485,76.3866878,1.18858954,5.467511886,15.05546751,1.584786054,36.157,0.2795,38.1,31.35561,38.07,7.097443538,243.0807452,597.1400425,0,101,100,102,25,75.1074,24.6105919
2100295,ALBE,RAL,1.64,26,3,6.717361111,121.9814,15.18225,24.42,29.09538,41.64167422,55.91489362,1.276595745,6.808510638,32.93617021,2.468085106,35.559,0.309,38.1,15.92734,26.27,5.772996303,166.7709836,472.5868726,,85,84,81,31,54.668,39.27392739
2100634,ALBE,RAL,2.79,42,7,5.90018018,121.6053,15.24972,24.42,21.00999,29.02053559,38.7755102,1.569858713,11.14599686,45.99686028,2.040816327,36.2935,0.3085,38.1,11.28853,21.75,4.478765695,116.8016841,292.5242453,6.080321041,94,83,80,33,36.7477,55.74712644
208500600,ALBE,RAL,2.89,36,10,5.336770833,125.3307,14.60332,24.42,12.0332,14.99940927,20,4.047619048,10.71428571,60.47619048,4.285714286,36.1935,0.3085,38.1,4.514986,8.81,2.939035668,65.87636364,148.6486486,0,57,47,34,52,7.3357,61.79775281
208501535,ALBE,RAL,3.18,48,15,5.617364341,123.5609,14.58565,24.42,8.22497,9.116254477,12.41610738,4.474272931,26.06263982,52.79642058,3.803131991,35.559,0.309,38.1,1.704698,7.37,2.447417792,32.73894188,70.69869486,4.318796265,53,46,33,61,5.7668,59.06432749
208725055,ALBE,RAL,1.09,28,3,6.149848485,118.1236,15.27441,24.42,53.54369,77.53748835,78.96253602,1.44092219,2.593659942,16.42651297,0.288184438,39.6265,0.2865,38.1,16.24329,26.1,8.219286104,564.7403428,1293.491927,33.38043684,82,74,63,31,78.6086,29.87012987
208726370,ALBE,RAL,1.03,26,3,6.482272727,117.7947,15.30297,24.42,23.89827,34.38532943,60.13824885,1.843317972,11.05990783,26.26728111,0.460829493,39.687,0.2855,38.1,20.52499,22.29,4.318588865,85.26101341,182.4635696,8.89632226,84,77,67,25,59.7421,41.17647059
208726995,ALBE,RAL,1.28,32,5,6.633690476,117.5663,15.20096,24.42,50.61691,73.17732771,76.0904685,0.646203554,0.969305331,19.7092084,0.323101777,39.6265,0.2865,38.1,12.7011,25.76,7.701108945,530.8301639,1151.866152,24.99031625,84,69,54,60,75.6252,33.96226415
208730725,ALBE,RAL,1.13,25,2,6.882727273,116.5055,15.37343,24.42,60.03548,88.00021717,94.15584416,0,0.324675325,5.194805195,0,40.24,0.28,38.1,11.52672,41.26,10.21004613,541.5042325,1235.145164,,71,64,62,25,94.3874,10.76923077
208732610,ALBE,RAL,0.59,20,2,6.598703704,114.9722,15.47578,24.42,68.28689,100,98.40909091,0,0.454545455,1.136363636,0,40.24,0.28,38.1,30.50494,55.59,11.51620654,667.6843666,1212.390392,0,108,101,103,29,98.5282,0
208758440,ALBE,RAL,2.38,25,6,5.574090909,119.8185,15.43043,24.42,22.20988,30.74182647,39.29359823,3.090507726,8.388520971,45.25386313,1.103752759,39.6265,0.2865,38.1,6.017169,12.26,4.599611343,139.7300447,380.3898506,8.523187331,51,42,32,34,18.1574,58.66666667
208794025,ALBE,RAL,1.91,27,8,5.554027778,120.363,15.44461,24.42,11.68154,14.32573428,18.22429907,4.205607477,22.42990654,51.86915888,1.401869159,39.6265,0.2865,38.1,3.74663,9.76,2.653314329,82.82432191,162.5590878,0,37,33,28,36,6.8809,67.85714286
209517912,ALBE,RAL,0.85,25,3,6.79,120.2773,14.6278,24.42,56.70586,83.34956935,96.91358025,0,0.205761317,2.469135802,0,40.24,0.28,38.1,28.25243,48.84,9.257176224,490.2169449,1000.921556,15.88890478,134,125,120,27,96.8692,6.451612903
209647280,ALBE,RAL,2.05,32,5,6.236538462,118.7583,14.66705,24.42,33.67136,48.65361048,65.6504065,2.845528455,10.56910569,17.07317073,3.658536585,35.6925,0.2825,38.1,16.47744,35.26,5.963608469,226.3503726,561.6505007,7.847568823,65,63,61,27,64.671,24.61538462
209647295,ALBE,RAL,1.34,28,3,6.483939394,118.7724,14.69931,24.42,58.09718,85.58371482,96.812749,0.398406375,0.796812749,2.390438247,0,36.5245,0.2815,38.1,42.46524,52.9,10.55357874,453.5309091,1141.072775,0,102,94,83,42,96.3865,5.714285714
209651815,ALBE,RAL,1.28,26,3,6.051746032,120.0816,14.70288,24.42,48.45816,71.62290712,92.63157895,1.052631579,2.631578947,3.157894737,0.526315789,35.1425,0.2845,38.1,32.03849,44.05,9.047150986,300.5839195,858.3621215,0,87,82,78,20,92.2556,2.43902439
209665940,ALBE,RAL,2.02,39,11,5.367474747,118.6557,14.69126,24.42,10.11983,12.31732186,20.66666667,3.777777778,27.11111111,44.44444444,2.888888889,36.7115,0.2805,38.1,3.518827,8.85,2.599525526,29.46514158,93.60789361,17.16001716,57,49,41,74,11.1206,55.26315789
209665990,ALBE,RAL,2.46,39,11,5.083645833,118.4908,14.64323,24.42,5.39775,4.703119869,7.278165503,4.287138584,37.0887338,45.16450648,4.386839482,36.4395,0.282,38.1,1.118742,4.7,1.765225559,23.81247392,47.42529169,15.39782198,55,50,42,35,3.1587,67.85714286
209679804,ALBE,RAL,1.59,22,3,6.031578947,119.8014,14.69357,24.42,43.73166,64.07519257,82.12058212,2.148302148,4.296604297,10.3950104,0.762300762,37.006,0.2815,38.1,27.7402,35.05,7.73356369,306.5125186,695.141347,10.71013554,96,88,87,29,81.0397,19.24398625
209695780,ALBE,RAL,2.74,38,10,5.268686869,119.0498,15.28426,24.42,3.95747,2.401591991,3.141928494,6.500541712,8.559046587,75.8396533,5.308775731,35.059,0.299,38.1,0.2759335,1.69,1.609687267,16.63318927,27.38716405,0,33,28,20,65,1.0397,78.44827586
209697900,ALBE,RAL,2.44,32,9,4.684782609,118.74,15.25652,24.42,6.29784,5.969803022,6,3.47826087,13.39130435,72.7826087,2.956521739,36.0585,0.2815,38.1,0.5986953,3.04,2.204575793,30.10265276,69.46449555,3.357394662,41,37,23,84,1.7289,78.63636364
209750881,ALBE,RAL,1.6,21,5,5.555098039,118.5244,15.17389,24.42,18.46947,24.35590486,23.72881356,2.824858757,9.604519774,61.86440678,1.694915254,31.9085,0.296,38.1,6.676621,11.69,3.832707284,169.2658271,295.1377528,0,34,30,17,88,17.3969,60.71428571
211583580,ALBE,RAL,0,20,1,7.181875,119.7903,14.3771,24.42,55.81927,82.20597064,96.90721649,0.515463918,1.030927835,1.546391753,0,40.24,0.28,38.1,36.52467,54.11,9.587521395,446.7686885,1083.27031,0,87,70,58,26,97.0773,6.060606061
10167800,GRSL,SLC,1.12,27,6,6.653846154,68.1701,10.45031,12.21,69.99307,71.89118666,90.833569,0,0.8856021,1.8898936,5.249703,21.255,0.319,297.18,34.57783,44.73131,9.316312057,460.1255,1418.895643,10.13171226,64,34,93,265,88.0398,0.9264024
4.01E+14,GRSL,SLC,2.09,37,13,4.166666667,64.2524,9.762599,12.21,24.1833,25.4273266,33.4110381,4.401343,28.254383,11.022006,15.65647,18.58,0.312,297.18,9.120011,7.721839,4.212448133,104.6726,367.8526971,10.37344398,85,48,45,142,28.7206,14.996344
4.01E+14,GRSL,SLC,1.58,29,4,5.642857143,63.764,9.852899,12.21,29.59355,30.90583904,39.626308,3.990531,25.617183,9.993236,14.19513,14.8265,0.317,297.18,11.76108,10.31324,4.911382879,145.4003,496.3311383,9.407337723,,,,,35.3737,13.684208
4.01E+14,GRSL,SLC,0.42,25,7,5.916666667,57.0811,10.19271,12.21,54.39406,56.10857998,72.257535,0.7025761,3.6244007,5.8919737,14.34891,16.366,0.177,297.18,30.35396,36.86785,7.469310202,338.3215,1259.363899,4.130524577,,,,,72.1869,14.3801279
4.02E+14,GRSL,SLC,1.67,42,14,4.512195122,59.9334,9.744991,12.21,30.03927,31.45383,43.25798,0.7768116,6.0869567,16.6724599,28.67246,18.098,0.3585,297.18,16.47397,21.33264,4.552895753,149.8096,542.8571429,0,31,17,18,385,31.4667,23.8278835
4.02E+14,GRSL,SLC,1.87,36,10,4.257142857,63.2929,9.317397,12.21,15.44228,16.43953952,20.5439563,0,0.3399709,34.288494,43.29772,19.496,0.4065,297.18,4.604177,8.940505,3.342318059,43.97782,14.1509434,0,,,,,20.3983,42.034904
4.04E+14,GRSL,SLC,2.78,40,15,4.153846154,75.1833,9.77768,12.21,16.17361,18.43687518,48.148152,0,0,22.222222,29.62963,18.116,0.347,297.18,12.44444,4.666667,0.896,5.5621,0,0,,,,,48.1481,53.33333
4.04E+14,GRSL,SLC,0.88,27,3,6.615384615,66.2479,10.61287,12.21,74.10109,75.73761881,93.373816,0,0.6401795,1.3661564,3.794878,13.463,0.1835,297.18,37.27191,46.84821,9.546041056,520.7709,1504.369501,7.331378299,,,,,91.3543,0.8095605
4.04E+14,GRSL,SLC,0.62,23,4,6.285714286,63.342,10.9197,12.21,85.34036,86.78076278,96.843248,0.02804612,0.3022749,0.6450608,1.791835,25.7385,0.297,297.18,42.2057,49.84176,12.14804566,607.815,1760.712556,10.37703217,,,,,95.8897,0.4419889
4.04E+14,GRSL,SLC,0.51,22,4,6.55,65.4072,10.67912,12.21,65.291,67.4892483,85.289041,0.2588438,0.09244423,4.07370984,9.601873,25.7385,0.297,297.18,34.14267,38.35967,9.603283174,379.6143,981.0601915,0,96,62,54,283,84.833,9.12373673
4.04E+14,GRSL,SLC,0.66,23,4,6.428571429,62.8354,10.95766,12.21,77.3303,79.01494255,91.938534,0.141844,0.05065856,2.23235371,5.261736,23.9525,0.357,297.18,37.0825,43.00716,11.05056264,522.6893,1297.258065,3.750937734,,,,,91.6886,6.54812776
4.04E+14,GRSL,SLC,2.04,24,4,5.782608696,66.4805,10.32838,12.21,64.2244,65.37395584,67.716996,0,5.350773,4.637336,8.561236,20.0925,0.253,297.18,31.8365,45.74911,10.37350993,431.557,1218.07947,0,,,,,66.5874,9.849749
4.04E+14,GRSL,SLC,1.74,32,6,5.516129032,65.6695,10.43057,12.21,67.53792,68.22758748,65.264094,0,5.19248,3.491495,6.445837,11.415,0.1975,297.18,29.39884,46.62892,10.896,492.504,1256.7,0,,,,,54.342,5.519177
4.04E+14,GRSL,SLC,0.95,24,3,6.434782609,59.9393,11.14604,12.21,100,100,96.911811,0,0.4712602,0.2963228,0.5783648,0,0,297.18,42.98283,53.58294,13.61872273,849.4542,2136.144387,3.966679889,104,72,86,116,96.9047,2.82167
4.04E+14,GRSL,SLC,1.55,27,5,6.185185185,66.9991,10.14125,12.21,51.04874,52.59406378,65.464314,2.513431,0.9017652,8.7106683,17.76669,16.9945,0.3115,297.18,24.86473,33.16232,7.344989339,316.549,501.5351812,0,,,,,64.7352,15.7625382
4.04E+14,GRSL,SLC,1.57,25,2,6.333333333,63.952,10.41168,12.21,60.06624,60.93773862,67.7535572,0.3387677,6.796528,9.1890739,12.78848,20.4865,0.2935,297.18,23.16917,34.39212,8.292957746,448.2871,1011.126761,0,113,91,104,151,66.6314,17.6687144
4.04E+14,GRSL,SLC,2.14,25,2,6.75,65.4271,10.19985,12.21,40.19934,41.78295787,56.6794474,0.4718372,9.053376,12.7985844,17.81186,12.0305,0.151,297.18,18.43556,25.27131,5.6,228.537,596.6339869,0,,,,,55.1165,23.296504
4.06E+14,GRSL,SLC,0,22,4,6.380952381,62.9108,10.41957,12.21,34.59566,36.60932006,50.516911,0.1955854,1.08969,26.9349006,17.51886,19.745,0.3065,297.18,15.56329,20.38977,6.023529412,125.4844,470.5263158,92.87925697,112,82,79,165,49.3434,36.6219464
4.10E+14,GRSL,SLC,0.84,24,1,6.260869565,64.0995,10.41556,12.21,41.12781,43.64112944,76.7704721,0.1506781,7.810146,3.2898041,5.700653,20.219,0.2685,297.18,17.97363,18.84631,3.973184358,201.2543,671.0614525,55.86592179,136,88,76,77,76.7705,4.131599
4.10E+14,GRSL,SLC,3.24,44,16,4.255813953,71.6679,9.374179,12.21,0,0,0,0,4.504505,21.62162,35.13514,22.0535,0.242,297.18,0,6.072072,0,15.40153,34,0,,,,,,26.54867
4.10E+14,GRSL,SLC,1,25,3,6.304347826,66.9393,10.07199,12.21,57.588,59.37161075,65.285368,0,11.1806078,0.4300235,1.524629,29.936,0.2615,297.18,24.40383,25.03245,10.16347826,314.3766,1023.043478,130.4347826,59,53,58,49,64.7772,0.3805175
4.10E+14,GRSL,SLC,1.22,40,5,6,66.7661,10.10005,12.21,40.71245,42.31969949,58.6494521,0,18.524311,1.277539,6.596272,13.4255,0.29,297.18,19.11159,19.69456,5.420549928,236.038,807.0622287,14.47178003,,,,,57.8151,0.8674532
4.10E+14,GRSL,SLC,1.4,25,3,6.375,68.1223,9.790443,12.21,52.61129,54.57004294,67.625397,0.1069923,16.1873024,0.6482472,3.285292,19.0965,0.276,297.18,25.63912,28.02467,8.417877095,281.0795,1164.567039,6.983240223,175,142,131,200,67.5562,0.7422872
4.10E+14,GRSL,SLC,1.25,28,3,6.037037037,69.0235,9.60524,12.21,46.79937,48.81161358,62.2529995,0.09703599,16.07268436,0.8203952,4.110797,24.593,0.213,297.18,23.01306,26.09015,7.700978474,227.0663,1066.790607,9.784735812,,,,,62.1471,1.12061383
4.11E+14,GRSL,SLC,2.08,30,2,5.965517241,69.0197,9.619557,12.21,51.93929,54.14065928,69.5829751,0.3207932,6.590843,1.25401,5.832604,11.113,0.15,297.18,22.41791,29.47244,8.36763754,256.318,1036.666667,0,,,,,69.583,2.004626
4.11E+14,GRSL,SLC,2.78,45,18,4.022727273,115.2334,4.109386,12.21,0.1085,0.093272092,0,0,0,87.4343205,12.40576,27.2585,0.3045,297.18,0,0.1750057,0,17.7537,0.634517766,0,,,,,,90.07194
4.11E+14,GRSL,SLC,0.88,26,6,5.333333333,73.3255,9.040518,12.21,49.98599,50.55416612,57.6339792,0,7.765419,8.149646,17.10819,26.51,0.2635,297.18,19.28797,31.68312,6.263370787,400.3145,598.4269663,0,120,101,96,197,49.5652,9.799555
4.11E+14,GRSL,SLC,1.12,22,9,4.285714286,86.3472,7.461427,12.21,20.99427,22.62256101,26.7732323,0,4.995005,21.478517,46.75325,0,0,297.18,4.867133,12.36863,5.44,15.67594,75.77777778,0,,,,,26.4735,15.691264
4.11E+14,GRSL,SLC,1.16,27,11,4.64,76.8156,8.603803,12.21,33.71289,34.41965431,39.9708471,0,10.52478,11.749271,24.66472,14.7885,0.2755,297.18,12.65,25.2,4.774025974,239.5242,501.4935065,0,,,,,27.1137,11.038608
4.14E+14,GRSL,SLC,2.33,30,9,4.413793103,51.8872,8.279468,12.21,62.42425,63.63528102,74.350403,0.09842519,9.1338584,2.7165354,4.133858,0,0,297.18,26.2374,34.62283,8.534497817,443.9033,1144.235808,21.83406114,,,,,74.0551,3.6004644
