SUID,CITY,STAID,sname,AnnMeanT,AnnMeanP,AnnMaxT,AnnMinT,AnnMaxP,AnnMinP,DAkm2,MIN_ELEV,MAX_ELEV,MEANELEV,RELIEF,AWCH,AWCL,CLYAVE,KFCAVE,ORMH,ORML,SOC100CM,SOC30CM,DomEcoReg
ACFB,ATL,02204230,"Big Cotton Indian Cr at GA 138, nr Stockbridge, GA",16.48281,128.4667,26.44,5.84,13.20,9.24,129.4336706,209,303,253.6541,94,0.1535,0.115,33.76545,0.28735,0.4814,0.0887,2256.189,1358.2,ECO_45
ACFB,ATL,02204468,"Walnut Creek at Airline Road, near Mcdonough, GA",16.5804,126.2006,26.48,6.01,13.24,8.83,125.0599749,200,300,254.764,100,0.1535,0.1154,33.84545,0.2874,0.4798,0.0881,2575.5691,1544.2756,ECO_45
ACFB,ATL,02206314,"Jackson Creek at Lester Road, near Lilburn, GA",15.9831,137.5165,26.11,5.20,14.65,9.83,55.46304454,257,341,295.2895,84,0.1537,0.1162,34.30815,0.28735,0.4812,0.0877,1601.5454,950.5,ECO_45
ACFB,ATL,02208150,"Alcovy River at New Hope Road, near Grayson, GA",15.85126,133.4106,25.97,5.11,14.66,9.15,79.46934053,242,366,308.6324,124,0.1536,0.1156,33.8901,0.2875,0.4804,0.0882,2574.6001,1560.9408,ECO_45
ACFB,ATL,02213450,"Little Tobesofkee Creek near Bolingbroke, GA",17.33668,123.7296,26.94,7.02,15.02,7.65,146.2541537,124,263,193.1388,139,0.1537,0.1162,34.00835,0.2878,0.4818,0.0883,2572.0344,1535.1,ECO_45
ACFB,ATL,02217293,"Little Mulberry River at GA 211, nr Hoschton, GA",15.86217,132.6933,26.01,5.13,14.76,8.98,73.49352651,237,367,295.0529,130,0.1535,0.1149,33.76005,0.2872,0.4788,0.088,2577.4211,1552.7778,ECO_45
ACFB,ATL,02217471,"Beech Creek at GA 211, near Statham, GA",16.21777,127.5183,26.38,5.50,14.14,8.40,52.45591754,213,322,256.3814,109,0.1536,0.1156,33.89295,0.2875,0.4804,0.0882,2574.5386,1545.9524,ECO_45
ACFB,ATL,02218700,"Apalachee River near Bethlehem, GA",16.01019,131.4435,26.13,5.29,14.51,8.76,138.5556614,230,366,289.1789,136,0.1534,0.1146,33.70245,0.28705,0.4781,0.0879,2578.6716,1552.9855,ECO_45
ACFB,ATL,02221000,"Murder Creek near Monticello, GA",17.03933,122.0024,26.98,6.47,13.51,7.34,61.40763859,152,243,197.8351,91,0.1534,0.1144,33.67415,0.287,0.4777,0.0879,2579.2856,1555.1666,ECO_45
ACFB,ATL,02334885,"Suwanee Creek at Suwanee, GA",15.58589,138.3833,25.73,4.84,14.97,9.80,122.0975779,280,391,333.1494,111,0.1537,0.1164,34.0293,0.28785,0.482,0.0883,2571.5806,1532.4622,ECO_45
ACFB,ATL,02335870,"Sope Creek near Marietta, GA",15.61743,139.834,25.81,4.77,14.53,9.92,79.53688046,269,417,318.0908,148,0.154,0.118,34.7405,0.288,0.485,0.088,1263,737,ECO_45
ACFB,ATL,02335910,"Rottenwood C (Interstate N Pkwy) nr Smyrna, GA",15.74428,139.2784,25.91,4.91,14.47,9.65,48.0965519,254,363,307.301,109,0.1538,0.1165,34.3433,0.28755,0.4819,0.0878,1269.38,748.2,ECO_45
ACFB,ATL,02336635,"Nickajack Creek at US 78/278, near Mableton, GA",15.8969,136.9575,26.03,5.09,14.29,9.57,80.68697931,230,346,296.5606,116,0.1538,0.1164,34.317,0.28755,0.4817,0.0878,1269.8025,749.6451,ECO_45
ACFB,ATL,02336728,"Utoy Creek at Great Southwest Pkwy nr Atlanta, GA",16.1526,134.1034,26.20,5.43,13.81,9.65,90.05552994,226,325,277.2339,99,0.1516,0.1138,34.48185,0.28275,0.4751,0.0761,1395.4495,859.6967,ECO_45
ACFB,ATL,02336822,"Mill Creek at Morning Side Dr, near Hiram, GA",15.68102,138.9707,25.82,4.89,14.62,9.08,100.7202993,276,377,315.3125,101,0.1535,0.115,33.7868,0.28725,0.4791,0.088,2576.8416,1550.3627,ECO_45
ACFB,ATL,02336876,"Powder Springs Cr Oglesby Rd, Powder Springs, GA",15.73393,138.2499,25.90,4.92,14.57,9.27,66.13579386,274,371,307.5769,97,0.1537,0.1167,34.0924,0.28795,0.4828,0.0884,2570.2122,1529.0294,ECO_45
ACFB,ATL,02336968,"Noses Creek at Powder Springs Rd,Powder Springs, GA",15.73423,138.1393,25.91,4.90,14.38,9.56,114.7863852,274,548,309.3148,274,0.1539,0.1179,34.36195,0.28845,0.4854,0.0886,2404.1504,1435.4736,ECO_45
ACFB,ATL,02337395,"Dog River at North Helton Road, near Winston, GA",15.7407,140.0299,25.75,5.06,14.98,9.34,109.0801909,280,413,339.0713,133,0.1533,0.1132,33.45395,0.28645,0.475,0.0876,2584.063,0,ECO_45
ACFB,ATL,02338280,"Whooping Creek at GA 5, near Whitesburg, GA",16.03601,137.3183,25.91,5.47,14.99,9.08,68.66355134,214,409,314.0144,195,0.1535,0.1149,33.7688,0.28725,0.4789,0.088,2577.2319,1547.3944,ECO_45
ACFB,ATL,02338375,"Centralhatchee Cr Armstrong Mill Rd, Ctrlhtche, GA",16.02593,138.6126,25.83,5.52,15.37,8.67,82.69345731,247,390,320.3654,143,0.1535,0.115,33.7884,0.28725,0.4791,0.088,2576.8071,1546.1305,ECO_45
ACFB,ATL,02338523,"Hillabahatchee Creek at Thaxton Rd, nr Franklin,GA",15.92513,139.9412,25.68,5.45,15.41,8.54,43.22186678,280,461,349.9547,181,0.1593,0.1125,34.87935,0.272,0.546,0.134,2354.2327,1609.738,ECO_45
ACFB,ATL,02339480,"Oseligee Creek at County Rd 92 near Fredonia, AL",16.69274,140.7899,26.31,6.23,15.86,8.94,77.06882293,189,269,222.6526,80,0.1624,0.1112,35.1093,0.27085,0.5431,0.1381,2112.3242,1561.7297,ECO_45
ACFB,ATL,02340282,"House Creek at GA 103, near Whitesville, GA",17.09117,133.5815,26.62,6.76,15.66,8.37,77.71550228,163,270,216.4013,107,0.1538,0.1172,34.19135,0.2882,0.484,0.0886,2568.0649,1525.425,ECO_45
ACFB,ATL,02344340,"Morning Creek at GA 54, near Fayetteville, GA",16.32338,131.8575,26.27,5.70,13.75,9.14,101.5813984,242,318,276.7495,76,0.154,0.1186,34.59805,0.2886,0.4869,0.0886,2090.157,1207.2041,ECO_45
ACFB,ATL,02344480,"Shoal Creek near Griffin, GA",16.65869,128.0549,26.39,6.24,14.05,8.77,53.4000366,230,306,266.1981,76,0.1536,0.1156,33.89295,0.2875,0.4804,0.0882,2574.5386,1543.2222,ECO_45
ACFB,ATL,02344737,"Whitewater Cr at Willow Pond Rd nr Fayetteville, GA",16.41682,130.2895,26.31,5.84,13.80,8.88,110.4959895,236,318,273.8103,82,0.1538,0.1175,33.96955,0.28875,0.4993,0.0937,2597.5576,1543.6127,ECO_45
ACFB,ATL,02344797,"White Oak Creek at Cannon Road, near Raymond, GA",16.46109,133.5812,26.27,5.97,14.65,8.84,112.6830873,236,306,269.3219,70,0.154,0.119,34.517,0.289,0.488,0.089,2561,1505,ECO_45
ACFB,ATL,02344887,"Red Oak Creek at GA 362, near Gay, GA",16.74838,132.3719,26.40,6.39,15.01,8.82,109.028391,220,293,259.2054,73,0.1569,0.1179,31.0317,0.2777,0.6327,0.1652,3463.7522,1861.4457,ECO_45
ACFB,ATL,02346358,"Turnpike Creek near Milner, GA",16.77167,127.456,26.44,6.41,14.40,8.71,48.21237179,219,305,254.0557,86,0.154,0.119,34.517,0.289,0.488,0.089,2561,1531.2449,ECO_45
ACFB,ATL,02347748,"Auchumpkee Cr at Allen Rd, near Roberta, GA",17.54682,122.979,27.08,7.29,14.96,7.57,111.957488,130,245,178.3143,115,0.1532,0.1133,33.3543,0.2843,0.4733,0.09,2551.2144,1586.8182,ECO_45
ALBE,RAL,02081190,"Tar River nr Berea, NC",14.25925,117.3073,25.55,2.75,12.27,8.14,66.2522,135.6307,212.3424,175.2341,76.7118,0.167,0.117,35.559,0.309,0.785,0.133,3981,2369,ECO_45
ALBE,RAL,02081510,"Foundry Branch at mouth near Oxford, NC",14.56661,115.1523,25.81,3.09,11.58,8.35,12.5615,110.0176,171.2621,141.5406,61.2445,0.156,0.122,36.8555,0.282,0.633,0.143,2704.083,2111.416,ECO_45
ALBE,RAL,0208500600,"Cates Creek nr Hillsborough, NC",14.60332,125.3307,25.67,3.20,12.73,8.45,10.878,162.8933,249.5946,204.4481,86.7013,0.167,0.116,36.1935,0.3085,0.754,0.127,3805.363,2280.454,ECO_45
ALBE,RAL,0208501535,"Strouds Cr at St Marys Rd nr Hillsborough, NC",14.58565,123.5609,25.72,3.15,12.77,8.29,23.1546,150.33,221.7444,188.7721,71.4144,0.167,0.117,35.559,0.309,0.785,0.133,3981,2369,ECO_45
ALBE,RAL,02085430,"Deep Creek near Moriah, NC",14.33403,118.2378,25.60,2.84,12.26,8.19,82.4915,121.5856,245.419,176.849,123.8333,0.166,0.117,35.713,0.3075,0.778,0.133,3960.638,2351.711,ECO_45
ALBE,RAL,0208725055,"Black Cr at Weston Parkway nr Cary, NC",15.27441,118.1236,26.18,3.96,11.43,8.04,8.9873,95.6039,168.2652,139.2961,72.6613,0.158,0.122,39.6265,0.2865,0.602,0.132,3647,1953,ECO_45
ALBE,RAL,0208726370,"Richlands Creek at Schenk Forest nr Cary, NC",15.30297,117.7947,26.19,4.00,11.47,8.05,11.2406,96.7135,162.1046,130.883,65.3911,0.157,0.122,39.687,0.2855,0.591,0.13,3432.1,1879.7,ECO_45
ALBE,RAL,0208726995,"Hare Snipe Creek at SR 1822 nr Leesville, NC",15.20096,117.5663,26.14,3.87,11.68,8.13,16.0062,86.0543,165.7068,124.3282,79.6525,0.158,0.122,39.6265,0.2865,0.602,0.132,3647,1953,ECO_45
ALBE,RAL,02087304,"SW Prong Beaverdam Creek at Raleigh, NC",15.37343,116.5055,26.25,4.08,11.46,8.00,7.9772,71.7826,140.0933,110.2351,68.3107,0.154,0.125,40.24,0.28,0.498,0.121,1498,1220,ECO_45
ALBE,RAL,0208732610,"Pigeon House Br at Crabtree Blvd at Raleigh, NC",15.47578,114.9722,26.35,4.18,11.28,7.90,11.3701,55.7593,131.7637,89.3279,76.0043,0.154,0.125,40.24,0.28,0.498,0.121,1498,1220,ECO_45
ALBE,RAL,02087580,"Swift Creek near Apex, NC",15.35956,119.1059,26.22,4.06,11.60,7.89,54.2605,97.2018,172.3862,135.251,75.1844,0.161,0.12,37.9665,0.2925,0.673,0.135,3812.745,2132.654,ECO_45
ALBE,RAL,0208758440,"Dutchmans Br at SR 1386 nr Mccullers Crossrds, NC",15.43043,119.8185,26.27,4.15,11.94,7.96,11.7327,99.3736,164.5135,134.6626,65.14,0.158,0.122,39.6265,0.2865,0.602,0.132,3647,1953,ECO_45
ALBE,RAL,0208794025,"Camp Branch ab SR 1390 nr Holly Springs, NC",15.44461,120.363,26.28,4.17,12.05,7.98,5.5426,102.1657,161.854,135.8928,59.6883,0.158,0.122,39.6265,0.2865,0.602,0.132,3647,1953,ECO_45
ALBE,RAL,0209517912,"N Buffalo Creek at Greensboro, NC",14.6278,120.2773,25.63,3.22,11.68,9.25,12.5874,237.8157,296.7985,263.8818,58.9828,0.154,0.125,40.24,0.28,0.498,0.121,1498,1220,ECO_45
ALBE,RAL,0209647280,"Service Creek above Dry Creek at Burlington, NC",14.66705,118.7583,25.79,3.20,12.57,8.18,12.7428,161.0092,220.9692,195.2243,59.96,0.162,0.125,35.6925,0.2825,0.755,0.138,3245.416,2171.583,ECO_45
ALBE,RAL,0209647295,"Dry Cr above Service Creek at Burlington, NC",14.69931,118.7724,25.81,3.24,12.57,8.11,6.5009,166.581,218.8609,192.3361,52.2799,0.16,0.124,36.5245,0.2815,0.697,0.141,2990.857,2141.714,ECO_45
ALBE,RAL,0209651815,"Branch Creek Below NC 54 nr Graham, NC",14.70288,120.0816,25.80,3.25,12.62,8.10,4.921,157.6172,211.0323,185.7978,53.4151,0.159,0.119,35.1425,0.2845,0.587,0.106,2770.4,1972.8,ECO_45
ALBE,RAL,0209665940,"Rock Cr Trib at Stoney Cr Golf Crse nr Sedalia, NC",14.69126,118.6557,25.75,3.25,12.26,8.64,11.655,177.5835,236.7343,212.3181,59.1508,0.158,0.124,36.7115,0.2805,0.665,0.142,2823,2119.333,ECO_45
ALBE,RAL,0209665990,"Rock Cr above Rock Cr Trib nr Whitsett, NC",14.64323,118.4908,25.72,3.19,12.39,8.55,25.9777,177.3262,249.4996,215.1201,72.1733,0.16,0.125,36.4395,0.282,0.712,0.141,3067.4,2151.92,ECO_45
ALBE,RAL,0209679804,"Little Alamance Cr at SR 2309 nr Graham, NC",14.69357,119.8014,25.78,3.25,12.62,8.18,37.3478,152.2332,231.8204,193.3613,79.5871,0.157,0.123,37.006,0.2815,0.649,0.14,2872.447,2092.263,ECO_45
ALBE,RAL,0209695780,"Brooks Cr at Eddie Perry Rd nr Bynum, NC",15.28426,119.0498,26.24,3.93,11.71,7.86,23.8798,116.0397,205.3239,157.9315,89.2842,0.164,0.113,35.059,0.299,0.746,0.125,4000.5,2489.333,ECO_45
ALBE,RAL,0209697900,"Pokeberry Creek nr Pittsboro, NC",15.25652,118.74,26.24,3.90,11.63,7.79,29.785,102.3391,204.888,151.9151,102.5489,0.162,0.125,36.0585,0.2815,0.748,0.138,3321.75,2214.464,ECO_45
ALBE,RAL,02097355,Bolin C Ab Franklin St nr Chapel Hill NC,15.07836,118.4747,26.14,3.67,11.74,8.05,29.8109,76.4933,228.9384,151.5867,152.4451,0.163,0.118,35.1665,0.297,0.679,0.113,3403.827,2160.31,ECO_45
ALBE,RAL,02097464,"Morgan Creek near White Cross, NC",14.91673,121.0573,25.96,3.51,11.95,8.16,21.4452,135.3498,241.514,175.8162,106.1642,0.167,0.117,36.64,0.306,0.724,0.125,3590.909,2210.636,ECO_45
ALBE,RAL,0209750881,"Wilson Cr at mouth nr Chapel Hill, NC",15.17389,118.5244,26.19,3.79,11.66,7.98,9.1686,96.9264,209.2291,151.0652,112.3027,0.157,0.109,31.9085,0.296,0.649,0.082,3190.6,1697.5,ECO_45
ALBE,RAL,02099238,"Bull Run at NC 29/70 nr Jamestown, NC",14.73384,119.0822,25.69,3.35,11.35,9.05,17.9487,225.4984,301.765,261.108,76.2667,0.156,0.123,36.9735,0.28,0.62,0.144,2588,2088,ECO_45
ALBE,RAL,02099480,"Richland Creek nr Archdale, NC",14.85717,117.9969,25.77,3.51,11.06,8.83,32.6858,208.7896,322.7433,256.549,113.9537,0.156,0.121,36.157,0.2795,0.636,0.14,2604.242,2084.242,ECO_45
ALBE,RAL,02100294,"Hasketts Cr below Penwood Branch nr Asheboro, NC",15.18225,121.9814,26.00,3.88,12.00,8.83,30.4325,190.4666,331.8559,231.5609,141.3893,0.167,0.117,35.559,0.309,0.785,0.133,3981,2369,ECO_45
ALBE,RAL,02100634,"Vestal Creek nr Asheboro, NC",15.24972,121.6053,26.04,3.96,11.94,8.78,16.4465,176.0026,291.5424,234.9439,115.5398,0.168,0.116,36.2935,0.3085,0.749,0.126,3777.631,2266.473,ECO_45
ALBE,RAL,0211583580,"Bowen Branch nr mouth at Winston-Salem, NC",14.3771,119.7903,25.30,3.06,11.62,8.96,5.0246,244.692,316.2304,283.9897,71.5384,0.154,0.125,40.24,0.28,0.498,0.121,1498,1220,ECO_45
SPLT,DEN,06713500,"Cherry Creek at Denver, CO",9.915417,42.06901,22.11,-0.82,6.99,1.21,80.9226,1586.3269,1774.7035,1680.4753,188.3766,0.155,0.117,23.588,0.277,0.943,0.319,4624.905,2984.369,ECO_25
SPLT,DEN,393557105033101,"Dutch Creek at Weaver Park nr Columbine Valley, CO",9.173235,46.57735,21.05,-1.24,7.25,1.30,21.2832,1649.9546,1990.9708,1749.9036,341.0162,0.169,0.14,31.8675,0.299,0.794,0.296,4300,2740.545,ECO_25
SPLT,DEN,393613104511401,"Cottonwood Ck ab Newark WY at Greenwood Village, CO",9.39455,45.55371,21.48,-1.20,7.26,1.35,18.045,1715.0204,1927.4678,1790.3673,212.4474,0.16,0.133,26.9005,0.2635,1.006,0.423,6674.2,4394.933,ECO_25
SPLT,DEN,393948105053501,"Bear Creek bl Estes Rd at Lakewood, CO",9.019464,46.76035,20.84,-1.34,7.28,1.28,62.9541,1646.4019,2090.7002,1781.9392,444.2983,0.155,0.124,29.332,0.267,0.6,0.261,1830.753,1475.107,ECO_25
SPLT,DEN,394107105021001,Sanderson Gulch abv Lowell Ave at Denver,9.704521,43.95013,21.68,-0.81,7.05,1.23,14.0634,1634.0406,1782.4645,1689.1265,148.4238,0.154,0.121,31.973,0.239,0.488,0.213,1607.937,1382.125,ECO_25
SPLT,DEN,394409105020501,"Lakewood Gulch abv Knox St at Denver, CO",9.479523,44.36064,21.40,-0.99,7.12,1.26,40.7493,1597.1415,2063.9893,1722.1663,466.8478,0.168,0.136,33.8745,0.2735,0.767,0.282,4339.643,2764.714,ECO_25
SPLT,DEN,394553105075101,Lena Gulch at Lewis Meadows Park at Wheat Ridge CO,8.887539,46.74424,20.67,-1.44,7.32,1.33,23.0679,1658.8029,2090.0193,1801.6367,431.2164,0.156,0.125,28.6285,0.2725,0.838,0.332,3209.09,2149.954,ECO_25
SPLT,DEN,394629105063101,Clear Creek blw Kipling at Wheat Ridge CO,9.119665,45.88837,20.92,-1.24,7.25,1.31,65.5191,1632.9868,2090.0193,1770.5189,457.0325,0.153,0.121,25.4385,0.273,0.895,0.336,3594.172,2487.453,ECO_25
SPLT,DEN,394919105074601,Ralston Creek abv Simms at Arvada CO,9.220909,45.38367,21.00,-1.17,7.28,1.34,25.4556,1655.2217,1984.1915,1757.2323,328.9698,0.172,0.141,33.9535,0.288,0.85,0.304,5079.04,3138.04,ECO_25
SPLT,DEN,394921105015701,"Little Dry Ck bl Lowell St nr Westminster, CO",9.742702,43.15327,21.74,-0.88,7.24,1.28,18.3015,1603.4491,1774.1963,1672.2792,170.7472,0.181,0.15,35.6475,0.305,1.029,0.347,6887,4054,ECO_25
SPLT,DEN,395324105035001,"Big Dry Ck bl Hyland Cr at Westminster, CO",9.368573,44.28818,21.26,-1.18,7.28,1.35,91.6452,1606.7114,1963.61,1728.6621,356.8986,0.162,0.131,32.584,0.264,0.755,0.274,4338.88,2736.315,ECO_25
SPLT,DEN,395554105085601,"Rock Creek abv Rock Creek Pkwy, at Superior, CO",9.101161,44.97192,20.91,-1.39,7.27,1.40,18.7443,1652.8176,1941.2023,1779.9238,288.3846,0.153,0.12,31.7285,0.2355,0.452,0.205,1256,1204,ECO_25
SPLT,DEN,395707105100401,"Coal Creek abv Mccaslin Rd at Superior, CO",8.83912,45.76705,20.58,-1.59,7.32,1.43,23.1264,1673.6837,1994.1426,1816.0847,320.4589,0.153,0.12,31.7285,0.2355,0.452,0.205,1256,1204,ECO_25
SPLT,DEN,395958105113501,Dry Creek abv Baseline Rd nr Boulder CO,9.600856,42.79354,21.47,-1.02,7.00,1.36,10.5282,1607.8405,1750.6931,1666.4409,142.8527,0.141,0.11,24.105,0.243,0.704,0.275,3813.5,2388.5,ECO_25
SPLT,DEN,400000105125400,S Boulder Cr at Baseline Road nr Boulder Colo,9.148764,44.38902,20.92,-1.34,7.13,1.43,32.0832,1609.2113,1966.7496,1742.0546,357.5383,0.154,0.122,30.263,0.2545,0.472,0.215,1235.866,1190.8,ECO_25
SPLT,DEN,400023105142301,"Bear Cr abv Wellman Feeder Canal, at Boulder, CO",9.234113,43.30738,21.01,-1.31,6.91,1.46,6.1218,1607.1104,1943.4497,1717.8275,336.3394,0.142,0.108,19.918,0.2515,0.852,0.322,2884.833,2433,ECO_25
SPLT,DEN,400217105123701,"Boulder Creek blw 61st Street, nr Boulder, CO",9.494295,42.63696,21.32,-1.11,6.87,1.42,87.6069,1573.6575,1966.7496,1677.7892,393.0922,0.143,0.111,24.485,0.243,0.674,0.269,2552.329,1986.458,ECO_25
SPLT,DEN,400607105094401,"Dry Creek blw Niwot Rd, at Niwot, CO",9.68518,40.47441,21.62,-1.14,6.53,1.37,55.9503,1542.663,1903.3112,1623.0797,360.6482,0.156,0.124,26.9585,0.269,0.561,0.214,2148.111,1619.111,ECO_25
SPLT,DEN,400810105071301,Left Hand Creek abv Pike Rd at Longmont CO,9.814017,39.59713,21.81,-1.09,6.50,1.30,30.4947,1506.4862,1756.4738,1591.2979,249.9875,0.154,0.123,25.3185,0.279,0.608,0.211,2282.482,1770.586,ECO_25
SPLT,DEN,400855105090501,Dry Creek blw Airport Rd nr Longmont CO,9.803816,39.16082,21.81,-1.13,6.52,1.29,30.7332,1530.511,1710.364,1593.3872,179.853,0.163,0.128,31.6575,0.2745,0.584,0.195,2042.235,1510.029,ECO_25
SPLT,DEN,400925105023201,Spring Gulch at Sandstone Ranch Pk nr Longmont CO,9.926014,38.11325,22.15,-1.29,6.64,1.18,38.3337,1496.5712,1591.243,1535.3762,94.6719,0.17,0.138,23.628,0.3075,0.717,0.258,3721.179,2279.435,ECO_25
SPLT,DEN,402549105043101,"Dry Creek at US 287, at Loveland, CO",9.435288,40.49228,21.62,-1.76,7.07,1.22,17.6328,1517.1317,1712.6375,1565.4309,195.5057,0.167,0.136,29.022,0.3015,0.874,0.301,4631.176,2909.882,ECO_25
SPLT,DEN,403035105035301,"Mail Creek nr mouth at Fort Collins, CO",9.532567,39.8685,21.77,-1.67,7.03,1.11,4.1445,1495.5127,1578.5938,1542.4269,83.0811,0.165,0.134,27.504,0.301,0.771,0.251,4015,2618.666,ECO_25
SPLT,DEN,403048105042701,"Fossil Cr at College Ave, at Ft Collins, CO",9.374093,40.48161,21.56,-1.79,7.11,1.18,26.6805,1503.5658,1806.1409,1571.3597,302.5751,0.152,0.123,22.012,0.299,0.686,0.238,2209,1689,ECO_25
SPLT,DEN,403308105001601,"Boxelder Creek at mouth, nr Fort Collins, CO",8.296503,39.4683,20.61,-2.62,6.91,1.09,558.6399,1483.4812,2275.1553,1727.9602,791.6741,0.136,0.108,16.4125,0.2505,0.681,0.238,3198.119,2088.433,ECO_25
SPLT,DEN,403356105024001,"Spring Creek at Edora Park, at Ft Collins, CO",9.409401,39.82141,21.63,-1.74,7.04,1.10,22.5774,1497.9578,1798.45,1564.3484,300.4922,0.151,0.121,24.695,0.2695,0.969,0.341,4772.591,3130.182,ECO_25
SPLT,DEN,410714104480101,"Crow Cr abv Morrie Ave, at Cheyenne, WY",6.491912,42.80828,18.68,-3.88,7.27,1.24,509.0166,1833.4243,2342.8555,2023.5734,509.4312,0.132,0.103,13.6615,0.2595,0.757,0.313,3384.872,2312.119,ECO_25
SPLT,DEN,413659104370001,"Bear Cr abv Little Bear Cr, nr Phillips, WY",7.130457,45.83444,19.45,-3.50,8.31,1.47,458.5887,1574.0262,2155.0405,1837.3214,581.0143,0.126,0.089,13.368,0.2185,0.666,0.261,3556.336,2796.468,ECO_25
TRIN,DFW,08049490,"Johnson Ck nr Duncan Perry Rd, Grand Prairie, TX",18.49495,98.61974,29.11,7.14,14.35,4.75,43.22689972,140.579,211.3297,183.5484,70.7507,0.174,0.116,49.557,0.324,1.734,0.543,10679.906,4581.635,ECO_32
TRIN,DFW,08049580,"Mountain Ck nr Venus, TX",18.39979,97.18565,28.82,7.17,13.19,4.94,51.95515928,182.7515,256.864,215.9028,74.1125,0.178,0.114,51.592,0.32,2.061,0.596,11030,5271,ECO_32
TRIN,DFW,08049955,"Fish Ck at Belt Line Rd, Grand Prairie, TX",18.5154,99.15717,29.08,7.19,14.38,4.83,58.27473,139.8882,211.9095,176.6394,72.0213,0.178,0.119,49.945,0.324,2.005,0.543,12124,5056.5,ECO_32
TRIN,DFW,08052740,"Doe Branch at Fishtrap Rd nr Prosper, TX",17.83507,109.8724,28.79,6.24,15.82,4.98,94.534562,164.4304,246.9267,196.3107,82.4963,0.177,0.114,50.992,0.319,2.061,0.602,11105.647,5221.776,ECO_32
TRIN,DFW,08057200,"White Rock Ck at Greenville Ave, Dallas, TX",17.95738,105.1171,28.69,6.50,15.16,4.67,173.0111984,143.5488,238.5004,197.4076,94.9516,0.177,0.114,51.135,0.319,2.044,0.595,10723.608,5142.543,ECO_32
TRIN,DFW,08057431,"Fivemile Ck nr Simpson Stuart Rd, Dallas, TX",18.31076,103.6455,28.84,6.99,14.82,5.03,108.986695,124.8483,230.4414,180.8288,105.5931,0.175,0.116,51.2035,0.32,1.859,0.572,10480.578,4719.98,ECO_32
TRIN,DFW,08057475,"Parsons Slough nr Davis Rd nr Crandall, TX",18.45676,103.2023,28.96,7.12,14.22,5.20,115.7206638,106.5668,165.813,126.0972,59.2462,0.171,0.121,52.883,0.321,1.507,0.492,9633.747,4086.816,ECO_32
TRIN,DFW,08059530,"Tickey Ck nr CR 400 nr Princeton, TX",17.74385,111.2528,28.57,6.21,14.99,4.62,26.8063758,157.851,206.6906,181.8028,48.8396,0.172,0.116,52.6955,0.322,1.888,0.625,11990.046,4766.938,ECO_32
TRIN,DFW,08059571,"Wilson Ck nr Gray Branch Rd nr Mckinney, TX",17.64844,111.0492,28.57,6.06,15.49,4.94,80.96302488,178.5974,246.8912,219.4222,68.2938,0.179,0.123,40.2725,0.3175,0.956,0.306,6016.78,2651.585,ECO_32
TRIN,DFW,08061536,"Spring Ck at Naaman School Rd nr Garland, TX",17.91386,105.8105,28.64,6.46,15.01,4.70,91.08987796,145.1472,238.4329,196.0877,93.2857,0.173,0.119,52.411,0.322,1.716,0.565,10984.744,4490.86,ECO_32
TRIN,DFW,08061740,"Duck Ck at Town East Blvd nr Mesquite, TX",18.15642,105.3628,28.80,6.75,14.97,4.98,102.3304259,124.855,207.9371,168.2683,83.0821,0.165,0.109,41.6305,0.33,1.554,0.577,9720.824,3422.008,ECO_32
TRIN,DFW,08061780,"Buffalo Ck nr Trinity Rd at Forney, TX",18.07099,109.2842,28.65,6.69,14.42,5.38,88.16319152,117.2969,186.8644,153.8982,69.5675,0.175,0.119,50.5175,0.322,1.655,0.541,10669.187,4469.508,ECO_32
TRIN,DFW,08061952,"South Mesquite Ck at Lawson Rd nr Mesquite, TX",18.32159,105.3545,28.89,6.95,14.85,5.13,64.6202006,115.7659,181.3632,149.5595,65.5973,0.174,0.113,51.817,0.3175,2.127,0.639,10496.844,4915.734,ECO_32
TRIN,DFW,08061995,"Mustang Ck at Fm 2757 nr Crandall, TX",18.21795,107.1349,28.73,6.88,14.21,5.31,42.9938008,112.7092,165.333,139.9897,52.6238,0.175,0.118,49.596,0.323,1.716,0.566,11066.475,4548.83,ECO_32
TRIN,DFW,08062020,"Buffalo Ck nr Fm 148 nr Crandall, TX",18.22652,106.6487,28.70,6.90,13.93,5.27,58.94812688,109.679,162.0216,135.3757,52.3426,0.167,0.111,33.832,0.351,1.07,0.409,6691.833,2529,ECO_32
TRIN,DFW,08062090,"Red Oak Ck nr Hampton Rd nr Red Oak, TX",18.18172,104.3783,28.60,6.93,14.44,5.10,53.81995064,171.4497,262.6107,220.3481,91.161,0.176,0.114,49.217,0.317,2.046,0.599,9184.963,4679.74,ECO_32
TRIN,DFW,08062525,"Walker Ck nr Oil Field Rd nr Rosser, TX",18.4501,102.7641,28.72,7.29,13.88,4.85,59.25892544,97.5362,155.4937,128.3378,57.9574,0.176,0.119,50.3355,0.323,1.733,0.568,11168,4619,ECO_32
TRIN,DFW,08062600,"Grays Ck at Cr 1603 nr Rice, TX",18.46548,105.184,28.67,7.38,14.13,4.81,64.82739964,92.9653,148.1412,123.7168,55.1758,0.175,0.117,51.3785,0.322,1.864,0.591,11379.754,4821.982,ECO_32
TRIN,DFW,08062805,"Williams Ck nr Fm 1836 nr Kemp, TX",18.07224,110.9067,28.41,6.87,13.14,5.04,68.03898476,110.1554,174.1595,140.4152,64.0041,0.176,0.114,49.8235,0.3175,2.05,0.598,9656.264,4830.773,ECO_32
TRIN,DFW,08063047,"Bynum Ck nr Fm 308 nr Malone, TX",18.60244,99.22382,28.76,7.55,13.60,3.44,52.78395544,139.9427,247.2183,174.8876,107.2756,0.174,0.119,48.6495,0.3205,1.536,0.503,9677.127,3986.79,ECO_32
TRIN,DFW,08063300,"Pin Oak Ck nr Fm 73 nr Coolidge, TX",18.66128,101.1153,28.65,7.75,13.92,3.89,101.6829289,129.0356,201.3419,162.1142,72.3063,0.175,0.116,51.538,0.321,1.898,0.597,11342.426,4878.778,ECO_32
TRIN,DFW,08063510,"Little Pin Oak Ck nr Ih 45 nr Richland, TX",18.68217,103.73,28.58,7.85,14.41,4.37,40.87001064,98.0875,167.8531,128.5872,69.7656,0.169,0.117,48.8545,0.333,1.702,0.544,10710.467,4217.633,ECO_32
TRIN,DFW,08063555,"S Fk Chambers Ck nr CR 102 nr Maypearl, TX",18.48422,96.32722,28.80,7.33,13.18,4.87,291.37365,158.687,271.3153,210.8192,112.6284,0.169,0.116,46.825,0.334,1.617,0.521,10137.75,4016.468,ECO_32
TRIN,DFW,08063565,"Mill Ck at Lowell Rd nr Milford, TX",18.46474,101.2846,28.68,7.37,13.67,4.32,80.36732764,152.4339,268.2676,207.2747,115.8338,0.176,0.114,49.715,0.318,2,0.594,9741.291,4752.265,ECO_32
TRIN,DFW,08063574,"Big Onion Ck at Feaster Rd nr Bardwell, TX",18.4808,101.4411,28.76,7.32,13.61,4.84,52.91345484,131.6581,231.9383,168.8985,100.2802,0.177,0.118,51.7335,0.3205,1.883,0.586,11100.907,4853.407,ECO_32
TRIN,DFW,08063595,"South Prong Ck at Fm 876 nr Waxahachie, TX",18.29108,105.1421,28.61,7.11,14.41,5.52,53.40555256,165.1458,262.9964,219.1353,97.8506,0.16,0.107,41.6915,0.341,1.199,0.313,7287.737,3217.684,ECO_32
TRIN,DFW,08063692,"Mustang Ck at Moseley Rd nr Ennis, TX",18.43546,103.6179,28.78,7.22,14.06,5.15,55.84014128,133.9873,211.2961,167.4909,77.3088,0.168,0.113,46.6135,0.331,1.487,0.451,9387.574,3973.95,ECO_32
TRIN,DFW,08064695,"Tehuacana Ck at Rural Rd 27 nr Wortham, TX",18.72451,104.1875,28.52,7.99,14.04,4.16,164.6973369,105.3279,198.4914,143.4011,93.1634,0.159,0.107,38.8925,0.343,1.136,0.268,6682.41,2989.678,ECO_33
WILL,POR,14199710,"Nate Creek near Colton, Oreg.",10.79452,162.5942,18.62,3.44,24.69,2.55,28.749,119.369,485.403,277.56,366.034,0.175,0.138,43.536,0.3175,2.953,1.012,15333.678,8230.871,ECO_3
WILL,POR,14205400,"East Fork Dairy Creek near Meacham Corner, OR",8.891111,173.0655,16.38,1.85,27.83,2.04,87.542,94.83,684.672,400.867,589.842,0.18,0.142,33.455,0.2745,3.957,1.478,15858.244,9420.989,ECO_1
WILL,POR,14206347,"Rock Creek at Quatama Road near Hillsboro, OR",11.11803,122.3743,18.94,3.61,18.96,1.89,66.7184,41.411,379.261,134.55,337.85,0.141,0.116,24.5875,0.3255,2.039,0.731,13556.47,7463.06,ECO_3
WILL,POR,14206435,"Beaverton Creek at Sw 216th Ave, nr Orenco, OR",11.46175,116.9389,19.34,3.89,17.87,1.85,95.6228,39.416,389.011,102.116,349.595,0.156,0.129,26.18,0.363,1.631,0.625,12332.344,7054.396,ECO_3
WILL,POR,14206750,"Chicken Creek near Sherwood, OR",11.38235,123.5698,19.26,3.87,19.11,1.70,40.0414,39.095,379.994,137.97,340.898,0.197,0.172,30.966,0.3845,1.933,0.703,13985.625,7179.85,ECO_3
WILL,POR,14206950,"Fanno Creek at Durham, OR",11.57563,118.0413,19.46,4.00,18.03,1.87,80.7303,36.116,332.23,99.649,296.115,0.154,0.131,24.968,0.3415,2.101,0.787,14620.086,7867.012,ECO_3
WILL,POR,14211315,"Tryon Creek blw Nettle Creek, near Lake Oswego, OR",11.50736,124.2943,19.37,3.96,18.90,2.09,17.1199,15.125,296.372,123.019,281.247,0.132,0.109,23.985,0.302,2.224,0.786,13953.333,7677.111,ECO_3
WILL,POR,434745123040200,"Silk Creek near Cottage Grove, OR",10.9704,140.694,18.48,4.02,22.76,2.04,42.1652,194.994,538.43,310.19,343.436,0.175,0.139,41.697,0.3095,2.931,1.016,15273.772,8509.113,ECO_3
WILL,POR,435212122483300,"Lost Creek near Dexter, OR",9.690152,161.4071,17.61,2.66,25.41,2.61,83.4239,239.619,1409.9,621.296,1170.28,0.16,0.124,36.64,0.243,2.995,0.922,14560.286,8151.952,ECO_4
WILL,POR,440257123103200,"Amazon Creek near Danebo Road at Eugene, OR",11.33644,140.7153,18.87,4.28,23.03,1.99,50.246,117.294,580.014,177.345,462.72,0.179,0.147,41.22,0.289,1.879,0.851,11584.529,8103.569,ECO_3
WILL,POR,443326123165200,"Oak Creek at Corvallis, OR",10.76874,166.2197,18.12,3.95,26.55,1.72,32.5045,66.647,649.714,223.653,583.067,0.181,0.147,41.0405,0.304,1.939,0.847,10318.2,7021.666,ECO_3
WILL,POR,445029122592600,"Battle Creek near Turner, OR",11.06674,141.3892,18.75,3.87,22.49,1.68,29.9145,92.442,324.38,180.658,231.938,0.176,0.139,43.49,0.32,2.906,1.008,15128,8129,ECO_3
WILL,POR,445551123015800,"Pringle Creek at Salem, OR",11.47181,126.8177,19.19,4.13,20.05,1.59,24.7863,44.045,199.205,101.351,155.159,0.169,0.136,38.2365,0.309,2.403,0.919,13905.458,8242.75,ECO_3
WILL,POR,450022123012400,"Claggett Creek at Keizer, OR",11.76343,116.3424,19.54,4.31,18.26,1.58,24.8381,35.944,69.414,52.663,33.47,0.197,0.172,22.9315,0.412,1.88,0.795,15236.692,8015.846,ECO_3
WILL,POR,450955122291200,Milk Creek at Camp Adams,9.95316,179.0231,17.85,2.75,27.14,2.85,103.7813,120.15,1280.8,448.293,1160.65,0.159,0.123,35.1605,0.2455,4.039,1.261,17449.229,9786.881,ECO_3
WILL,POR,451734122585400,"Chehalem Creek at Newberg, OR",11.30458,129.7841,19.10,3.90,20.28,1.42,97.8502,24.958,432.994,118.651,408.036,0.185,0.153,38.0425,0.334,2.13,0.866,12457.906,7404.729,ECO_3
WILL,POR,452149123194900,"North Yamhill Creek near Yamhill, OR",9.290264,204.6839,16.59,2.87,33.17,1.73,65.8637,103.331,1042.37,450.841,939.039,0.182,0.139,30.9005,0.2665,4.158,1.59,15153.615,9079.492,ECO_1
WILL,POR,452231122200000,"Deep Creek near Sandy, OR",10.55518,191.1752,18.53,3.08,28.83,3.29,31.3649,149.675,391.967,294.63,242.292,0.16,0.131,42.0765,0.2555,4.492,1.155,20901,11176.75,ECO_3
WILL,POR,452337122243500,"North Fork Deep Creek at Barton, OR",11.1566,173.3572,19.07,3.61,26.19,2.97,37.0111,58.056,306.733,186.691,248.677,0.172,0.137,43.831,0.303,3.257,1.037,16638.105,8876.947,ECO_3
WILL,POR,452414122213200,"Tickle Creek near Boring, OR",10.85505,185.1665,18.80,3.34,27.90,3.21,34.0844,108.412,382.281,246.47,273.869,0.163,0.132,42.074,0.2665,4.229,1.131,19859.656,10644.828,ECO_3
WILL,POR,452526122364400,"Kellogg Creek at Milwaukie, OR",11.69633,131.221,19.57,4.11,19.99,2.20,34.1103,13.842,329.97,94.389,316.128,0.151,0.128,29.137,0.308,2.125,0.805,14904.389,8531.417,ECO_3
WILL,POR,452912122291200,"Johnson Creek at Circle Ave, OR",11.22402,165.4437,19.13,3.67,25.19,2.87,55.6332,74.094,331.078,162.998,256.984,0.143,0.116,26.603,0.3005,2.611,0.823,14663.458,7626.118,ECO_3
WILL,POR,453506123125700,"Iler Creek near Forest Grove, OR",9.782215,163.6717,17.13,2.96,26.51,1.60,12.5874,87.93,662.755,290.669,574.825,0.174,0.148,41.503,0.291,3.252,1.079,16440.166,9770.333,ECO_3
WILL,POR,454321122352300,"Curtin Creek near Vancouver, WA",11.44505,132.4918,19.31,3.85,20.40,2.34,30.303,51.278,97.979,72.449,46.701,0.156,0.122,15.675,0.304,0.487,0.248,3520.428,3520.428,ECO_3
WILL,POR,454510122424900,"Whipple Creek near Salmon Creek, WA",11.39629,130.3832,19.21,3.85,20.36,2.25,22.1704,16.221,138.946,67.706,122.725,0.203,0.174,24.8885,0.38,0.81,0.362,6738,5434,ECO_3
WILL,POR,454543122524900,"South Scappose Creek at Scappose, OR",9.858696,156.8012,17.45,2.68,24.94,2.10,65.3198,12.148,648.381,272.737,636.233,0.17,0.136,24.9985,0.3,2.193,0.989,10388.279,6954.617,ECO_1
WILL,POR,454549122295800,"Salmon Creek near Battleground, WA",10.18012,202.6654,18.16,2.68,32.06,3.17,58.8448,74.747,679.009,280.103,604.261,0.193,0.145,37.899,0.258,1.536,0.543,10011.762,7100.206,ECO_3
WILL,POR,455122122310600,"Rock Creek near Battleground, WA",10.27029,198.5236,18.19,2.82,31.55,3.22,26.0813,113.276,443.77,236.402,330.494,0.242,0.179,14.7095,0.286,2.56,0.821,11236.64,7303.48,ECO_3
WMIC,MGB,04072233,"Lancaster Brook at Shawano Avenue at Howard, WI",6.796292,81.43511,20.74,-8.47,10.12,2.25,25.53792692,184,238,218.5834,54,0.176,0.093,22.315,0.2875,0.664,0.249,7192.571,5404.428,ECO_51
WMIC,MGB,04078085,"Black Otter Creek near Hortonville, WI",6.993164,84.66422,21.22,-8.72,11.34,2.43,41.04357433,233,305,258.6519,72,0.202,0.124,23.1285,0.315,1.56,0.465,16018.977,9592.786,ECO_51
WMIC,MGB,04081897,"Sawyer Creek at Westhaven Road at Oshkosh, WI",7.39318,83.54754,21.55,-8.23,11.44,2.38,30.60111648,234,286,254.1913,52,0.195,0.095,42.2145,0.333,0.827,0.324,13711,9306,ECO_53
WMIC,MGB,04084429,"Mud Creek at Spencer Road at Appleton, WI",7.104436,82.37061,21.25,-8.44,10.72,2.41,33.28238566,230,281,246.2319,51,0.19,0.102,27.423,0.3055,1.023,0.271,20574.576,10795.758,ECO_53
WMIC,MGB,04084468,"Garners Creek at Park Street at Kaukauna, WI",7.171308,82.09846,21.23,-8.23,10.62,2.44,20.7354563,202,250,234.6476,48,0.195,0.095,42.2145,0.333,0.827,0.324,13711,9306,ECO_53
WMIC,MGB,04085046,"Apple Creek at Sniderville, WI",7.146079,80.31915,21.18,-8.23,10.39,2.38,118.8051604,193,274,222.2946,81,0.196,0.098,39.7585,0.3345,0.881,0.319,13062.8,8878,ECO_53
WMIC,MGB,040850683,"Ashwaubenon Creek at South Bridge Rd nr Depere, WI",7.105702,78.58366,21.04,-8.13,10.17,2.39,51.82294082,188,223,206.7607,35,0.195,0.095,42.2145,0.333,0.827,0.324,13711,9306,ECO_53
WMIC,MGB,040851235,"Bower Creek Trib at Lime Kiln Road nr Bellevue, WI",6.89765,82.58024,20.58,-7.97,10.21,2.53,34.39498116,180,283,238.0628,103,0.194,0.094,41.8015,0.331,0.823,0.323,13465.371,9180.2,ECO_53
WMIC,MGB,040851325,"Baird Creek at Superior Road at Green Bay, WI",6.833621,83.18407,20.46,-7.97,10.14,2.51,52.00696126,206,268,241.7092,62,0.195,0.095,42.2145,0.333,0.827,0.324,13711,9306,ECO_53
WMIC,MGB,04085188,"Rio Creek at Pheasant Road near Rio Creek, WI",6.899378,83.58215,20.26,-7.50,9.67,2.72,55.81254471,203,248,220.5759,45,0.197,0.108,29.3965,0.3365,1.086,0.297,11353.947,7467.07,ECO_53
WMIC,MGB,040851932,"Kewaunee River Trib @ Lowell Road nr Luxemburg, WI",6.772398,84.12357,20.31,-7.91,9.98,2.64,36.71834179,206,259,233.8227,53,0.188,0.1,35.6615,0.3375,0.801,0.314,11930.697,8208.424,ECO_53
WMIC,MGB,04085270,"Jambo Creek at Jambo Creek Road near Mishicot, WI",7.136595,83.31773,20.55,-7.33,10.32,2.83,48.83327288,191,252,221.9159,61,0.186,0.109,25.784,0.338,0.938,0.297,9096.313,6429.216,ECO_53
WMIC,MGB,040853145,"Black Creek at Curran Road near Denmark, WI",6.91933,85.39252,20.42,-7.66,10.42,2.76,56.12755344,222,309,248.0873,87,0.179,0.106,27.857,0.3395,0.773,0.304,9792.236,6900.181,ECO_53
WMIC,MGB,04085322,"Devils River at Rosencrans Road near Maribel, WI",6.866252,85.52141,20.53,-7.94,10.55,2.79,76.4523914,237,299,269.9701,62,0.189,0.101,33.0315,0.331,0.876,0.307,10601.925,7470.012,ECO_53
WMIC,MGB,040854395,"Point Creek at Ucker Point Road near Newton, WI",7.38638,83.1693,20.75,-7.02,10.32,2.98,45.91513466,185,295,232.0172,110,0.196,0.102,35.0235,0.3335,0.957,0.309,11507.276,7932.191,ECO_53
WMIC,MGB,04085455,"Meeme River at Washington Road near Cleveland, WI",7.327083,85.01874,20.78,-7.20,10.59,3.02,50.40975652,222,314,254.3733,92,0.195,0.099,38.2545,0.3335,0.876,0.333,13041.188,8868.708,ECO_53
WMIC,MGB,04086699,"Pigeon Creek at Williamsburg Dr at Theinsville, WI",8.025625,86.24799,21.60,-6.65,11.28,3.20,29.86046947,200,298,242.7665,98,0.178,0.113,29.9645,0.3465,1.192,0.512,15133.767,8200.167,ECO_53
WMIC,MGB,040869415,"Lincoln Creek at 47th Street at Milwaukee, WI",8.328092,84.96287,21.90,-6.32,11.27,3.36,25.96460519,196,239,217.379,43,0.168,0.119,35.1445,0.369,1.296,0.568,13726,7363,ECO_53
WMIC,MGB,04087030,"Menomonee River at Menomonee Falls, WI",7.871766,88.23931,21.55,-7.03,11.65,3.24,87.85270538,232,336,270.3454,104,0.179,0.119,27.121,0.348,1.128,0.502,14093.057,8075.46,ECO_53
WMIC,MGB,0408703164,"Lily Creek at Good Hope Road nr Menomonee Falls, WI",8.118302,87.08562,21.78,-6.73,11.56,3.28,11.22435469,231,273,245.0724,42,0.168,0.119,35.1445,0.369,1.296,0.568,13726,7363,ECO_53
WMIC,MGB,04087070,"Little Menomonee River at Milwaukee, WI",8.157412,85.65549,21.76,-6.55,11.40,3.25,51.70057131,213,280,231.9739,67,0.168,0.119,35.1445,0.369,1.296,0.568,13726,7363,ECO_53
WMIC,MGB,040870856,"Underwood Crk @ Watertown Plank Rd @ Elm Grove, WI",8.169025,88.65446,21.85,-6.70,12.01,3.40,24.56152086,225,287,249.1233,62,0.169,0.119,33.8975,0.3655,1.271,0.558,13529.385,7387.077,ECO_53
WMIC,MGB,04087118,"Honey Creek near Portland Avenue at Wauwatosa, WI",8.352052,87.92551,21.95,-6.34,11.77,3.41,27.74165802,196,255,230.2941,59,0.168,0.119,35.1445,0.369,1.296,0.568,13726,7363,ECO_53
WMIC,MGB,04087204,"Oak Creek at South Milwaukee, WI",8.474835,89.46886,21.98,-6.05,11.75,3.46,66.79287039,194,247,215.4582,53,0.17,0.12,34.923,0.366,1.316,0.579,14726.942,7871.551,ECO_53
WMIC,MGB,04087213,"Root River at Layton Avenue at Greenfield, WI",8.293793,88.969,21.94,-6.50,12.00,3.42,30.74185591,218,274,241.6721,56,0.168,0.119,35.1445,0.369,1.296,0.568,13726,7363,ECO_53
WMIC,MGB,040872393,"Hoods Creek at Brook Road near Franksville, WI",8.507406,90.55103,22.02,-6.04,11.50,3.67,38.92858286,198,247,223.912,49,0.191,0.136,34.4295,0.3405,1.677,0.825,16995.461,10085.052,ECO_54
WMIC,MGB,04087258,"Pike River at Cth A near Kenosha, WI",8.601041,90.00302,22.10,-5.91,10.93,3.78,100.2912192,188,235,213.0482,47,0.19,0.134,34.143,0.3405,1.633,0.79,18286.834,10502.206,ECO_54
WMIC,MGB,04087270,"Pike Creek at 43rd Street at Kenosha, WI",8.721246,89.39011,22.19,-5.73,10.44,3.90,16.29709422,178,224,201.7926,46,0.188,0.132,33.902,0.3415,1.583,0.751,19372.646,10808.353,ECO_54
WMIC,MGB,05527729,"Kilbourn Ditch at 6Oth Street near Kenosha, WI",8.534684,90.41576,22.08,-6.08,10.80,3.79,53.70763321,209,252,226.7462,43,0.183,0.131,34.7045,0.35,1.554,0.743,15739.846,9119.058,ECO_54
WMIC,MGB,055437901,"Fox River at River Road near Sussex, WI",7.930737,88.88811,21.65,-7.05,11.77,3.33,60.79267461,252,335,272.9257,83,0.185,0.12,23.1275,0.3405,1.062,0.476,11831.034,7595.052,ECO_53
GRSL,SLC,10167800,"Little Cottonwood Creek at Crestwood Park at Salt Lake City, UT",10.45031,68.1701,23.43,-2.02,8.16,2.79,9.87,1380,1590,1482.8384,210,0.088,0.066,21.255,0.319,0.954,0.455,5218.2,3431.4,ECO_13
GRSL,SLC,400927111354501,"Hobble Creek at 800 East at Springville, UT",9.762599,64.2524,22.45,-2.95,7.21,2.46,9.64,1409,1613,1494.5396,204,0.14,0.113,18.58,0.312,2.041,0.919,7110.1,3933.7,ECO_13
GRSL,SLC,400959111363201,"Hobble Creek at Center Street at Springville, UT",9.852899,63.764,22.56,-2.89,7.15,2.44,10.63,1395,1613,1486.7045,218,0.134,0.108,14.8265,0.317,1.9,0.858,6837.583,4006.333,ECO_13
GRSL,SLC,401442111402201,"Provo River at 800 North at Salt Lake City, UT",10.19271,57.0811,22.95,-2.52,6.14,2.54,24.21,1390,1613,1474.2645,223,0.134,0.108,16.366,0.177,1.38,0.653,6967.666,4706.476,ECO_13
GRSL,SLC,401653111400301,"Provo River at 3700 North at Provo, UT",9.744991,59.9334,22.42,-2.76,6.43,2.69,7.77,1429,1613,1503.7678,184,0.125,0.099,18.098,0.3585,1.631,0.756,7233.666,4648.778,ECO_13
GRSL,SLC,401850111392201,"Provo River at Highway 189 at Provo, UT",9.317397,63.2929,21.91,-3.02,6.93,2.80,3.71,1473,1613,1539.6545,140,0.103,0.077,19.496,0.4065,1.087,0.536,6031,4706,ECO_13
GRSL,SLC,403707111463701,"Big Cottonwood Creek above Water Treatment Plant at Salt Lake City, UT",9.77768,75.1833,22.60,-2.41,8.86,2.92,0.5,1551,1590,1566.5178,39,0,0,18.116,0.347,0,0,0,0,ECO_13
GRSL,SLC,403755111514201,"Little Cottonwood Creek at Wheeler Farm at Salt Lake City, UT",10.61287,66.2479,23.63,-1.93,8.03,2.75,13.64,1341,1590,1459.4895,249,0.086,0.066,13.463,0.1835,0.89,0.425,5274.428,3459.571,ECO_13
GRSL,SLC,403927111523601,"Little Cottonwood Creek at Murray Park at Salt Lake City, UT",10.9197,63.342,24.00,-1.75,7.86,2.61,28.91,1309,1590,1424.9512,281,0.1,0.079,25.7385,0.297,0.891,0.417,5945.567,3685.633,ECO_13
GRSL,SLC,403945111501001,"Big Cottonwood Creek at Cottonwood Mall at Salt Lake City, UT",10.67912,65.4072,23.70,-1.89,8.03,2.55,14.62,1328,1595,1438.8055,267,0.129,0.103,25.7385,0.297,1.265,0.592,6063,4137.714,ECO_13
GRSL,SLC,404000111515801,"Big Cottonwood Creek at 900 East at Salt Lake City, UT",10.95766,62.8354,24.03,-1.73,7.86,2.46,26.66,1308,1595,1407.1625,287,0.13,0.106,23.9525,0.357,1.149,0.54,6524.923,4338.846,ECO_13
GRSL,SLC,404140111481601,"Mill Creek at 3060 East at Salt Lake City, UT",10.32838,66.4805,23.28,-2.09,8.15,2.55,1.51,1464,1608,1521.0702,144,0.172,0.143,20.0925,0.253,1.453,0.842,11449,8495,ECO_13
GRSL,SLC,404143111500101,"Mill Creek at 2000 East Salt Lake City, UT",10.43057,65.6695,23.40,-2.03,8.10,2.53,2,1382,1608,1497.6987,226,0.166,0.139,11.415,0.1975,1.245,0.626,8526,6067.5,ECO_13
GRSL,SLC,404218111525601,"Mill Creek at 300 East at Salt Lake City, UT",11.14604,59.9393,24.28,-1.61,7.73,2.39,25.21,1297,1608,1381.8544,311,0.162,0.137,0,0,1.084,0.447,6299.217,3984.261,ECO_13
GRSL,SLC,404317111503601,"Parleys Creek at Sugarhouse Park at Salt Lake City, UT",10.14125,66.9991,23.08,-2.19,8.22,2.61,4.69,1350,1608,1468.682,258,0.142,0.116,16.9945,0.3115,0.893,0.382,4111.4,2802,ECO_13
GRSL,SLC,404349111512201,"Emigration Creek at 1200 East at Salt Lake City, UT",10.41168,63.952,23.41,-2.05,8.09,2.51,4.26,1339,1591,1483.3212,252,0.142,0.116,20.4865,0.2935,0.893,0.382,4111.4,2802,ECO_13
GRSL,SLC,404430111495301,"Emigration Creek at 1300 South at Salt Lake City, UT",10.19985,65.4271,23.16,-2.18,8.19,2.55,3.06,1419,1591,1515.7126,172,0.13,0.104,12.0305,0.151,0.796,0.363,3117,2243.333,ECO_13
GRSL,SLC,405854111534801,"Farmington Creek at Frontage Road at Farmington, UT",10.41957,62.9108,23.50,-2.48,8.21,1.90,3.23,1297,1597,1405.5718,300,0.097,0.07,19.745,0.3065,0.72,0.319,2838.666,2507.666,ECO_13
GRSL,SLC,410041111581101,"Baer Creek at Frontage Road at Kaysville, UT",10.41556,64.0995,23.54,-2.53,8.51,1.97,3.58,1311,1602,1387.8347,291,0.147,0.122,20.219,0.2685,1.221,0.478,7541.5,3867.25,ECO_13
GRSL,SLC,410148111535301,"Baer Creek at Fruit Heights, UT",9.374179,71.6679,22.34,-3.23,9.11,2.09,0.1,1466,1602,1532.6106,136,0,0,22.0535,0.242,0,0,0,0,ECO_13
GRSL,SLC,410231111565001,"Holmes Creek at Main Street at Layton, UT",10.07199,66.9393,23.16,-2.79,8.84,1.98,2.3,1317,1574,1398.5094,257,0.166,0.142,29.936,0.2615,1.414,0.567,9498,4599,ECO_13
GRSL,SLC,410250111571501,"North Fork of Holmes Creek at Main Street at Layton, UT",10.10005,66.7661,23.19,-2.80,8.81,1.95,6.91,1316,1592,1419.3512,276,0.151,0.126,13.4255,0.29,1.268,0.523,8147.778,4227.111,ECO_13
GRSL,SLC,410342111574201,"Kays Creek at Layton, UT",9.790443,68.1223,22.84,-3.10,8.77,1.94,14.32,1329,1590,1441.3214,261,0.094,0.065,19.0965,0.276,1.497,0.59,3932.8,2984.8,ECO_13
GRSL,SLC,410453111570001,"Kays Creek at 1000 East at Layton, UT",9.60524,69.0235,22.63,-3.25,8.80,1.95,10.22,1360,1590,1464.8108,230,0.127,0.104,24.593,0.213,1.186,0.533,8009.7,4201.5,ECO_13
GRSL,SLC,410501111555201,"South Fork of Kays Creek at Layton, UT",9.619557,69.0197,22.64,-3.21,8.83,1.94,3.09,1394,1586,1477.3024,192,0.127,0.104,11.113,0.15,1.055,0.541,6614,4319,ECO_13
GRSL,SLC,410522111541201,"South Fork Kays Creek at Fernwood Picnic Area at Salt Lake City, UT",4.109386,115.2334,16.49,-7.00,14.00,2.88,3.94,1576,2945,2353.0898,1369,0.136,0.113,27.2585,0.3045,1.238,0.54,8353.154,4293.231,ECO_13
GRSL,SLC,411407111580501,"Ogden River at Washington Avenue at Ogden, UT",9.040518,73.3255,21.98,-4.00,8.56,2.29,4.45,1310,1489,1369.6149,179,0.129,0.097,26.51,0.2635,1.375,0.636,6145.6,4434.6,ECO_13
GRSL,SLC,411413111554601,"Ogden River at Valley Drive Ogden, UT",7.461427,86.3472,20.23,-5.27,10.01,2.50,0.9,1340,1489,1415.1075,149,0,0,0,0,0,0,0,0,ECO_13
GRSL,SLC,411413111564101,"Ogden River at Harrison Avenue at Ogden, UT",8.603803,76.8156,21.49,-4.35,8.84,2.34,3.08,1322,1489,1387.7407,167,0.117,0.088,14.7885,0.2755,1.494,0.719,5514.8,4137.799,ECO_13
GRSL,SLC,414258111502001,"Logan River at Golf Course Road at Salt Lake City, UT",8.279468,51.8872,21.32,-5.25,6.67,1.81,4.58,1370,1481,1404.0322,111,0.141,0.119,0,0,1.185,0.571,7115.6,4953.6,ECO_13
MOBL,BIR,02397939,"Chappel Creek at Long Branch Road near Trion, GA",14.81925,150.5394,25.48,3.59,16.66,9.58,14.32,211,499,274.4253,288,0.155,0.104,38.7695,0.2955,0.406,0.125,2325.5,2007.5,ECO_67
MOBL,BIR,02398001,"Town Branch near Summerville, GA",15.17256,151.5479,25.84,3.95,16.78,9.98,4.7,194,294,220.1278,100,0.141,0.088,32.801,0.266,0.649,0.137,3009,2063.083,ECO_67
MOBL,BIR,02400675,"Unnamed Tributary to Big Wills Creek at State Route 35 near Fort Payne, AL",14.66441,148.6747,25.23,3.38,15.97,9.49,12.11,250,530,324.3781,280,0.146,0.09,31.643,0.2575,0.669,0.148,2976.434,1999.739,ECO_67
MOBL,BIR,02400725,"Mush Creek near Portersville, AL",14.85199,146.8744,25.37,3.61,15.60,9.55,24.47,219,493,317.0813,274,0.173,0.122,39.6545,0.2995,0.76,0.165,3839.227,2668.772,ECO_67
MOBL,BIR,02400800,"Little Wills Creek at Collins Chapel Road at Collinsville, AL",15.11112,145.3405,25.60,3.89,15.37,9.60,27.88,209,439,288.635,230,0.137,0.086,33.7665,0.272,0.627,0.126,3012.8,2107.1,ECO_67
MOBL,BIR,02401350,"Big Canoe Creek at Canoe Creek Road near Springville, AL",15.52301,151.4869,25.77,4.51,15.36,7.74,54.37,216,441,314.1636,225,0.162,0.113,39.216,0.273,0.48,0.107,2830.762,2192.333,ECO_67
MOBL,BIR,02401355,"Unnamed Tributary to Big Canoe Creek near Springville, AL",15.70582,148.622,25.95,4.71,15.09,7.61,10.5,217,455,275.7978,238,0.165,0.111,38.3085,0.288,0.59,0.144,2625.641,1916.717,ECO_67
MOBL,BIR,02401749,"Williams Branch near Jacksonville, AL",15.77967,143.1254,25.97,4.90,14.83,8.34,23.92,181,519,259.6495,338,0.154,0.096,32.309,0.2485,0.663,0.15,3072.698,2060.867,ECO_67
MOBL,BIR,02401760,"Little Tallaseehatchee Creek near Weaver, AL",15.63712,146.0266,25.77,4.80,15.16,8.46,38.12,191,623,284.6141,432,0.154,0.099,34.676,0.256,0.593,0.108,3352.363,2392.454,ECO_67
MOBL,BIR,02403380,"Snow Cr below Anniston , AL",15.82762,145.4091,25.89,5.05,15.38,8.43,44.72,187,510,271.5418,323,0.147,0.093,33.5665,0.267,0.62,0.141,2841.66,1988.78,ECO_67
MOBL,BIR,02406930,"Shirtee Creek near Odena, AL",16.62473,143.5905,26.46,5.96,15.36,8.65,43.32,130,272,181.3839,142,0.159,0.109,37.37,0.271,0.494,0.113,2577.045,1961.545,ECO_67
MOBL,BIR,0242339575,"Little Cahaba River near Braggsville, AL",16.19827,141.2236,26.34,5.29,15.19,7.23,15.7,194,276,216.154,82,0.154,0.1,34.764,0.2595,0.594,0.11,3299.269,2362.769,ECO_67
MOBL,BIR,02423397,"Little Cahaba River below Leeds, AL",16.19675,141.4988,26.33,5.30,15.13,7.39,43.95,184,365,219.9583,181,0.154,0.1,32.5265,0.27,0.619,0.115,3198.6,2412.2,ECO_67
MOBL,BIR,02423515,"Patton Creek near Bluff Park below Patton Chapel, AL",16.32841,148.1591,26.44,5.41,15.07,8.43,28.77,142,342,241.0025,200,0.162,0.11,37.8235,0.266,0.625,0.149,2893.142,1965.5,ECO_67
MOBL,BIR,02423536,"Buck Creek at Buck Creek Road at Alabaster, AL",16.67191,146.7335,26.63,5.85,14.87,8.70,38.7,105,293,177.565,188,0.17,0.112,29.4425,0.291,0.722,0.157,2949.113,1986.545,ECO_67
MOBL,BIR,0242354650,"Cahaba Valley Creek at Indian Trail Road near Indian Springs, AL",16.49863,146.558,26.55,5.63,15.41,8.30,36.97,143,383,193.2979,240,0.162,0.108,34.811,0.273,0.642,0.109,3157.942,2256.457,ECO_67
MOBL,BIR,0242354750,"Cahaba Valley Creek at Cross Creek Road at Pelham, AL",16.5074,146.9453,26.55,5.64,15.44,8.37,66.07,131,390,190.4777,259,0.16,0.105,30.678,0.272,0.698,0.147,3057.592,2259.37,ECO_67
MOBL,BIR,02423576,"Shades Creek at Lakeshore Drive near Mountain Brook, AL",16.11389,147.1119,26.28,5.17,15.29,8.57,42.08,196,376,245.8018,180,0.163,0.115,39.171,0.2815,0.648,0.182,2432.627,1620.098,ECO_67
MOBL,BIR,02423581,"Shades Cr at Samford University at Homewood, AL",16.14641,147.104,26.31,5.20,15.17,8.55,56.3,190,355,235.3291,165,0.173,0.114,28.4735,0.295,0.739,0.159,2974.642,2003.428,ECO_67
MOBL,BIR,02423590,"Unnamed Tributary to Shades Creek near Oxmoor, AL",16.3259,147.105,26.47,5.38,15.13,8.19,5.99,186,294,219.5251,108,0.184,0.124,30.615,0.2975,0.675,0.121,2929.833,2010,ECO_67
MOBL,BIR,02423620,"Little Shades Creek at State Highway 150 near Bessemer, AL",16.4894,148.0889,26.60,5.56,15.51,8.59,21.68,158,290,202.244,132,0.179,0.118,26.461,0.284,0.982,0.277,3851.857,2155.892,ECO_67
MOBL,BIR,02423729,"Dry Creek at Spring Creek Road near Montevallo, AL",16.80789,146.1674,26.68,6.04,14.75,8.75,34.69,136,221,161.5003,85,0.182,0.121,30.283,0.299,0.824,0.191,3917.227,2215.818,ECO_67
MOBL,BIR,0242372950,"Spring Creek at County Road 16 near Moores Crossroads, AL",16.74519,146.9018,26.66,5.95,14.88,8.75,33.07,88,208,162.29,120,0.163,0.108,34.491,0.2655,0.649,0.117,3051.059,2186.029,ECO_67
MOBL,BIR,02456900,"Fivemile Creek at Fivemile Road near Huffman, AL",15.91332,148.2914,26.13,4.94,15.66,7.92,25.04,208,380,260.9221,172,0.168,0.122,39.556,0.289,0.671,0.191,2621.225,1678.129,ECO_67
MOBL,BIR,02456980,"Fivemile Creek at Lawson Road near Tarrant City, AL",16.0152,147.3525,26.22,5.04,15.69,7.95,48.66,172,271,227.4413,99,0.162,0.113,37.089,0.2775,0.502,0.114,3016.521,2272.195,ECO_67
MOBL,BIR,02458150,"Village Creek at East Lake in Birmingham, AL",16.07654,147.1266,26.27,5.11,15.82,8.18,14.22,190,378,236.6551,188,0.157,0.103,34.204,0.2685,0.609,0.104,3185.578,2316.526,ECO_67
MOBL,BIR,02461200,"Valley Creek at Cleburn Avenue at Powderly, AL",16.50649,143.9981,26.65,5.56,14.89,7.95,52.1,157,316,185.9419,159,0.162,0.107,36.657,0.275,0.608,0.088,3246.09,2237.818,ECO_67
MOBL,BIR,02461670,"Five Mile Creek at Nevel Rd near McCalla, AL",16.6721,149.0465,26.74,5.75,15.46,8.09,33.9,135,233,166.2444,98,0.161,0.108,33.9655,0.276,0.571,0.098,3062.777,2205.889,ECO_67
NECB,BOS,01072540,"Little River near Lebanon, ME",7.343891,127.0129,20.37,-6.48,14.04,8.60,45.85,91,274,150.4743,183,0.112,0.047,4.6015,0.2565,1.33,0.317,9401.777,4952.511,ECO_59
NECB,BOS,01072650,"Greatworks River near North Berwick, ME",7.737813,126.1022,20.67,-5.92,14.20,8.53,60.16,43,263,100.6808,220,0.095,0.043,4.2455,0.206,1.495,0.345,17852.967,8142.377,ECO_59
NECB,BOS,01072845,"Isinglass River Batchelder Road near center Strafford, NH",7.614109,127.1846,20.59,-6.12,13.66,8.12,59.41,83,427,191.6255,344,0.118,0.053,5.5245,0.111,0.419,0.107,2010.83,1835.101,ECO_59
NECB,BOS,01072904,"Bellamy River at Bellamy Road near Dover, NH",8.217413,117.7189,21.15,-5.35,13.07,7.67,68.46,18,153,64.6471,135,0.124,0.056,5.6915,0.116,0.45,0.11,2151.72,1948.53,ECO_59
NECB,BOS,01073260,"Lamprey River Cotton Rd near Deerfield, NH",7.894763,122.5952,20.86,-5.78,13.25,7.74,83.09,66,347,160.1816,281,0.115,0.054,5.9975,0.1005,0.708,0.184,4264.03,2919.182,ECO_59
NECB,BOS,01073458,"North River at Route 152 near Nottingham, NH",8.021586,120.4666,20.96,-5.60,13.17,7.76,74.85,38,347,124.4391,309,0.123,0.06,8.0825,0.119,0.567,0.136,4162.42,2838.14,ECO_59
NECB,BOS,010734833,"Little River at Cartland Road at Lee, NH",8.188313,117.3165,21.13,-5.39,12.95,7.65,52.17,32,182,88.6192,150,0.122,0.056,5.504,0.113,0.512,0.112,3051.584,2261.883,ECO_59
NECB,BOS,01089743,"Little Suncook River Blackhall Road at Epsom, NH",7.589587,127.8726,20.58,-6.17,13.82,8.06,101.35,106,426,212.184,320,0.12,0.055,5.028,0.111,0.515,0.105,2581.512,2126.464,ECO_59
NECB,BOS,01090477,"Black Brook Dunbarton Rd near Manchester, NH",7.796537,115.8631,20.84,-6.04,12.06,7.44,53.65,82,280,181.8313,198,0.12,0.056,5.026,0.112,0.494,0.095,2324.274,2027.627,ECO_59
NECB,BOS,01094005,"Baboosic River Bedford Road near Merrimack, NH",8.148045,115.4026,21.15,-5.57,11.93,7.62,73,57,390,131.4565,333,0.119,0.055,5.082,0.11,0.53,0.11,3101.95,2279.388,ECO_59
NECB,BOS,01095220,"Stillwater River near Sterling, MA",7.958818,124.3266,20.81,-5.51,12.70,8.11,78.7,122,609,236.3156,487,0.122,0.056,5.241,0.112,0.524,0.118,2693.14,2187.295,ECO_59
NECB,BOS,01096544,"Stony Brook at School Street at Chelmsford, MA",8.794436,120.1635,21.69,-4.58,12.68,8.22,107.67,22,187,78.5992,165,0.123,0.057,4.459,0.107,0.766,0.193,3333.895,3004.017,ECO_59
NECB,BOS,010965852,"Beaver Brook at North Pelham, NH",8.408139,119.9925,21.33,-5.09,12.35,8.13,121.7,45,193,105.5868,148,0.12,0.053,5.04,0.105,0.634,0.169,4122.234,2746.084,ECO_59
NECB,BOS,01096710,"Assabet River at Allen Street at Northborough, MA",8.779476,120.5149,21.57,-4.50,12.55,8.08,76.4,73,228,128.2857,155,0.11,0.048,4.6535,0.0965,0.55,0.139,2542.951,2358.819,ECO_59
NECB,BOS,01096945,"Elizabeth Brook off White Pond Road near Stow, MA",8.75765,121.1985,21.62,-4.59,12.52,8.15,48.54,54,194,105.7669,140,0.093,0.042,3.465,0.083,0.576,0.136,3287.949,2945.61,ECO_59
NECB,BOS,01097270,"Fort Pond Brook at River Road near South Acton, MA",8.909693,121.7857,21.77,-4.40,12.68,8.19,53.75,47,140,79.3326,93,0.13,0.058,6.0145,0.125,0.435,0.124,2388.833,2137.666,ECO_59
NECB,BOS,01097476,"Sudbury River at Concord Street at Ashland, MA",9.038047,121.8817,21.77,-4.12,12.88,8.14,89.56,55,212,108.6006,157,0.137,0.059,6.045,0.1205,0.619,0.156,2357.145,2170.395,ECO_59
NECB,BOS,01101500,"Ipswich River at South Middleton, MA",9.48084,123.0612,22.15,-3.45,12.80,8.82,115.3,14,129,32.569,115,0.136,0.06,6.1165,0.1255,0.513,0.158,2524.662,2141.891,ECO_59
NECB,BOS,01102345,"Saugus River at Saugus Ironworks at Saugus, MA",9.688122,122.4736,22.26,-3.07,13.02,8.75,60.4,2,81,30.8886,79,0.135,0.059,6.263,0.1245,0.494,0.132,2229.96,2026.894,ECO_59
NECB,BOS,01102500,"Aberjona River (head of Mystic River) at Winchester, MA",9.573009,121.5167,22.22,-3.32,12.68,8.70,58.2,1,111,35.8389,110,0.106,0.045,4.494,0.0985,0.538,0.112,3252.414,2822.2,ECO_59
NECB,BOS,011032058,"Charles River at Maple Street at North Bellingham, MA",9.277867,124.2639,21.90,-3.72,13.29,8.44,54.2,59,177,97.7995,118,0.118,0.052,5.1255,0.107,0.524,0.138,2533.106,2318.379,ECO_59
NECB,BOS,01105000,"Neponset River at Norwood, MA",9.636638,121.9312,22.18,-3.15,13.30,8.37,84.9,17,145,64.1259,128,0.127,0.056,6.209,0.1175,0.613,0.139,3143.184,2799.032,ECO_59
NECB,BOS,01105504,"East Branch Neponset River at Canton, MA",9.726118,125.635,22.20,-2.92,13.55,8.63,72.85,17,147,64.3511,130,0.104,0.047,3.7785,0.092,0.683,0.155,3532.506,3128.373,ECO_59
NECB,BOS,01105581,"Monatiquot River at River Street at Braintree, MA",9.834538,129.1011,22.26,-2.70,13.31,8.54,71.22,16,191,51.3165,175,0.116,0.054,3.7375,0.0985,0.862,0.209,3769.166,3368.583,ECO_59
NECB,BOS,01106468,"Matfield River at North Central Street at East Bridgewater, MA",9.88087,129.2303,22.26,-2.58,13.55,8.36,79.75,11,97,46.231,86,0.111,0.048,5.429,0.109,0.31,0.086,2283.69,2042.73,ECO_59
NECB,BOS,01109000,"Wading River (head of Threemile River) near Norton, MA",9.798933,122.5147,22.20,-2.82,13.67,8.46,113.4,18,132,54.4882,114,0.085,0.037,3.613,0.0805,0.41,0.088,3082.912,2720,ECO_59
NECB,BOS,01109595,"Middle River off Sutton Lane at Worcester, MA",8.291189,126.1626,21.08,-5.05,13.17,8.38,124.66,139,422,228.8679,283,0.112,0.047,4.934,0.1075,0.508,0.102,3288.45,2804.535,ECO_59
NECB,BOS,01110000,"Quinsigamond River at North Grafton, MA",8.645103,121.0024,21.44,-4.67,12.58,8.08,66.2,103,232,148.6134,129,0.114,0.05,4.6445,0.105,0.628,0.134,3423.525,2967.101,ECO_59
NECB,BOS,01112262,"Mill River at Summer Street near Blackstone, MA",9.24404,124.9934,21.86,-3.76,13.39,8.43,73.72,53,179,103.6854,126,0.125,0.057,4.69,0.109,0.741,0.187,3383.433,3075.743,ECO_59
NECB,BOS,01193340,"Blackledge River above Lyman Brook near North Westchester, CT",9.162451,136.2463,21.59,-3.70,14.11,8.88,49.21,59,273,172.1279,214,0.146,0.062,5.923,0.123,0.292,0.081,4346.061,2209.755,ECO_59
