DATE,TIME,INSTITUTION,TP,CHLA,LAT,LONG,YEAR,SEASON,DISTANCE
6/26/2008,,NOAA,27.28,1.74,41.7041,-83.386,2008,Early,0.08401
6/26/2008,,NOAA,245.25,51.2,41.7052,-83.3853,2008,Early,0.08482
6/26/2008,,NOAA,58.16,1.72,41.7623,-83.33,2008,Early,0.15443
6/26/2008,,NOAA,18.87,5.77,41.7625,-83.3286,2008,Early,0.15578
6/26/2008,,NOAA,36.64,2.45,41.7627,-83.3291,2008,Early,0.15541
6/26/2008,,NOAA,30.09,4.77,41.8265,-83.1934,2008,Early,0.30536
6/26/2008,,NOAA,71.25,2.22,41.8267,-83.1933,2008,Early,0.30554
6/26/2008,,NOAA,39.45,9.6,41.8339,-83.364,2008,Early,0.1734
6/26/2008,,NOAA,35.7,14.13,41.835,-83.3636,2008,Early,0.17452
6/26/2008,,NOAA,22.61,2.15,41.8435,-83.2657,2008,Early,0.25147
6/26/2008,,NOAA,21.67,1.54,41.8483,-83.221,2008,Early,0.29138
8/4/2008,,NOAA,27.15,7.44,41.7051,-83.4696,2008,Mid,0.0087
8/4/2008,,NOAA,52.14,4.64,41.7069,-83.3846,2008,Mid,0.08571
8/4/2008,,NOAA,23.45,2.9,41.7579,-83.3302,2008,Mid,0.15242
8/4/2008,,NOAA,38.25,12,41.7626,-83.3295,2008,Mid,0.15501
8/4/2008,,NOAA,22.52,2.53,41.7633,-83.3301,2008,Mid,0.15476
8/4/2008,,NOAA,29,4.92,41.8271,-83.1936,2008,Mid,0.30544
8/4/2008,,NOAA,40.11,5.24,41.8271,-83.1932,2008,Mid,0.3058
8/4/2008,,NOAA,28.07,5.52,41.8272,-83.1931,2008,Mid,0.30593
8/4/2008,,NOAA,18.82,4.72,41.8333,-83.364,2008,Mid,0.17293
8/4/2008,,NOAA,120.63,45,41.8379,-83.3647,2008,Mid,0.17618
9/3/2008,,NOAA,23.45,8.93,41.6315,-83.1521,2008,Late,0.32412
9/3/2008,,NOAA,101.19,66.27,41.707,-83.3833,2008,Late,0.08701
9/3/2008,,NOAA,56.77,58.8,41.7108,-83.3821,2008,Late,0.08874
9/3/2008,,NOAA,32.7,36.68,41.7394,-83.1144,2008,Late,0.35785
9/3/2008,,NOAA,227.99,175,41.7629,-83.3299,2008,Late,0.15477
9/3/2008,,NOAA,35.48,23.85,41.796,-83.1675,2008,Late,0.31815
9/3/2008,,NOAA,73.42,23.91,41.8262,-83.1951,2008,Late,0.30369
9/3/2008,,NOAA,188.19,98,41.8263,-83.1929,2008,Late,0.30573
9/3/2008,,NOAA,150.24,132.53,41.8263,-83.1929,2008,Late,0.30573
9/3/2008,,NOAA,60.47,36.31,41.8335,-83.3677,2008,Late,0.17085
9/3/2008,,NOAA,153.94,87.15,41.8364,-83.3648,2008,Late,0.17491
9/22/2008,,NOAA,188.19,69.09,41.7094,-83.3833,2008,Late,0.08733
9/22/2008,,NOAA,59.09,21.28,41.7096,-83.3799,2008,Late,0.09072
9/22/2008,,NOAA,63.77,20.69,41.7621,-83.3301,2008,Late,0.15425
9/22/2008,,NOAA,108.67,32.93,41.7633,-83.3303,2008,Late,0.15458
9/22/2008,,NOAA,62.83,20.83,41.7633,-83.3299,2008,Late,0.15494
9/22/2008,,NOAA,98.38,26.23,41.8252,-83.1939,2008,Late,0.30436
9/22/2008,,NOAA,50.67,23.35,41.827,-83.1944,2008,Late,0.30467
9/22/2008,,NOAA,232.15,92.26,41.8361,-83.3373,2008,Late,0.19244
9/22/2008,,NOAA,181.64,47.6,41.8382,-83.3638,2008,Late,0.17695
9/22/2008,,NOAA,25.41,18.52,41.8369,-83.3662,2008,Late,0.17448
7/1/2009,1007,NOAA,41.57,NA,41.4833,-82.6983,2009,Mid,0.80026
7/1/2009,942,NOAA,35.61,NA,41.5606,-82.9072,2009,Mid,0.57862
7/1/2009,1330,NOAA,13.9,NA,41.7085,-83.3827,2009,Mid,0.0878
7/1/2009,1430,NOAA,15.01,NA,41.7123,-83.3832,2009,Mid,0.08791
7/1/2009,1033,NOAA,13.93,NA,41.7556,-83.3222,2009,Mid,0.1589
7/1/2009,929,NOAA,42.65,NA,41.7619,-83.3287,2009,Mid,0.15543
7/1/2009,1439,NOAA,17.18,NA,41.8265,-83.1935,2009,Mid,0.30527
7/1/2009,954,NOAA,80.59,NA,41.827,-83.194,2009,Mid,0.30503
7/1/2009,1452,NOAA,25.15,NA,41.8346,-83.3647,2009,Mid,0.17354
7/1/2009,1046,NOAA,12.85,NA,41.8366,-83.3598,2009,Mid,0.17811
7/1/2009,1247,NOAA,29.1,NA,41.8389,-83.3629,2009,Mid,0.17805
7/7/2009,857,NOAA,12.3,1.64,41.7071,-83.385,2009,Mid,0.08533
7/7/2009,1414,NOAA,58.91,3.56,41.7542,-83.3191,2009,Mid,0.16127
7/7/2009,845,NOAA,25.31,11.25,41.7636,-83.3272,2009,Mid,0.15751
7/7/2009,1425,NOAA,31.82,20.1,41.8043,-83.2563,2009,Mid,0.23909
7/7/2009,1352,NOAA,17.18,0.47,41.8264,-83.1936,2009,Mid,0.30514
7/7/2009,1455,NOAA,34.52,2.08,41.8322,-83.1907,2009,Mid,0.31026
7/7/2009,927,NOAA,12.85,1.62,41.8382,-83.3639,2009,Mid,0.17689
7/7/2009,1429,NOAA,40.49,6.07,41.8589,-83.2632,2009,Mid,0.26274
7/7/2009,1028,NOAA,17.2,2.87,41.8774,-83.3783,2009,Mid,0.20275
7/7/2009,911,NOAA,13.93,1.82,41.8847,-83.3321,2009,Mid,0.23319
7/14/2009,939,NOAA,199.48,128.43,41.7061,-83.3846,2009,Mid,0.08561
7/14/2009,1314,NOAA,17.72,0,41.7173,-83.4217,2009,Mid,0.05231
7/14/2009,912,NOAA,15.56,0.55,41.7542,-83.3189,2009,Mid,0.16146
7/14/2009,1117,NOAA,19.9,0.74,41.7631,-83.4021,2009,Mid,0.09494
7/14/2009,1327,NOAA,16.64,3.06,41.7636,-83.4025,2009,Mid,0.095
7/14/2009,827,NOAA,23.69,4.47,41.8037,-83.2541,2009,Mid,0.24079
7/14/2009,924,NOAA,20.43,10.01,41.8337,-83.3635,2009,Mid,0.17355
7/14/2009,848,NOAA,22.06,6.47,41.8337,-83.1908,2009,Mid,0.31083
7/14/2009,1143,NOAA,18.8,3,41.8342,-83.3639,2009,Mid,0.1737
7/14/2009,1305,NOAA,9.59,1.37,41.852,-83.3313,2009,Mid,0.20822
7/14/2009,950,NOAA,62.71,28.49,41.8582,-83.2686,2009,Mid,0.25808
7/21/2009,1112,NOAA,5.88,0.35,41.636,-83.1065,2009,Mid,0.36815
7/21/2009,1057,NOAA,9.41,0.59,41.6766,-83.2198,2009,Mid,0.25064
7/21/2009,901,NOAA,56.88,28.99,41.6909,-83.1257,2009,Mid,0.344
7/21/2009,1536,NOAA,35.67,11.72,41.7176,-83.4222,2009,Mid,0.05198
7/21/2009,843,NOAA,39.71,20.15,41.8407,-83.3591,2009,Mid,0.18178
7/21/2009,1015,NOAA,93.75,53.27,41.8588,-83.3212,2009,Mid,0.22003
7/21/2009,800,NOAA,28.6,1.64,41.8807,-83.2795,2009,Mid,0.26481
7/21/2009,1015,NOAA,18,1.45,41.905,-83.2437,2009,Mid,0.30752
7/21/2009,1031,NOAA,1.84,21.67,41.9127,-83.1077,2009,Mid,0.42166
7/21/2009,953,NOAA,27.09,19.15,41.918,-83.2772,2009,Mid,0.29351
7/21/2009,1521,NOAA,16.99,5.65,41.9489,-83.1579,2009,Mid,0.40118
7/22/2009,847,NOAA,25.57,7.61,41.6966,-83.1548,2009,Mid,0.31486
7/22/2009,906,NOAA,24.56,9.45,41.7429,-83.1499,2009,Mid,0.32312
7/22/2009,920,NOAA,86.68,36.08,41.7471,-83.2076,2009,Mid,0.26692
7/22/2009,929,NOAA,72.03,47.58,41.79,-83.1495,2009,Mid,0.33356
7/22/2009,1000,NOAA,20.02,5.36,41.846,-83.1505,2009,Mid,0.35248
7/22/2009,1010,NOAA,8.4,2.25,41.8951,-83.1501,2009,Mid,0.3763
7/22/2009,940,NOAA,21.53,15.45,41.9206,-83.2055,2009,Mid,0.34647
7/22/2009,1030,NOAA,18,7.39,41.9466,-83.1505,2009,Mid,0.40554
8/3/2009,1239,NOAA,23.55,3.9,41.6309,-83.0992,2009,Mid,0.37621
8/3/2009,1135,NOAA,22.54,0.87,41.6972,-83.6024,2009,Mid,0.13274
8/3/2009,1254,NOAA,25.07,9.34,41.7124,-83.206,2009,Mid,0.26414
8/3/2009,1221,NOAA,14.46,4.23,41.7567,-83.0534,2009,Mid,0.4206
8/3/2009,1307,NOAA,46.28,23.38,41.7609,-83.2644,2009,Mid,0.21515
8/3/2009,1100,NOAA,29.1,0.86,41.7652,-83.3038,2009,Mid,0.17956
8/3/2009,1205,NOAA,47.79,38.25,41.7869,-83.3061,2009,Mid,0.18693
8/3/2009,1151,NOAA,36.68,37.98,41.8144,-82.876,2009,Mid,0.60527
8/3/2009,1140,NOAA,63.45,12.75,41.8601,-83.2172,2009,Mid,0.30089
8/3/2009,1040,NOAA,23.05,5.05,41.8861,-82.8737,2009,Mid,0.62542
8/3/2009,1126,NOAA,25.07,5.36,41.9042,-82.6504,2009,Mid,0.8452
8/11/2009,1118,NOAA,NA,24.26,41.6387,-83.1016,2009,Mid,0.37256
8/11/2009,1433,NOAA,NA,21.95,41.7208,-83.2361,2009,Mid,0.23483
8/11/2009,1127,NOAA,NA,22.94,41.7224,-82.9705,2009,Mid,0.49984
8/11/2009,1212,NOAA,NA,0.59,41.7512,-83.1572,2009,Mid,0.31723
8/11/2009,1450,NOAA,NA,17.41,41.7519,-83.0914,2009,Mid,0.38231
8/11/2009,1420,NOAA,NA,22.88,41.7725,-82.8995,2009,Mid,0.57522
8/11/2009,1510,NOAA,NA,12.35,41.8057,-83.1692,2009,Mid,0.31972
8/11/2009,1245,NOAA,NA,4.18,41.8369,-83.2091,2009,Mid,0.29602
8/11/2009,1105,NOAA,NA,16.5,41.8585,-83.2835,2009,Mid,0.24684
8/11/2009,1500,NOAA,NA,57.61,41.9104,-83.2746,2009,Mid,0.28956
8/19/2009,1133,NOAA,NA,12.05,41.5449,-82.9294,2009,Mid,0.5611
8/19/2009,1140,NOAA,NA,19.7,41.5801,-82.865,2009,Mid,0.61574
8/19/2009,1210,NOAA,NA,28.96,41.6058,-82.8042,2009,Mid,0.6716
8/19/2009,1045,NOAA,NA,23.94,41.608,-82.9054,2009,Mid,0.57114
8/19/2009,1155,NOAA,NA,4.74,41.6447,-82.8967,2009,Mid,0.57529
8/19/2009,1220,NOAA,NA,18.91,41.6546,-82.8194,2009,Mid,0.6516
8/19/2009,1240,NOAA,NA,16.6,41.6627,-82.7585,2009,Mid,0.71196
8/19/2009,1114,NOAA,NA,18.28,41.6721,-83.0368,2009,Mid,0.43354
8/19/2009,1300,NOAA,NA,3.5,41.6895,-82.9065,2009,Mid,0.5632
8/19/2009,1030,NOAA,NA,11.95,41.6915,-82.7448,2009,Mid,0.72488
8/19/2009,1209,NOAA,NA,3.4,41.7304,-82.9683,2009,Mid,0.50251
8/26/2009,1053,NOAA,27.09,11.83,41.593,-82.2118,2009,Mid,1.2621
8/26/2009,1126,NOAA,37.19,19.31,41.6752,-82.7274,2009,Mid,0.74256
8/26/2009,1007,NOAA,64.46,29.43,41.6932,-82.1318,2009,Mid,1.33786
8/26/2009,1108,NOAA,28.1,9.19,41.7419,-82.639,2009,Mid,0.8319
8/26/2009,953,NOAA,124.51,40.1,41.7537,-83.3188,2009,Mid,0.16137
8/26/2009,909,NOAA,50.82,19.02,41.81,-82.3946,2009,Mid,1.08104
8/26/2009,1130,NOAA,24.6,0.06,41.8339,-83.1914,2009,Mid,0.31038
8/26/2009,933,NOAA,23.05,5.45,41.8556,-82.5321,2009,Mid,0.95098
8/26/2009,1208,NOAA,19.5,0.64,41.8595,-83.2638,2009,Mid,0.26264
8/26/2009,1459,NOAA,54.86,18.07,41.8846,-82.7455,2009,Mid,0.74821
8/26/2009,854,NOAA,40.72,17.53,41.8855,-83.3331,2009,Mid,0.23325
9/1/2009,,NOAA,NA,3.88,41.7044,-83.386,2009,Late,0.08404
9/1/2009,1114,NOAA,NA,19.5,41.7045,-83.3862,2009,Late,0.08385
9/1/2009,1101,NOAA,NA,18.7,41.7177,-83.4238,2009,Late,0.05056
9/1/2009,1153,NOAA,NA,12.28,41.7535,-83.3191,2009,Late,0.16102
9/1/2009,1018,NOAA,NA,6.64,41.7642,-83.4025,2009,Late,0.09543
9/1/2009,1007,NOAA,NA,9.94,41.8044,-83.256,2009,Late,0.2394
9/1/2009,,NOAA,NA,4.69,41.8045,-83.2565,2009,Late,0.239
9/1/2009,1140,NOAA,NA,28.11,41.8337,-83.191,2009,Late,0.31065
9/1/2009,1048,NOAA,NA,5.79,41.8346,-83.3636,2009,Late,0.1742
9/1/2009,957,NOAA,NA,14.28,41.8595,-83.2417,2009,Late,0.2803
9/1/2009,1130,NOAA,NA,30.47,41.8855,-83.3189,2009,Late,0.24184
9/8/2009,1208,NOAA,57.39,7.95,41.6687,-83.363,2009,Late,0.1102
9/8/2009,1113,NOAA,23.05,3.68,41.7175,-83.4247,2009,Late,0.04966
9/8/2009,1151,NOAA,22.04,4.41,41.7538,-83.3194,2009,Late,0.16085
9/8/2009,1055,NOAA,39.21,8.36,41.7649,-83.4025,2009,Late,0.09593
9/8/2009,1238,NOAA,99.3,36.05,41.805,-83.2554,2009,Late,0.24021
9/8/2009,1253,NOAA,70.01,12.03,41.8339,-83.1919,2009,Late,0.30993
9/8/2009,1223,NOAA,82.13,9.65,41.8609,-83.2683,2009,Late,0.26001
9/8/2009,1135,NOAA,16.48,1.9,41.8854,-83.3195,2009,Late,0.24139
9/14/2009,1547,NOAA,26.08,15.85,41.7056,-83.3862,2009,Late,0.08397
9/14/2009,1608,NOAA,15.98,5.72,41.7177,-83.4236,2009,Late,0.05074
9/14/2009,1645,NOAA,60.42,25.2,41.7537,-83.3188,2009,Late,0.16137
9/14/2009,1632,NOAA,79.1,35.75,41.7641,-83.4032,2009,Late,0.09487
9/14/2009,1655,NOAA,92.23,19.07,41.8043,-83.2563,2009,Late,0.23909
9/14/2009,1536,NOAA,34.66,26.75,41.834,-83.191,2009,Late,0.31078
9/14/2009,1558,NOAA,18.5,12.04,41.835,-83.3636,2009,Late,0.17452
9/14/2009,1707,NOAA,66.98,26.27,41.8599,-83.2644,2009,Late,0.26242
9/14/2009,1619,NOAA,47.29,28.33,41.885,-83.3183,2009,Late,0.24182
9/22/2009,,NOAA,34.16,3.06,41.7649,-82.4013,2009,Late,1.07055
9/22/2009,1450,NOAA,35.17,11.31,41.7048,-83.3853,2009,Late,0.08478
9/22/2009,,NOAA,380.15,38.83,41.7049,-83.3852,2009,Late,0.08489
9/22/2009,1530,NOAA,25.57,10.23,41.7168,-83.3631,2009,Late,0.10849
9/22/2009,1643,NOAA,50.32,17.03,41.7541,-83.3188,2009,Late,0.16152
9/22/2009,1630,NOAA,87.69,27.75,41.7633,-83.4005,2009,Late,0.09622
9/22/2009,1657,NOAA,32.14,13.06,41.8044,-83.2557,2009,Late,0.23967
9/22/2009,1417,NOAA,33.65,10.88,41.834,-83.1913,2009,Late,0.31051
9/22/2009,1510,NOAA,24.56,10.07,41.8349,-83.3631,2009,Late,0.17475
9/22/2009,1723,NOAA,42.24,27.3,41.8594,-83.2637,2009,Late,0.26265
9/22/2009,1554,NOAA,81.12,14.46,41.8862,-83.3185,2009,Late,0.24264
10/1/2009,1433,NOAA,54.86,5.51,41.7509,-83.4239,2009,Late,0.07116
10/1/2009,1525,NOAA,56.88,6.21,41.7538,-83.3184,2009,Late,0.16178
10/1/2009,1550,NOAA,117.55,92.49,41.8046,-83.2569,2009,Late,0.23869
10/1/2009,1337,NOAA,36.18,1.52,41.8179,-83.2259,2009,Late,0.27236
10/1/2009,1205,NOAA,33.65,3.85,41.8339,-83.1917,2009,Late,0.31011
10/1/2009,1235,NOAA,32.64,3.07,41.8347,-83.3638,2009,Late,0.17416
10/1/2009,1305,NOAA,35.17,1.75,41.8412,-83.3723,2009,Late,0.17448
10/1/2009,1623,NOAA,110.92,75.59,41.8597,-83.2638,2009,Late,0.26276
10/1/2009,1401,NOAA,38.7,1.98,41.8858,-83.3179,2009,Late,0.2427
5/10/2010,,ODNR,NA,2.74,41.4493,-82.6198,2010,Early,0.88506
5/10/2010,,ODNR,NA,3.89,41.5275,-82.601,2010,Early,0.88493
5/10/2010,,ODNR,NA,1.87,41.571,-82.7708,2010,Early,0.71002
5/10/2010,,ODNR,NA,0,41.6345,-82.7635,2010,Early,0.70887
5/10/2010,,ODNR,48.9,1.3,41.7022,-83.2478,2010,Early,0.22194
5/10/2010,,ODNR,NA,6.78,41.768,-83.3012,2010,Early,0.18304
5/10/2010,,ODNR,43.6,5.48,41.8393,-83.055,2010,Early,0.43859
5/10/2010,,ODNR,NA,0,41.8478,-83.136,2010,Early,0.3664
5/20/2010,,ODNR,NA,11.68,41.4493,-82.6198,2010,Early,0.88506
5/20/2010,,ODNR,NA,1.73,41.5275,-82.601,2010,Early,0.88493
5/20/2010,,ODNR,NA,1.3,41.571,-82.7708,2010,Early,0.71002
5/20/2010,,ODNR,NA,7.21,41.6345,-82.7635,2010,Early,0.70887
5/20/2010,12:32,Toledo,231.7,7.21,41.7154,-83.4554,2010,Early,0.02375
5/20/2010,13:01,Toledo,121.4,3.03,41.7336,-83.2962,2010,Early,0.1774
5/20/2010,12:07,Toledo,141.8,38.67,41.7425,-83.4021,2010,Early,0.08179
5/20/2010,10:28,Toledo,91,4.15,41.7507,-83.1032,2010,Early,0.37046
5/20/2010,11:35,Toledo,173.4,6.01,41.7889,-83.3567,2010,Early,0.146
5/20/2010,11:00,Toledo,71.9,3.5,41.8212,-83.1861,2010,Early,0.30981
5/24/2010,,ODNR,87.5,2.16,41.7022,-83.2478,2010,Early,0.22194
5/24/2010,,ODNR,NA,6.2,41.768,-83.3012,2010,Early,0.18304
5/24/2010,,ODNR,35,6.06,41.8393,-83.055,2010,Early,0.43859
5/24/2010,,ODNR,NA,6.06,41.8478,-83.136,2010,Early,0.3664
5/26/2010,12:28,Toledo,219.5,NA,41.7422,-83.4022,2010,Early,0.08154
6/3/2010,,ODNR,NA,10.08,41.4493,-82.6198,2010,Early,0.88506
6/3/2010,,ODNR,NA,4.78,41.5275,-82.601,2010,Early,0.88493
6/3/2010,,ODNR,NA,1.4,41.571,-82.7708,2010,Early,0.71002
6/3/2010,,ODNR,NA,4.73,41.6345,-82.7635,2010,Early,0.70887
6/3/2010,,ODNR,70.8,12.26,41.7022,-83.2478,2010,Early,0.22194
6/3/2010,,ODNR,NA,7.17,41.768,-83.3012,2010,Early,0.18304
6/3/2010,,ODNR,20.6,2.15,41.8393,-83.055,2010,Early,0.43859
6/3/2010,,ODNR,NA,2.31,41.8478,-83.136,2010,Early,0.3664
6/4/2010,11:52,Toledo,159.5,36.84,41.715,-83.456,2010,Early,0.02307
6/4/2010,12:23,Toledo,96.1,5.49,41.7333,-83.2976,2010,Early,0.17597
6/4/2010,11:07,Toledo,130.8,5.46,41.7421,-83.4027,2010,Early,0.08107
6/4/2010,9:38,Toledo,45.2,6.66,41.7504,-83.1039,2010,Early,0.36972
6/4/2010,10:46,Toledo,53.3,9.51,41.7891,-83.3565,2010,Early,0.14628
6/4/2010,10:11,Toledo,21.1,5.12,41.8215,-83.186,2010,Early,0.31002
6/8/2010,1305,NOAA,17.05,13.24,41.5927,-82.7091,2010,Early,0.7676
6/8/2010,1229,NOAA,126.8,2.06,41.6452,-82.8108,2010,Early,0.66085
6/8/2010,13:48,NOAA,34.15,27.59,41.7051,-83.3864,2010,Early,0.08371
6/8/2010,1321,NOAA,16.73,9.36,41.7177,-83.4227,2010,Early,0.05156
6/8/2010,12:44,NOAA,42.7,16.68,41.7639,-83.4026,2010,Early,0.09515
6/8/2010,1128,NOAA,40.06,8.26,41.8041,-83.2557,2010,Early,0.23954
6/8/2010,1336,NOAA,19.56,19.7,41.8349,-83.3617,2010,Early,0.1756
6/8/2010,1211,NOAA,187.15,8.9,41.8591,-83.2636,2010,Early,0.26255
6/8/2010,1144,NOAA,63.05,9.95,41.8849,-83.3181,2010,Early,0.24187
6/14/2010,,ODNR,NA,33.13,41.4493,-82.6198,2010,Early,0.88506
6/14/2010,,ODNR,NA,14.66,41.5275,-82.601,2010,Early,0.88493
6/14/2010,,ODNR,NA,14.82,41.571,-82.7708,2010,Early,0.71002
6/14/2010,,ODNR,NA,14.23,41.6345,-82.7635,2010,Early,0.70887
6/14/2010,1401,NOAA,161.27,5.53,41.7178,-83.4239,2010,Early,0.05052
6/14/2010,1442,NOAA,66.18,89.56,41.7534,-83.3184,2010,Early,0.16164
6/14/2010,1304,NOAA,32.89,43.41,41.7535,-83.319,2010,Early,0.16112
6/14/2010,1320,NOAA,16.91,12.63,41.7639,-83.4025,2010,Early,0.09522
6/14/2010,1345,NOAA,43.01,63.51,41.8041,-83.319,2010,Early,0.18519
6/14/2010,1247,NOAA,21.75,21.66,41.8334,-83.1925,2010,Early,0.30917
6/14/2010,1332,NOAA,42.42,34.78,41.8345,-83.3624,2010,Early,0.17486
6/14/2010,1414,NOAA,227.25,48.76,41.8593,-83.2638,2010,Early,0.26251
6/14/2010,1425,NOAA,65.88,22.65,41.8852,-83.3183,2010,Early,0.24198
6/17/2010,,ODNR,76.6,18.82,41.7022,-83.2478,2010,Early,0.22194
6/17/2010,10:46,Toledo,47.8,NA,41.7336,-83.2962,2010,Early,0.1774
6/17/2010,,ODNR,NA,3.15,41.768,-83.3012,2010,Early,0.18304
6/17/2010,,ODNR,38.1,4.89,41.8393,-83.055,2010,Early,0.43859
6/17/2010,,ODNR,NA,5.21,41.8478,-83.136,2010,Early,0.3664
6/21/2010,1223,NOAA,218.87,14.27,41.5625,-82.8692,2010,Early,0.61521
6/21/2010,1301,NOAA,55.15,8.05,41.5625,-82.9144,2010,Early,0.57118
6/21/2010,1239,NOAA,73.57,24.74,41.591,-82.9144,2010,Early,0.56518
6/21/2010,1102,NOAA,21.05,20.09,41.7042,-83.3859,2010,Early,0.08412
6/21/2010,1204,NOAA,121.59,65.23,41.7176,-83.4244,2010,Early,0.04998
6/21/2010,11:40,Toledo,91,23.99,41.7425,-83.4027,2010,Early,0.08129
6/21/2010,10:36,Toledo,51.6,8.41,41.7504,-83.1039,2010,Early,0.36972
6/21/2010,1118,NOAA,15.43,20.62,41.7631,-83.4017,2010,Early,0.09522
6/21/2010,1150,NOAA,26.23,6.2,41.8042,-83.2562,2010,Early,0.23913
6/21/2010,1151,NOAA,72.85,12.87,41.8042,-83.2562,2010,Early,0.23913
6/21/2010,1133,NOAA,17.02,20.66,41.8188,-83.3623,2010,Early,0.16281
6/25/2010,12:39,Toledo,209.7,55.66,41.7155,-83.4564,2010,Early,0.02325
6/25/2010,13:14,Toledo,54.9,14.11,41.7333,-83.296,2010,Early,0.17754
6/25/2010,11:58,Toledo,60.1,36.74,41.7425,-83.4016,2010,Early,0.0822
6/25/2010,10:05,Toledo,46,7.21,41.75,-83.1036,2010,Early,0.36996
6/25/2010,11:32,Toledo,24.8,4.3,41.7888,-83.3566,2010,Early,0.14601
6/25/2010,10:57,Toledo,23.6,8.31,41.8209,-83.1861,2010,Early,0.30969
6/28/2010,1023,NOAA,107.45,27.3,41.5906,-82.8444,2010,Early,0.63415
6/28/2010,1037,NOAA,31.45,4.64,41.7062,-83.3865,2010,Early,0.08373
6/28/2010,1223,NOAA,37.89,29.03,41.7062,-83.3865,2010,Early,0.08373
6/28/2010,1236,NOAA,43.19,5.24,41.7639,-83.4152,2010,Early,0.08673
6/28/2010,1153,NOAA,137.25,54.38,41.8046,-83.2557,2010,Early,0.23976
6/28/2010,1109,NOAA,16.69,5.86,41.8338,-83.1907,2010,Early,0.31096
6/28/2010,1209,NOAA,134.38,76.92,41.8347,-83.3639,2010,Early,0.1741
6/28/2010,1052,NOAA,17.69,7.56,41.8589,-83.2645,2010,Early,0.26172
6/28/2010,1132,NOAA,93.69,86.23,41.8852,-83.3191,2010,Early,0.24148
7/1/2010,,ODNR,NA,12.79,41.4493,-82.6198,2010,Mid,0.88506
7/1/2010,,ODNR,NA,2.54,41.5275,-82.601,2010,Mid,0.88493
7/1/2010,,ODNR,NA,2.87,41.571,-82.7708,2010,Mid,0.71002
7/1/2010,,ODNR,NA,1.75,41.6345,-82.7635,2010,Mid,0.70887
7/1/2010,,ODNR,52.5,6.53,41.7022,-83.2478,2010,Mid,0.22194
7/1/2010,,ODNR,NA,5.35,41.768,-83.3012,2010,Mid,0.18304
7/1/2010,,ODNR,32.1,3.91,41.8393,-83.055,2010,Mid,0.43859
7/1/2010,,ODNR,NA,3.75,41.8478,-83.136,2010,Mid,0.3664
7/6/2010,1213,NOAA,15.44,9.26,41.5819,-82.9313,2010,Mid,0.5504
7/6/2010,1250,NOAA,91.76,22.93,41.5933,-83.0106,2010,Mid,0.4705
7/6/2010,1144,NOAA,14.83,8.23,41.598,-82.8301,2010,Mid,0.64709
7/6/2010,1135,NOAA,23.48,16.67,41.6124,-82.9436,2010,Mid,0.53272
7/6/2010,1119,NOAA,27.58,37.11,41.7177,-83.424,2010,Mid,0.05038
7/6/2010,1103,NOAA,17.26,9.22,41.7544,-83.3165,2010,Mid,0.16377
7/6/2010,1200,NOAA,65.21,76.44,41.806,-83.2544,2010,Mid,0.24155
7/6/2010,1052,NOAA,25.3,10.98,41.8333,-83.1916,2010,Mid,0.30993
7/6/2010,1303,NOAA,82.51,38.33,41.8599,-83.2674,2010,Mid,0.26008
7/6/2010,1323,NOAA,23.78,16.42,41.8855,-83.319,2010,Mid,0.24178
7/6/2010,1228,NOAA,37.9,50.11,41.6245,-82.9924,2010,Mid,0.48265
7/8/2010,11:58,Toledo,120.5,79.7,41.7156,-83.4549,2010,Mid,0.02421
7/8/2010,12:44,Toledo,38.5,66.89,41.7334,-83.297,2010,Mid,0.17658
7/8/2010,11:21,Toledo,68.1,24.43,41.7421,-83.4014,2010,Mid,0.08214
7/8/2010,10:06,Toledo,31.4,9.93,41.7507,-83.1034,2010,Mid,0.37026
7/8/2010,11:02,Toledo,24.3,3.46,41.7887,-83.3561,2010,Mid,0.14634
7/8/2010,10:32,Toledo,18.8,7.26,41.8202,-83.1848,2010,Mid,0.3106
7/12/2010,1128,NOAA,26.23,13.52,41.7045,-83.386,2010,Mid,0.08405
7/12/2010,1321,NOAA,0,0.07,41.7047,-83.3858,2010,Mid,0.08427
7/12/2010,1157,NOAA,13.32,5.71,41.7175,-83.4318,2010,Mid,0.04334
7/12/2010,1622,NOAA,71.66,19,41.754,-83.2849,2010,Mid,0.19353
7/12/2010,1602,NOAA,19.85,7.8,41.764,-83.4017,2010,Mid,0.09585
7/12/2010,1413,NOAA,NA,NA,41.765,-83.4031,2010,Mid,0.09558
7/12/2010,1632,NOAA,71.95,75.58,41.8065,-83.2549,2010,Mid,0.24134
7/12/2010,1652,NOAA,31.6,11.56,41.8341,-83.1899,2010,Mid,0.31181
7/12/2010,1105,NOAA,24.64,7.74,41.8341,-83.1899,2010,Mid,0.31181
7/12/2010,1142,NOAA,15.49,6.78,41.8347,-83.3626,2010,Mid,0.17489
7/12/2010,1545,NOAA,16.37,13.04,41.885,-83.319,2010,Mid,0.24139
7/14/2010,,ODNR,NA,8.18,41.4493,-82.6198,2010,Mid,0.88506
7/14/2010,,ODNR,NA,2.49,41.5275,-82.601,2010,Mid,0.88493
7/14/2010,,ODNR,NA,5.19,41.571,-82.7708,2010,Mid,0.71002
7/14/2010,,ODNR,NA,10.13,41.6345,-82.7635,2010,Mid,0.70887
7/14/2010,,ODNR,38.5,6.71,41.7022,-83.2478,2010,Mid,0.22194
7/14/2010,,ODNR,NA,9.43,41.768,-83.3012,2010,Mid,0.18304
7/14/2010,,ODNR,33.1,NA,41.8393,-83.055,2010,Mid,0.43859
7/14/2010,,ODNR,NA,9.47,41.8478,-83.136,2010,Mid,0.3664
7/15/2010,10:42,Toledo,54,9.11,41.7412,-83.4008,2010,Mid,0.08215
7/15/2010,9:35,Toledo,29,10.4,41.7507,-83.1034,2010,Mid,0.37026
7/19/2010,1224,NOAA,27.83,25.73,41.7179,-83.4228,2010,Mid,0.05156
7/19/2010,1157,NOAA,30.42,14.28,41.7762,-83.3519,2010,Mid,0.14225
7/19/2010,1209,NOAA,23.32,15,41.7845,-83.2507,2010,Mid,0.23602
7/19/2010,1143,NOAA,20.25,10.19,41.786,-83.2687,2010,Mid,0.22003
7/19/2010,1311,NOAA,63.72,20.27,41.8048,-83.2557,2010,Mid,0.23985
7/19/2010,1130,NOAA,27.26,15,41.8335,-83.3608,2010,Mid,0.17506
7/19/2010,1110,NOAA,19.29,6.96,41.8337,-83.1911,2010,Mid,0.31056
7/19/2010,1258,NOAA,68.72,4.84,41.8847,-83.3178,2010,Mid,0.2419
7/19/2010,1326,NOAA,19.77,10.09,41.8912,-83.2772,2010,Mid,0.27384
7/22/2010,13:16,Toledo,104.5,49.12,41.7153,-83.4553,2010,Mid,0.02373
7/22/2010,13:53,Toledo,29.2,31.72,41.7331,-83.2973,2010,Mid,0.17622
7/22/2010,12:54,Toledo,32.7,22.18,41.7421,-83.4016,2010,Mid,0.08198
7/22/2010,10:25,Toledo,27.8,12.62,41.7501,-83.104,2010,Mid,0.36958
7/22/2010,12:04,Toledo,32.5,36.63,41.789,-83.3555,2010,Mid,0.14699
7/22/2010,11:12,Toledo,23.3,14.97,41.8207,-83.1856,2010,Mid,0.31006
7/26/2010,,ODNR,NA,9.61,41.4493,-82.6198,2010,Mid,0.88506
7/26/2010,,ODNR,NA,3.84,41.5275,-82.601,2010,Mid,0.88493
7/26/2010,,ODNR,NA,12.39,41.571,-82.7708,2010,Mid,0.71002
7/26/2010,,ODNR,NA,3.95,41.6345,-82.7635,2010,Mid,0.70887
7/26/2010,1420,NOAA,81.61,12.33,41.6386,-83.2562,2010,Mid,0.22115
7/26/2010,,ODNR,56.1,NA,41.7022,-83.2478,2010,Mid,0.22194
7/26/2010,1450,NOAA,49.51,13.78,41.7045,-83.3862,2010,Mid,0.08385
7/26/2010,1118,NOAA,18.66,59.24,41.7538,-83.3186,2010,Mid,0.1616
7/26/2010,1100,NOAA,40.42,65.31,41.7624,-83.4029,2010,Mid,0.09387
7/26/2010,1108,NOAA,28.05,49.81,41.8334,-83.3635,2010,Mid,0.17331
7/26/2010,1143,NOAA,23.67,16.51,41.8335,-83.1912,2010,Mid,0.31038
7/26/2010,1431,NOAA,90.29,24.07,41.8345,-83.3644,2010,Mid,0.17364
7/26/2010,,ODNR,61.7,NA,41.8393,-83.055,2010,Mid,0.43859
7/26/2010,1143,NOAA,21.48,46.49,41.8515,-83.2637,2010,Mid,0.25783
7/26/2010,1400,NOAA,58.9,49.62,41.8849,-83.3644,2010,Mid,0.21589
7/28/2010,,ODNR,NA,8.08,41.768,-83.3012,2010,Mid,0.18304
7/28/2010,,ODNR,NA,6.28,41.8393,-83.055,2010,Mid,0.43859
7/28/2010,,ODNR,NA,4.63,41.8478,-83.136,2010,Mid,0.3664
8/2/2010,1109,NOAA,47.16,47.17,41.5908,-82.8529,2010,Mid,0.62574
8/2/2010,1611,NOAA,74.88,50.86,41.7047,-83.3871,2010,Mid,0.08298
8/2/2010,1119,NOAA,31.81,23.92,41.7537,-83.3184,2010,Mid,0.16175
8/2/2010,1052,NOAA,55.61,57.48,41.764,-83.4023,2010,Mid,0.09543
8/2/2010,1553,NOAA,66.73,48.15,41.8104,-83.2558,2010,Mid,0.24235
8/2/2010,1141,NOAA,22.26,16.91,41.8337,-83.1918,2010,Mid,0.30993
8/2/2010,1553,NOAA,31.34,16.91,41.834,-83.3635,2010,Mid,0.17379
8/2/2010,1601,NOAA,120.4,118.65,41.834,-83.3635,2010,Mid,0.17379
8/2/2010,1130,NOAA,26.33,18,41.8594,-83.2636,2010,Mid,0.26273
8/9/2010,854,NOAA,26.08,9.69,41.7041,-83.3846,2010,Mid,0.08541
8/9/2010,832,NOAA,30.51,17.09,41.7176,-83.4235,2010,Mid,0.05079
8/9/2010,9:39,NOAA,39.55,14.36,41.7532,-83.2139,2010,Mid,0.26199
8/9/2010,801,NOAA,30.17,24.24,41.764,-83.4151,2010,Mid,0.08687
8/9/2010,750,NOAA,59.51,37.94,41.8056,-83.255,2010,Mid,0.24084
8/9/2010,9:21,NOAA,96.27,75.23,41.8331,-83.2037,2010,Mid,0.29903
8/9/2010,813,NOAA,35.46,21.99,41.8353,-83.3613,2010,Mid,0.17616
8/9/2010,7:37,NOAA,40.24,20.32,41.8604,-83.3184,2010,Mid,0.2231
8/9/2010,916,NOAA,97.87,78.74,41.8848,-83.3184,2010,Mid,0.2416
8/10/2010,13:21,Toledo,130.4,12.7,41.7158,-83.4556,2010,Mid,0.02396
8/10/2010,14:05,Toledo,31.1,7.84,41.7335,-83.2975,2010,Mid,0.17611
8/10/2010,12:43,Toledo,37.4,2.61,41.7426,-83.4028,2010,Mid,0.08127
8/10/2010,9:45,Toledo,21.7,6.27,41.7501,-83.1037,2010,Mid,0.36988
8/10/2010,11:56,Toledo,31.4,3.29,41.79,-83.3568,2010,Mid,0.14662
8/10/2010,10:54,Toledo,25.2,4.76,41.8207,-83.1854,2010,Mid,0.31025
8/11/2010,,ODNR,NA,4.38,41.4493,-82.6198,2010,Mid,0.88506
8/11/2010,,ODNR,NA,2.01,41.5275,-82.601,2010,Mid,0.88493
8/11/2010,,ODNR,NA,9.48,41.571,-82.7708,2010,Mid,0.71002
8/11/2010,,ODNR,NA,6.38,41.6345,-82.7635,2010,Mid,0.70887
8/11/2010,,ODNR,33,8.64,41.7022,-83.2478,2010,Mid,0.22194
8/11/2010,,ODNR,NA,8.5,41.768,-83.3012,2010,Mid,0.18304
8/11/2010,,ODNR,28.2,4.94,41.8393,-83.055,2010,Mid,0.43859
8/11/2010,,ODNR,NA,14.87,41.8478,-83.136,2010,Mid,0.3664
8/16/2010,13:34,NOAA,NA,18.69,41.7045,-83.3853,2010,Mid,0.08475
8/16/2010,13:12,NOAA,44.66,19.36,41.7047,-83.3851,2010,Mid,0.08497
8/16/2010,12:25,NOAA,40.02,30.43,41.7177,-83.4237,2010,Mid,0.05065
8/16/2010,14:21,NOAA,60,27.17,41.7538,-83.3187,2010,Mid,0.1615
8/16/2010,11:44,NOAA,32.08,31.12,41.7641,-83.3917,2010,Mid,0.10325
8/16/2010,12:52,NOAA,NA,25.05,41.7647,-83.402,2010,Mid,0.09614
8/16/2010,11:27,NOAA,46.53,29.02,41.8041,-83.2485,2010,Mid,0.24599
8/16/2010,12:40,NOAA,0,24.4,41.805,-83.255,2010,Mid,0.24057
8/16/2010,14:08,NOAA,118.89,50.32,41.8336,-83.1918,2010,Mid,0.30989
8/16/2010,12:00,NOAA,19.94,12.79,41.8339,-83.3645,2010,Mid,0.1731
8/16/2010,11:05,NOAA,50.29,24.82,41.8583,-83.2505,2010,Mid,0.27247
8/16/2010,13:56,NOAA,127.94,52.16,41.8851,-83.3188,2010,Mid,0.24159
8/23/2010,11:19,NOAA,50.15,38.07,41.7182,-83.4226,2010,Mid,0.05186
8/23/2010,11:52,NOAA,38.86,24.82,41.7534,-83.3862,2010,Mid,0.10106
8/23/2010,11:07,NOAA,54.15,34.23,41.8335,-83.3641,2010,Mid,0.17303
8/23/2010,10:44,NOAA,57.67,24.34,41.8606,-83.2638,2010,Mid,0.26332
8/23/2010,11:38,NOAA,34.13,26,41.8853,-83.3186,2010,Mid,0.24187
8/25/2010,,ODNR,333.1,3.39,41.7022,-83.2478,2010,Mid,0.22194
8/25/2010,,ODNR,NA,12.61,41.768,-83.3012,2010,Mid,0.18304
8/25/2010,,ODNR,43.6,6.64,41.8393,-83.055,2010,Mid,0.43859
8/25/2010,,ODNR,NA,5.94,41.8478,-83.136,2010,Mid,0.3664
8/27/2010,12:39,Toledo,194.1,11.5,41.7156,-83.4556,2010,Mid,0.02379
8/27/2010,13:10,Toledo,56.4,6.01,41.7335,-83.2975,2010,Mid,0.17611
8/27/2010,11:31,Toledo,66.3,6.69,41.7423,-83.4019,2010,Mid,0.08184
8/27/2010,9:31,Toledo,24.5,4.76,41.7502,-83.1031,2010,Mid,0.37049
8/27/2010,11:03,Toledo,54,7.58,41.789,-83.3555,2010,Mid,0.14699
8/27/2010,10:16,Toledo,17.1,5.54,41.821,-83.1853,2010,Mid,0.31046
8/30/2010,,ODNR,NA,8.6,41.4493,-82.6198,2010,Mid,0.88506
8/30/2010,,ODNR,NA,9.61,41.5275,-82.601,2010,Mid,0.88493
8/30/2010,,ODNR,NA,10.15,41.571,-82.7708,2010,Mid,0.71002
8/30/2010,,ODNR,NA,5.63,41.6345,-82.7635,2010,Mid,0.70887
8/30/2010,11:01,NOAA,36.54,19.16,41.7042,-83.3862,2010,Mid,0.08382
8/30/2010,10:32,NOAA,129.71,103.95,41.7097,-83.3852,2010,Mid,0.0855
8/30/2010,14:33,NOAA,150.44,105.81,41.7177,-83.4241,2010,Mid,0.05029
8/30/2010,11:15,NOAA,25.15,26.91,41.7642,-83.4027,2010,Mid,0.09529
8/30/2010,14:41,NOAA,170.89,78.53,41.7655,-83.4015,2010,Mid,0.09706
8/30/2010,15:10,NOAA,132.04,82.05,41.8027,-83.2528,2010,Mid,0.24151
8/30/2010,14:20,NOAA,181.72,194.22,41.8038,-83.2566,2010,Mid,0.2386
8/30/2010,10:49,NOAA,70.12,48.32,41.8339,-83.1913,2010,Mid,0.31047
8/30/2010,11:30,NOAA,37.7,20.11,41.8344,-83.364,2010,Mid,0.1738
8/31/2010,11:17,Toledo,33.1,NA,41.7505,-83.1038,2010,Mid,0.36984
9/10/2010,12:09,NOAA,138.98,129.99,41.704,-83.3858,2010,Late,0.0842
9/10/2010,12:40,NOAA,109.3,84.94,41.7175,-83.4247,2010,Late,0.04966
9/10/2010,12:21,NOAA,52.81,8.14,41.7532,-83.3187,2010,Late,0.16129
9/10/2010,12:40,NOAA,86.78,36.93,41.7665,-83.4028,2010,Late,0.09687
9/10/2010,11:37,NOAA,26.88,28.48,41.8042,-83.258,2010,Late,0.23753
9/10/2010,10:42,NOAA,52.74,45.55,41.8335,-83.3625,2010,Late,0.17401
9/10/2010,11:24,NOAA,23.21,37.01,41.8343,-83.1913,2010,Late,0.31064
9/10/2010,11:10,NOAA,48.71,76.26,41.8573,-83.25,2010,Late,0.27228
9/10/2010,10:58,NOAA,71.93,109.12,41.886,-83.3322,2010,Late,0.23418
9/14/2010,12:20,Toledo,24.4,NA,41.7505,-83.1038,2010,Late,0.36984
9/15/2010,10:42,Toledo,189.9,22.89,41.7153,-83.4552,2010,Late,0.02379
9/15/2010,10:06,Toledo,45.6,17.19,41.7336,-83.2972,2010,Late,0.17643
9/15/2010,11:00,Toledo,82.9,8.52,41.7423,-83.4016,2010,Late,0.08209
9/15/2010,13:05,Toledo,23.4,8.36,41.7499,-83.1038,2010,Late,0.36975
9/15/2010,11:21,Toledo,50.9,28.59,41.7891,-83.3554,2010,Late,0.14713
9/15/2010,12:29,Toledo,38.6,8.78,41.8194,-83.1851,2010,Late,0.31
9/20/2010,12:18,Toledo,75.6,24,41.7423,-83.4016,2010,Late,0.08209
9/20/2010,11:06,Toledo,25.7,16.9,41.7499,-83.1039,2010,Late,0.36965
9/21/2010,,ODNR,NA,11.55,41.4493,-82.6198,2010,Late,0.88506
9/21/2010,,ODNR,NA,12.02,41.5275,-82.601,2010,Late,0.88493
9/21/2010,,ODNR,NA,2.11,41.571,-82.7708,2010,Late,0.71002
9/21/2010,11:36,NOAA,70.25,34.76,41.5925,-82.7102,2010,Late,0.76653
9/21/2010,,ODNR,NA,6.27,41.6345,-82.7635,2010,Late,0.70887
9/21/2010,10:10,NOAA,77.28,89.67,41.6447,-82.811,2010,Late,0.66069
9/21/2010,9:59,NOAA,114.58,97.02,41.7062,-83.3855,2010,Late,0.08473
9/21/2010,10:51,NOAA,35.53,49.48,41.7545,-83.3182,2010,Late,0.16222
9/21/2010,12:10,NOAA,153.99,88.83,41.7645,-83.4,2010,Late,0.09741
9/21/2010,12:26,NOAA,115.75,99.33,41.8028,-83.2558,2010,Late,0.23886
9/21/2010,11:55,NOAA,85.02,93.87,41.8332,-83.1915,2010,Late,0.30998
9/21/2010,11:13,NOAA,55.7,44.73,41.8587,-83.2635,2010,Late,0.26238
9/21/2010,10:32,NOAA,74.7,115.08,41.8857,-83.3328,2010,Late,0.23359
9/26/2010,11:30,Toledo,46.9,NA,41.7329,-83.2968,2010,Late,0.17667
9/27/2010,9:19,NOAA,17.91,10.8,41.6093,-82.7107,2010,Late,0.76394
9/27/2010,10:37,NOAA,105.58,71.82,41.7038,-83.3862,2010,Late,0.08379
9/27/2010,10:11,NOAA,62.14,40.15,41.7177,-83.423,2010,Late,0.05129
9/27/2010,9:46,NOAA,18.65,3.65,41.7523,-83.317,2010,Late,0.16257
9/27/2010,8:50,NOAA,83.52,127.47,41.8047,-83.255,2010,Late,0.24043
9/27/2010,9:05,NOAA,44.75,63.44,41.8327,-83.3633,2010,Late,0.17288
9/27/2010,11:00,NOAA,75.19,42.04,41.8337,-83.1912,2010,Late,0.31047
9/27/2010,10:26,NOAA,129.77,115.29,41.8595,-83.2647,2010,Late,0.26193
9/27/2010,9:34,NOAA,18.76,5.01,41.8865,-83.3333,2010,Late,0.23395
9/29/2010,10:55,Toledo,131.2,7.79,41.7156,-83.4549,2010,Late,0.02421
9/29/2010,11:22,Toledo,63.3,20.28,41.7346,-83.2955,2010,Late,0.1783
9/29/2010,10:40,Toledo,47.8,8.94,41.7426,-83.402,2010,Late,0.08193
9/29/2010,9:25,Toledo,19.6,4.81,41.7506,-83.1042,2010,Late,0.36946
9/29/2010,10:21,Toledo,87.7,49.12,41.7891,-83.3565,2010,Late,0.14628
9/29/2010,9:52,Toledo,59.9,2.14,41.821,-83.1855,2010,Late,0.31028
10/7/2010,11:31,NOAA,22.06,4.55,41.5927,-82.7103,2010,Late,0.76641
10/7/2010,11:10,NOAA,15.97,2.96,41.6453,-82.8102,2010,Late,0.66144
10/7/2010,10:46,NOAA,25.16,26.8,41.7162,-83.4257,2010,Late,0.04821
10/7/2010,12:30,NOAA,38.99,11.7,41.7537,-83.3192,2010,Late,0.161
10/7/2010,10:37,NOAA,27.9,18.27,41.763,-83.403,2010,Late,0.09423
10/7/2010,11:49,NOAA,59.38,4.87,41.8325,-83.3627,2010,Late,0.1731
10/7/2010,12:14,NOAA,98.95,6.25,41.8338,-83.1913,2010,Late,0.31042
10/7/2010,10:18,NOAA,22.53,4.08,41.8597,-83.264,2010,Late,0.26261
10/7/2010,12:05,NOAA,63.43,9.91,41.8845,-83.3317,2010,Late,0.23327
10/8/2010,13:00,Toledo,49.2,NA,41.7346,-83.2955,2010,Late,0.1783
10/12/2010,,ODNR,90.5,NA,41.7022,-83.2478,2010,Late,0.22194
10/12/2010,,ODNR,25.1,NA,41.8393,-83.055,2010,Late,0.43859
10/13/2010,,ODNR,NA,10.2,41.7022,-83.2478,2010,Late,0.22194
10/13/2010,,ODNR,NA,14.85,41.768,-83.3012,2010,Late,0.18304
10/13/2010,,ODNR,NA,3.07,41.8393,-83.055,2010,Late,0.43859
10/13/2010,,ODNR,NA,3.54,41.8478,-83.136,2010,Late,0.3664
10/15/2010,,ODNR,NA,5.1,41.4493,-82.6198,2010,Late,0.88506
10/18/2010,12:40,NOAA,26.39,16.61,41.5925,-82.7108,2010,Late,0.76594
10/18/2010,12:13,NOAA,63.73,2.53,41.6432,-82.8125,2010,Late,0.65931
10/18/2010,11:57,NOAA,24.36,22.22,41.7052,-83.3865,2010,Late,0.08362
10/18/2010,11:43,NOAA,11.78,8.48,41.7165,-83.4258,2010,Late,0.04824
10/18/2010,10:46,NOAA,23.85,1.94,41.7538,-83.3193,2010,Late,0.16094
10/18/2010,11:14,NOAA,13,4.02,41.764,-83.4025,2010,Late,0.09529
10/18/2010,11:01,NOAA,19.29,16.84,41.8045,-83.256,2010,Late,0.23945
10/18/2010,11:27,NOAA,10.46,3.31,41.8315,-83.365,2010,Late,0.17089
10/18/2010,12:23,NOAA,59.77,4.82,41.855,-83.2583,2010,Late,0.26425
5/5/2011,,ODNR,NA,1.17,41.4493,-82.6198,2011,Early,0.88506
5/5/2011,,ODNR,NA,1.67,41.5275,-82.601,2011,Early,0.88493
5/5/2011,,ODNR,NA,0.6,41.571,-82.7708,2011,Early,0.71002
5/5/2011,,ODNR,NA,0.56,41.6345,-82.7635,2011,Early,0.70887
5/5/2011,,ODNR,44.2,0.34,41.7022,-83.2478,2011,Early,0.22194
5/5/2011,,ODNR,NA,1.34,41.768,-83.3012,2011,Early,0.18304
5/5/2011,,ODNR,12.4,1.56,41.8393,-83.055,2011,Early,0.43859
5/5/2011,,ODNR,NA,1.67,41.8478,-83.136,2011,Early,0.3664
5/19/2011,,ODNR,NA,4.93,41.4493,-82.6198,2011,Early,0.88506
5/19/2011,,ODNR,NA,3.59,41.5275,-82.601,2011,Early,0.88493
5/19/2011,,ODNR,NA,3.84,41.571,-82.7708,2011,Early,0.71002
5/19/2011,,ODNR,NA,1.64,41.6345,-82.7635,2011,Early,0.70887
5/19/2011,,ODNR,136.8,2.79,41.7022,-83.2478,2011,Early,0.22194
5/19/2011,,ODNR,NA,0,41.768,-83.3012,2011,Early,0.18304
5/19/2011,,ODNR,565.3,3.2,41.8393,-83.055,2011,Early,0.43859
5/19/2011,,ODNR,NA,5.05,41.8478,-83.136,2011,Early,0.3664
5/31/2011,10:36,Toledo,365.7,1.59,41.716,-83.4548,2011,Early,0.02459
5/31/2011,14:03,Toledo,326,0.72,41.7339,-83.2985,2011,Early,0.17522
5/31/2011,11:07,Toledo,273.8,3.13,41.7426,-83.4011,2011,Early,0.08267
5/31/2011,13:15,Toledo,20.7,22.16,41.7499,-83.1036,2011,Early,0.36995
5/31/2011,11:29,Toledo,143.3,52.16,41.7892,-83.3549,2011,Early,0.14758
5/31/2011,12:12,Toledo,40.8,9.04,41.8209,-83.1853,2011,Early,0.31042
6/3/2011,,ODNR,NA,10,41.4493,-82.6198,2011,Early,0.88506
6/3/2011,,ODNR,NA,1.67,41.5275,-82.601,2011,Early,0.88493
6/3/2011,,ODNR,NA,0.94,41.571,-82.7708,2011,Early,0.71002
6/3/2011,,ODNR,NA,5.16,41.6345,-82.7635,2011,Early,0.70887
6/3/2011,,ODNR,86.3,0,41.7022,-83.2478,2011,Early,0.22194
6/3/2011,,ODNR,NA,0.95,41.768,-83.3012,2011,Early,0.18304
6/3/2011,,ODNR,152.1,0.49,41.8393,-83.055,2011,Early,0.43859
6/3/2011,,ODNR,NA,0,41.8478,-83.136,2011,Early,0.3664
6/8/2011,18:11,Toledo,208.4,21.64,41.715,-83.4551,2011,Early,0.02362
6/8/2011,17:49,Toledo,182.8,11.92,41.7425,-83.4009,2011,Early,0.08278
6/8/2011,16:13,Toledo,47.7,19.44,41.7502,-83.1036,2011,Early,0.36999
6/8/2011,17:15,Toledo,160.4,9.35,41.7889,-83.3563,2011,Early,0.14631
6/15/2011,,ODNR,179.5,NA,41.7022,-83.2478,2011,Early,0.22194
6/15/2011,,ODNR,86.8,NA,41.8393,-83.055,2011,Early,0.43859
6/20/2011,12:00,Toledo,190.9,NA,41.7425,-83.4009,2011,Early,0.08278
6/20/2011,11:27,Toledo,34.2,NA,41.7516,-83.1029,2011,Early,0.37089
6/27/2011,11:23,Toledo,150.5,103.73,41.715,-83.4551,2011,Early,0.02362
6/27/2011,14:45,Toledo,75.3,7.92,41.7339,-83.2985,2011,Early,0.17522
6/27/2011,11:46,Toledo,96.1,16.75,41.7425,-83.4009,2011,Early,0.08278
6/27/2011,12:00,Toledo,28.7,15.1,41.7516,-83.1029,2011,Early,0.37089
6/27/2011,14:00,Toledo,90.2,7.92,41.7892,-83.3549,2011,Early,0.14758
6/27/2011,13:30,Toledo,17.4,8.62,41.8209,-83.1853,2011,Early,0.31042
6/28/2011,8:25,NOAA,37.77,32.8,41.7045,-83.3865,2011,Early,0.08355
6/28/2011,10:07,NOAA,88.29,15.42,41.7175,-83.4245,2011,Early,0.04984
6/28/2011,7:35,NOAA,105.07,4.62,41.7532,-83.3197,2011,Early,0.16036
6/28/2011,8:48,NOAA,15.98,10.42,41.7645,-83.403,2011,Early,0.09529
6/28/2011,9:39,NOAA,64.7,19.4,41.805,-83.256,2011,Early,0.23967
6/28/2011,8:01:00 AM,NOAA,105.61,16.46,41.8342,-83.1913,2011,Early,0.3106
6/28/2011,9:14,NOAA,73.5,9.86,41.8365,-83.3628,2011,Early,0.1762
6/28/2011,10:31,NOAA,157.58,50.16,41.857,-83.2597,2011,Early,0.26434
6/28/2011,11:05,NOAA,88.67,6.42,41.8855,-83.332,2011,Early,0.2339
6/30/2011,,ODNR,NA,11.11,41.4493,-82.6198,2011,Early,0.88506
6/30/2011,,ODNR,NA,5.16,41.5275,-82.601,2011,Early,0.88493
6/30/2011,,ODNR,NA,6.51,41.571,-82.7708,2011,Early,0.71002
6/30/2011,,ODNR,NA,6.53,41.6345,-82.7635,2011,Early,0.70887
6/30/2011,,ODNR,168.9,34.93,41.7022,-83.2478,2011,Early,0.22194
6/30/2011,,ODNR,NA,16.8,41.768,-83.3012,2011,Early,0.18304
6/30/2011,,ODNR,414.4,5.83,41.8393,-83.055,2011,Early,0.43859
6/30/2011,,ODNR,NA,3.88,41.8478,-83.136,2011,Early,0.3664
7/11/2011,,ODNR,NA,2.64,41.4493,-82.6198,2011,Mid,0.88506
7/11/2011,,ODNR,NA,1.87,41.5275,-82.601,2011,Mid,0.88493
7/11/2011,,ODNR,NA,5.13,41.571,-82.7708,2011,Mid,0.71002
7/11/2011,,ODNR,NA,2.18,41.6345,-82.7635,2011,Mid,0.70887
7/11/2011,,ODNR,30.9,5.91,41.7022,-83.2478,2011,Mid,0.22194
7/11/2011,9:40,Toledo,152.4,33.08,41.7157,-83.455,2011,Mid,0.02423
7/11/2011,12:16,Toledo,27.2,NA,41.7335,-83.2966,2011,Mid,0.17699
7/11/2011,12:16,Toledo,NA,10.4,41.7335,-83.2966,2011,Mid,0.17699
7/11/2011,10:01,Toledo,57.1,6.66,41.7423,-83.4015,2011,Mid,0.08217
7/11/2011,11:38,Toledo,24.5,7.6,41.7503,-83.1043,2011,Mid,0.36931
7/11/2011,,ODNR,NA,4.18,41.768,-83.3012,2011,Mid,0.18304
7/11/2011,10:26,Toledo,35.4,4.55,41.7891,-83.3552,2011,Mid,0.14729
7/11/2011,11:04,Toledo,51.5,5.98,41.8211,-83.1855,2011,Mid,0.31032
7/11/2011,,ODNR,139.5,4.3,41.8393,-83.055,2011,Mid,0.43859
7/11/2011,,ODNR,NA,5.68,41.8478,-83.136,2011,Mid,0.3664
7/12/2011,8:18,NOAA,49.33,1.3,41.5925,-82.7108,2011,Mid,0.76594
7/12/2011,16:48,NOAA,52.35,12.52,41.6432,-82.8125,2011,Mid,0.65931
7/12/2011,9:26,NOAA,32.49,3.11,41.7045,-83.3872,2011,Mid,0.08286
7/12/2011,14:06,NOAA,16.37,11.06,41.7047,-83.3873,2011,Mid,0.08278
7/12/2011,15:13,NOAA,67.16,11.46,41.7178,-83.4235,2011,Mid,0.05088
7/12/2011,11:22,NOAA,13.25,9.12,41.7502,-83.4025,2011,Mid,0.08605
7/12/2011,16:16,NOAA,72.98,23.14,41.7547,-83.321,2011,Mid,0.15968
7/12/2011,11:58,NOAA,22.2,4.99,41.7645,-83.4017,2011,Mid,0.09621
7/12/2011,13:34,NOAA,13.25,5.64,41.8,-83.2562,2011,Mid,0.23727
7/12/2011,14:43,NOAA,22.09,11.04,41.8045,-83.2565,2011,Mid,0.239
7/12/2011,11:02,NOAA,30.1,34.46,41.8337,-83.1902,2011,Mid,0.31136
7/12/2011,9:55,NOAA,64.66,9.64,41.8345,-83.193,2011,Mid,0.30921
7/12/2011,13:11,NOAA,10.45,5.01,41.8367,-83.3605,2011,Mid,0.17776
7/12/2011,12:24,NOAA,16.58,5.42,41.8372,-83.3633,2011,Mid,0.17645
7/12/2011,10:18,NOAA,64.61,4.6,41.859,-83.2667,2011,Mid,0.26006
7/15/2011,13:27,Toledo,128.7,66.47,41.7423,-83.4015,2011,Mid,0.08217
7/22/2011,13:29,Toledo,117.5,41.55,41.7156,-83.4553,2011,Mid,0.02397
7/22/2011,13:58,Toledo,45.3,11.76,41.7333,-83.2975,2011,Mid,0.17607
7/22/2011,12:56,Toledo,50.6,27.83,41.7425,-83.4016,2011,Mid,0.0822
7/22/2011,10:16,Toledo,23.5,8.07,41.7503,-83.1041,2011,Mid,0.36951
7/22/2011,11:43,Toledo,66.6,13.17,41.789,-83.3566,2011,Mid,0.14614
7/22/2011,10:56,Toledo,37.6,30.02,41.8148,-83.1832,2011,Mid,0.30996
7/27/2011,,ODNR,NA,2.41,41.4493,-82.6198,2011,Mid,0.88506
7/27/2011,,ODNR,NA,7.05,41.5275,-82.601,2011,Mid,0.88493
7/27/2011,,ODNR,NA,8.03,41.571,-82.7708,2011,Mid,0.71002
7/27/2011,,ODNR,NA,7.85,41.6345,-82.7635,2011,Mid,0.70887
7/27/2011,,ODNR,54.9,4.89,41.7022,-83.2478,2011,Mid,0.22194
7/27/2011,,ODNR,NA,14.06,41.768,-83.3012,2011,Mid,0.18304
7/27/2011,,ODNR,70,11.89,41.8393,-83.055,2011,Mid,0.43859
7/27/2011,,ODNR,NA,12.51,41.8478,-83.136,2011,Mid,0.3664
8/1/2011,11:04,NOAA,39.22,52.52,41.5925,-82.7108,2011,Mid,0.76594
8/1/2011,10:48,NOAA,46.49,75.23,41.6453,-82.8108,2011,Mid,0.66084
8/1/2011,14:58,NOAA,31.66,60.25,41.6453,-82.8108,2011,Mid,0.66084
8/1/2011,12:51,NOAA,33.46,72.59,41.7048,-83.3862,2011,Mid,0.08388
8/1/2011,10:21,NOAA,25.3,44.77,41.7177,-83.4237,2011,Mid,0.05065
8/1/2011,14:37,NOAA,19.43,29.2,41.7177,-83.4237,2011,Mid,0.05065
8/1/2011,11:36,NOAA,22.51,43.11,41.754,-83.3187,2011,Mid,0.16157
8/1/2011,13:52,NOAA,20.33,30.97,41.7638,-83.4032,2011,Mid,0.09465
8/1/2011,12:32,NOAA,48.18,125.66,41.8043,-83.2557,2011,Mid,0.23963
8/1/2011,11:51,NOAA,15.85,28.06,41.8318,-83.1968,2011,Mid,0.30461
8/1/2011,14:14,NOAA,16.35,18.34,41.834,-83.363,2011,Mid,0.17409
8/1/2011,11:53,NOAA,27.88,36.88,41.8595,-83.2638,2011,Mid,0.26264
8/1/2011,11:21,NOAA,44.1,79.71,41.8852,-83.3331,2011,Mid,0.23301
8/5/2011,12:30,Toledo,148.5,47.56,41.7152,-83.4556,2011,Mid,0.02347
8/5/2011,13:09,Toledo,60.5,87.01,41.7334,-83.2971,2011,Mid,0.17648
8/5/2011,11:48,Toledo,84.2,80.22,41.7421,-83.4016,2011,Mid,0.08198
8/5/2011,9:37,Toledo,45.3,64.28,41.7499,-83.1046,2011,Mid,0.36896
8/5/2011,11:09,Toledo,61.7,60.1,41.7888,-83.3559,2011,Mid,0.14655
8/5/2011,10:25,Toledo,23,5.91,41.8206,-83.1861,2011,Mid,0.30957
8/12/2011,,ODNR,NA,18.42,41.4493,-82.6198,2011,Mid,0.88506
8/12/2011,,ODNR,NA,7.34,41.5275,-82.601,2011,Mid,0.88493
8/12/2011,,ODNR,NA,6.63,41.571,-82.7708,2011,Mid,0.71002
8/12/2011,,ODNR,NA,10.24,41.6345,-82.7635,2011,Mid,0.70887
8/12/2011,,ODNR,43.1,32.04,41.7022,-83.2478,2011,Mid,0.22194
8/12/2011,11:17,Toledo,69.1,58.53,41.7419,-83.4016,2011,Mid,0.08187
8/12/2011,9:53,Toledo,76.1,NA,41.7499,-83.104,2011,Mid,0.36955
8/12/2011,,ODNR,NA,6.71,41.768,-83.3012,2011,Mid,0.18304
8/12/2011,10:46,Toledo,54.8,51.74,41.7888,-83.3559,2011,Mid,0.14655
8/12/2011,,ODNR,105.3,13.48,41.8393,-83.055,2011,Mid,0.43859
8/12/2011,,ODNR,NA,4.04,41.8478,-83.136,2011,Mid,0.3664
8/19/2011,13:23,Toledo,151.1,36.5,41.7156,-83.4551,2011,Mid,0.02409
8/19/2011,13:54,Toledo,69.6,91.98,41.7334,-83.2962,2011,Mid,0.17736
8/19/2011,13:00,Toledo,78.1,26.91,41.7418,-83.4016,2011,Mid,0.08181
8/19/2011,11:03,Toledo,35.4,41.81,41.7497,-83.1044,2011,Mid,0.36913
8/19/2011,12:18,Toledo,77.2,102.69,41.7888,-83.3557,2011,Mid,0.14671
8/19/2011,11:38,Toledo,30,11.11,41.8206,-83.1861,2011,Mid,0.30957
8/23/2011,8:40,NOAA,38.77,44.9,41.5925,-82.7108,2011,Mid,0.76594
8/23/2011,12:42,NOAA,22.36,24.08,41.7048,-83.3862,2011,Mid,0.08388
8/23/2011,10:03,NOAA,66.91,109.2,41.754,-83.3187,2011,Mid,0.16157
8/23/2011,1:27,NOAA,31.45,49.34,41.7638,-83.4032,2011,Mid,0.09465
8/23/2011,11:57,NOAA,14.45,18.88,41.8043,-83.2557,2011,Mid,0.23963
8/23/2011,11:15,NOAA,21.33,24.1,41.8318,-83.1968,2011,Mid,0.30461
8/23/2011,10:38,NOAA,24.41,42.2,41.8595,-83.2638,2011,Mid,0.26264
8/23/2011,9:16,NOAA,40.09,41.82,41.8852,-83.3331,2011,Mid,0.23301
8/30/2011,,ODNR,NA,13.68,41.4493,-82.6198,2011,Mid,0.88506
8/30/2011,,ODNR,NA,0,41.5275,-82.601,2011,Mid,0.88493
8/30/2011,,ODNR,NA,8.6,41.6345,-82.7635,2011,Mid,0.70887
8/30/2011,,ODNR,157.4,NA,41.7022,-83.2478,2011,Mid,0.22194
8/30/2011,,ODNR,NA,13.56,41.768,-83.3012,2011,Mid,0.18304
8/30/2011,10:55,Toledo,NA,45.99,41.7888,-83.3557,2011,Mid,0.14671
8/30/2011,,ODNR,179.7,3.59,41.8393,-83.055,2011,Mid,0.43859
8/30/2011,,ODNR,NA,8.73,41.8478,-83.136,2011,Mid,0.3664
9/9/2011,,ODNR,NA,4.16,41.4493,-82.6198,2011,Late,0.88506
9/9/2011,,ODNR,NA,4.96,41.5275,-82.601,2011,Late,0.88493
9/9/2011,,ODNR,NA,20.24,41.571,-82.7708,2011,Late,0.71002
9/9/2011,,ODNR,NA,19.24,41.6345,-82.7635,2011,Late,0.70887
9/9/2011,,ODNR,101.4,6.25,41.7022,-83.2478,2011,Late,0.22194
9/9/2011,,ODNR,NA,2.79,41.768,-83.3012,2011,Late,0.18304
9/9/2011,,ODNR,51.9,3.76,41.8393,-83.055,2011,Late,0.43859
9/9/2011,,ODNR,NA,4.54,41.8478,-83.136,2011,Late,0.3664
9/12/2011,13:20,NOAA,74.29,23.65,41.5925,-82.7108,2011,Late,0.76594
9/12/2011,12:55,NOAA,132.53,92.52,41.6453,-82.8108,2011,Late,0.66084
9/12/2011,12:25,NOAA,105.97,60.02,41.7177,-83.4237,2011,Late,0.05065
9/12/2011,14:15,NOAA,104.83,58.7,41.754,-83.3187,2011,Late,0.16157
9/12/2011,15:41,NOAA,32.97,23.26,41.8043,-83.2557,2011,Late,0.23963
9/12/2011,15:18,NOAA,23.01,19.95,41.8318,-83.1968,2011,Late,0.30461
9/12/2011,11:49,NOAA,45.08,20.19,41.834,-83.363,2011,Late,0.17409
9/12/2011,14:49,NOAA,76.95,23.71,41.8595,-83.2638,2011,Late,0.26264
9/12/2011,13:15,NOAA,105.97,29.04,41.8852,-83.3331,2011,Late,0.23301
9/14/2011,12:28,Toledo,137.4,28.43,41.7156,-83.4554,2011,Late,0.02391
9/14/2011,13:00,Toledo,128,27.12,41.7332,-83.2962,2011,Late,0.17732
9/14/2011,11:52,Toledo,77.8,10.22,41.742,-83.4014,2011,Late,0.08209
9/14/2011,9:40,Toledo,50.3,6.98,41.7501,-83.1036,2011,Late,0.36998
9/14/2011,11:04,Toledo,50.5,8.83,41.7887,-83.3556,2011,Late,0.14673
9/14/2011,10:21,Toledo,21.1,7.81,41.8207,-83.1853,2011,Late,0.31034
9/22/2011,,ODNR,NA,22.12,41.4493,-82.6198,2011,Late,0.88506
9/22/2011,,ODNR,NA,40.32,41.5275,-82.601,2011,Late,0.88493
9/22/2011,,ODNR,NA,23.83,41.571,-82.7708,2011,Late,0.71002
9/22/2011,,ODNR,NA,10.61,41.6345,-82.7635,2011,Late,0.70887
9/22/2011,,ODNR,93.9,4.18,41.7022,-83.2478,2011,Late,0.22194
9/22/2011,,ODNR,NA,0,41.768,-83.3012,2011,Late,0.18304
9/22/2011,,ODNR,485.7,3.44,41.8393,-83.055,2011,Late,0.43859
9/22/2011,,ODNR,NA,3.2,41.8478,-83.136,2011,Late,0.3664
9/27/2011,12:14,Toledo,118.2,11.13,41.7156,-83.4554,2011,Late,0.02391
9/27/2011,12:53,Toledo,65.7,7.5,41.7335,-83.2969,2011,Late,0.1767
9/27/2011,11:34,Toledo,92.9,10.71,41.742,-83.4014,2011,Late,0.08209
9/27/2011,9:27,Toledo,27.9,8.81,41.7501,-83.1036,2011,Late,0.36998
9/27/2011,11:05,Toledo,77.6,6.01,41.7887,-83.3556,2011,Late,0.14673
9/27/2011,10:09,Toledo,29,10.84,41.8207,-83.1853,2011,Late,0.31034
10/4/2011,,ODNR,NA,1.67,41.4493,-82.6198,2011,Late,0.88506
10/4/2011,,ODNR,NA,9.4,41.5275,-82.601,2011,Late,0.88493
10/4/2011,,ODNR,NA,9.76,41.571,-82.7708,2011,Late,0.71002
10/4/2011,,ODNR,NA,3.6,41.6345,-82.7635,2011,Late,0.70887
10/4/2011,,ODNR,94.8,1.52,41.7022,-83.2478,2011,Late,0.22194
10/4/2011,,ODNR,NA,8.65,41.768,-83.3012,2011,Late,0.18304
10/4/2011,,ODNR,151.7,2.19,41.8393,-83.055,2011,Late,0.43859
10/4/2011,,ODNR,NA,2.96,41.8478,-83.136,2011,Late,0.3664
10/11/2011,12:47,Toledo,144,11.18,41.7158,-83.4553,2011,Late,0.02413
10/11/2011,13:35,Toledo,111.6,83.09,41.7335,-83.2969,2011,Late,0.1767
10/11/2011,12:20,Toledo,105.9,30.02,41.7421,-83.4014,2011,Late,0.08214
10/11/2011,9:42,Toledo,27.5,29.76,41.7504,-83.1043,2011,Late,0.36933
10/11/2011,11:28,Toledo,38.4,33.58,41.7891,-83.3554,2011,Late,0.14713
10/11/2011,10:43,Toledo,15.7,13.33,41.8209,-83.1858,2011,Late,0.30996
10/25/2011,13:29,NOAA,17.1,12.27,41.7042,-83.386,2011,Late,0.08402
10/25/2011,15:46,NOAA,89.74,2.99,41.7178,-83.4234,2011,Late,0.05097
10/25/2011,14:45,NOAA,125.94,2.59,41.7541,-83.3192,2011,Late,0.16114
10/25/2011,14:18,NOAA,20.27,4.43,41.764,-83.4021,2011,Late,0.09557
10/25/2011,9:21,NOAA,23.55,7.31,41.8036,-83.2554,2011,Late,0.23958
10/25/2011,10:39,NOAA,21.5,13.05,41.8338,-83.1917,2011,Late,0.31006
10/25/2011,13:08,NOAA,20.89,3.6,41.8595,-83.2635,2011,Late,0.26287
10/25/2011,15:11,NOAA,121.65,6.77,41.8852,-83.3325,2011,Late,0.23336
3/5/2012,,NOAA,30.02,NA,41.7177,-83.4235,2012,Early,0.05084
3/5/2012,,NOAA,18.71,NA,41.8347,-83.3631,2012,Early,0.17459
4/13/2012,12:14,Toledo,134.6,55.92,41.7159,-83.4551,2012,Early,0.02433
4/13/2012,4:13,Toledo,19.9,3.5,41.7333,-83.2972,2012,Early,0.17636
4/13/2012,13:02,Toledo,46.1,6.87,41.7423,-83.4015,2012,Early,0.08217
4/13/2012,3:29,Toledo,16.5,6.82,41.75,-83.1047,2012,Early,0.36887
4/13/2012,2:02,Toledo,35.5,2.86,41.7901,-83.3561,2012,Early,0.14722
4/13/2012,2:46,Toledo,17.9,38.93,41.8208,-83.1861,2012,Early,0.30965
5/1/2012,9:56,Toledo,66.4,48.08,41.7157,-83.4545,2012,Early,0.02454
5/1/2012,13:58,Toledo,28.9,4.86,41.7334,-83.2976,2012,Early,0.17599
5/1/2012,10:48,Toledo,47.5,28.8,41.7423,-83.4011,2012,Early,0.0825
5/1/2012,13:13,Toledo,15,4.52,41.75,-83.1042,2012,Early,0.36937
5/1/2012,11:18,Toledo,43,25.32,41.7887,-83.3552,2012,Early,0.14704
5/1/2012,12:08,Toledo,9.2,1.58,41.8207,-83.1853,2012,Early,0.31034
5/11/2012,,ODNR,NA,18.19,41.4493,-82.6198,2012,Early,0.88506
5/11/2012,,ODNR,NA,2.45,41.5275,-82.601,2012,Early,0.88493
5/11/2012,,ODNR,NA,7.16,41.571,-82.7708,2012,Early,0.71002
5/11/2012,,ODNR,NA,2.45,41.6345,-82.7635,2012,Early,0.70887
5/11/2012,,ODNR,26.7,3.84,41.7022,-83.2478,2012,Early,0.22194
5/11/2012,,ODNR,NA,1.74,41.768,-83.3012,2012,Early,0.18304
5/11/2012,,ODNR,14.5,1.28,41.8393,-83.055,2012,Early,0.43859
5/11/2012,,ODNR,NA,0.75,41.8478,-83.136,2012,Early,0.3664
5/15/2012,12:00,Toledo,50.2,29.92,41.7157,-83.4545,2012,Early,0.02454
5/15/2012,12:00,Toledo,25.7,4.7,41.7334,-83.2976,2012,Early,0.17599
5/15/2012,12:00,Toledo,89.7,44.68,41.7423,-83.4008,2012,Early,0.08275
5/15/2012,12:00,Toledo,12.7,4.13,41.75,-83.1042,2012,Early,0.36937
5/15/2012,10:08,NOAA,8.25,3.05,41.7541,-83.3192,2012,Early,0.16114
5/15/2012,12:00,Toledo,16.6,8.65,41.7887,-83.3552,2012,Early,0.14704
5/15/2012,12:00,Toledo,16.7,3.32,41.8207,-83.1853,2012,Early,0.31034
5/15/2012,11:31,NOAA,23.16,5.73,41.8338,-83.1917,2012,Early,0.31006
5/15/2012,11:02,NOAA,22.52,2.24,41.8595,-83.2635,2012,Early,0.26287
5/15/2012,10:40,NOAA,16.21,3.67,41.8852,-83.3325,2012,Early,0.23336
5/23/2012,,ODNR,NA,5.94,41.4493,-82.6198,2012,Early,0.88506
5/23/2012,,ODNR,NA,1.34,41.5275,-82.601,2012,Early,0.88493
5/23/2012,,ODNR,NA,1.9,41.571,-82.7708,2012,Early,0.71002
5/23/2012,,ODNR,NA,2.7,41.6345,-82.7635,2012,Early,0.70887
5/23/2012,10:43,Toledo,39.3,17.21,41.7423,-83.4008,2012,Early,0.08275
5/24/2012,,ODNR,31.3,5.68,41.7022,-83.2478,2012,Early,0.22194
5/24/2012,,ODNR,NA,1.49,41.768,-83.3012,2012,Early,0.18304
5/24/2012,,ODNR,26,1.23,41.8393,-83.055,2012,Early,0.43859
5/24/2012,,ODNR,NA,1.4,41.8478,-83.136,2012,Early,0.3664
5/31/2012,11:50,NOAA,12.81,4.86,41.7042,-83.386,2012,Early,0.08402
5/31/2012,9:32,Toledo,46.8,11.6,41.7423,-83.4008,2012,Early,0.08275
5/31/2012,12:15,NOAA,77.08,11.81,41.764,-83.4021,2012,Early,0.09557
5/31/2012,11:15,NOAA,42.01,6.07,41.8036,-83.2554,2012,Early,0.23958
5/31/2012,12:53,NOAA,42.54,3.61,41.8347,-83.3631,2012,Early,0.17459
6/4/2012,14:13,Toledo,132.8,42.59,41.7156,-83.4547,2012,Early,0.02434
6/4/2012,10:44,Toledo,72.1,6.19,41.7335,-83.2968,2012,Early,0.1768
6/4/2012,13:44,Toledo,58.9,6.11,41.7423,-83.4008,2012,Early,0.08275
6/4/2012,11:33,Toledo,35.8,4.52,41.7507,-83.1035,2012,Early,0.37016
6/4/2012,13:15,Toledo,71.5,3.4,41.7887,-83.3557,2012,Early,0.14665
6/4/2012,12:17,Toledo,26,5.38,41.8209,-83.1855,2012,Early,0.31024
6/7/2012,,ODNR,NA,21.47,41.4493,-82.6198,2012,Early,0.88506
6/7/2012,,ODNR,NA,5.92,41.5275,-82.601,2012,Early,0.88493
6/7/2012,,ODNR,NA,3.15,41.571,-82.7708,2012,Early,0.71002
6/7/2012,,ODNR,NA,4.67,41.6345,-82.7635,2012,Early,0.70887
6/7/2012,,ODNR,60.9,3.02,41.7022,-83.2478,2012,Early,0.22194
6/7/2012,,ODNR,NA,3.51,41.768,-83.3012,2012,Early,0.18304
6/7/2012,,ODNR,21.5,0.92,41.8393,-83.055,2012,Early,0.43859
6/7/2012,,ODNR,NA,3.28,41.8478,-83.136,2012,Early,0.3664
6/11/2012,11:59,NOAA,9.35,5.3,41.6453,-82.8108,2012,Early,0.66084
6/11/2012,10:37,NOAA,31.57,23.59,41.7177,-83.4235,2012,Early,0.05084
6/13/2012,15:02,Toledo,45.1,10.68,41.7423,-83.4008,2012,Early,0.08275
6/15/2012,12:00,Toledo,59.5,NA,41.7335,-83.2968,2012,Early,0.1768
6/15/2012,12:00,Toledo,26.3,NA,41.7507,-83.1035,2012,Early,0.37016
6/15/2012,12:00,Toledo,21.3,NA,41.8209,-83.1855,2012,Early,0.31024
6/20/2012,,ODNR,NA,7.17,41.4493,-82.6198,2012,Early,0.88506
6/20/2012,,ODNR,NA,10.84,41.5275,-82.601,2012,Early,0.88493
6/20/2012,,ODNR,NA,4.68,41.571,-82.7708,2012,Early,0.71002
6/20/2012,,ODNR,NA,6.34,41.6345,-82.7635,2012,Early,0.70887
6/20/2012,,ODNR,35.5,8.02,41.7022,-83.2478,2012,Early,0.22194
6/20/2012,13:03,Toledo,43.2,8.39,41.7156,-83.4547,2012,Early,0.02434
6/20/2012,13:34,Toledo,80.7,9.88,41.7335,-83.2968,2012,Early,0.1768
6/20/2012,12:16,Toledo,71.8,9.35,41.7423,-83.4008,2012,Early,0.08275
6/20/2012,10:30,Toledo,30.7,6.14,41.7507,-83.1035,2012,Early,0.37016
6/20/2012,,ODNR,NA,7.17,41.768,-83.3012,2012,Early,0.18304
6/20/2012,11:50,Toledo,36.1,6.06,41.7887,-83.3557,2012,Early,0.14665
6/20/2012,11:11,Toledo,26,4.13,41.8209,-83.1855,2012,Early,0.31024
6/20/2012,,ODNR,18.4,1.98,41.8393,-83.055,2012,Early,0.43859
6/20/2012,,ODNR,NA,2.48,41.8478,-83.136,2012,Early,0.3664
6/22/2012,10:08,NOAA,23.11,5.02,41.5925,-82.7108,2012,Early,0.76594
6/22/2012,10:43,NOAA,15.19,2.43,41.7541,-83.3192,2012,Early,0.16114
6/22/2012,9:45,NOAA,26.61,2.21,41.8595,-83.2635,2012,Early,0.26287
6/22/2012,11:55,NOAA,15.5,17.57,41.8852,-83.3325,2012,Early,0.23336
6/27/2012,13:13,Toledo,43.7,25.21,41.7423,-83.4008,2012,Early,0.08275
7/2/2012,,ODNR,NA,15.66,41.4493,-82.6198,2012,Mid,0.88506
7/2/2012,,ODNR,NA,3.53,41.5275,-82.601,2012,Mid,0.88493
7/2/2012,,ODNR,NA,6.94,41.571,-82.7708,2012,Mid,0.71002
7/2/2012,,ODNR,NA,6.49,41.6345,-82.7635,2012,Mid,0.70887
7/2/2012,13:53,Toledo,99.2,24.3,41.7156,-83.4547,2012,Mid,0.02434
7/2/2012,14:26,Toledo,32.2,9.22,41.7335,-83.2968,2012,Mid,0.1768
7/2/2012,13:28,Toledo,33.3,11.24,41.7423,-83.4008,2012,Mid,0.08275
7/2/2012,10:54,Toledo,15.5,9.54,41.7507,-83.1035,2012,Mid,0.37016
7/2/2012,12:16,Toledo,21.7,4.7,41.7887,-83.3557,2012,Mid,0.14665
7/2/2012,11:34,Toledo,16.5,5.94,41.8209,-83.1855,2012,Mid,0.31024
7/3/2012,,ODNR,25.4,4.17,41.7022,-83.2478,2012,Mid,0.22194
7/3/2012,,ODNR,NA,4.22,41.768,-83.3012,2012,Mid,0.18304
7/3/2012,,ODNR,NA,2.65,41.8478,-83.136,2012,Mid,0.3664
7/9/2012,10:12,Toledo,80.7,33.1,41.7423,-83.4008,2012,Mid,0.08275
7/12/2012,11:50,NOAA,44.86,29.05,41.7042,-83.386,2012,Mid,0.08402
7/12/2012,12:25,NOAA,29.41,14.95,41.764,-83.4021,2012,Mid,0.09557
7/12/2012,11:05,NOAA,15.5,4.2,41.8036,-83.2554,2012,Mid,0.23958
7/12/2012,10:05,NOAA,56.62,25.41,41.8338,-83.1917,2012,Mid,0.31006
7/14/2012,9:02,Toledo,51.2,11.38,41.7423,-83.4008,2012,Mid,0.08275
7/16/2012,,ODNR,NA,6.76,41.4493,-82.6198,2012,Mid,0.88506
7/16/2012,,ODNR,NA,9.01,41.5275,-82.601,2012,Mid,0.88493
7/16/2012,,ODNR,NA,2.69,41.571,-82.7708,2012,Mid,0.71002
7/16/2012,,ODNR,NA,8.17,41.6345,-82.7635,2012,Mid,0.70887
7/16/2012,13:23,Toledo,157.6,33.08,41.7156,-83.4547,2012,Mid,0.02434
7/16/2012,13:59,Toledo,23.6,8.81,41.7335,-83.2968,2012,Mid,0.1768
7/16/2012,12:50,Toledo,29.8,9.54,41.7423,-83.4008,2012,Mid,0.08275
7/16/2012,10:45,Toledo,29.3,7.16,41.7507,-83.1035,2012,Mid,0.37016
7/16/2012,12:03,Toledo,23,10.63,41.7887,-83.3557,2012,Mid,0.14665
7/16/2012,11:19,Toledo,31,8.6,41.8209,-83.1855,2012,Mid,0.31024
7/18/2012,,ODNR,32.4,1.86,41.7022,-83.2478,2012,Mid,0.22194
7/18/2012,,ODNR,NA,3.66,41.768,-83.3012,2012,Mid,0.18304
7/18/2012,,ODNR,68.6,3.85,41.8393,-83.055,2012,Mid,0.43859
7/18/2012,,ODNR,NA,3.86,41.8478,-83.136,2012,Mid,0.3664
7/23/2012,12:19,NOAA,39,18.75,41.7177,-83.4235,2012,Mid,0.05084
7/23/2012,11:28,NOAA,95.28,36.38,41.75,-83.104,2012,Mid,0.36957
7/23/2012,10:28,NOAA,41.92,12.65,41.821,-83.186,2012,Mid,0.30982
7/23/2012,10:58,NOAA,60.98,16.52,41.8347,-83.3631,2012,Mid,0.17459
7/25/2012,,Toledo,102.9,32.35,41.7156,-83.4547,2012,Mid,0.02434
7/25/2012,,Toledo,34.4,10.5,41.7335,-83.2968,2012,Mid,0.1768
7/25/2012,,Toledo,100.8,41.29,41.7423,-83.4008,2012,Mid,0.08275
7/25/2012,,Toledo,39.2,14.69,41.7507,-83.1035,2012,Mid,0.37016
7/25/2012,,Toledo,51.2,11.39,41.7887,-83.3557,2012,Mid,0.14665
7/25/2012,,Toledo,17,11.58,41.8213,-83.1859,2012,Mid,0.31003
7/27/2012,,NOAA,NA,13.89,41.788,-83.356,2012,Mid,0.14597
7/30/2012,,ODNR,62,3.55,41.7022,-83.2478,2012,Mid,0.22194
7/30/2012,,ODNR,NA,3.69,41.768,-83.3012,2012,Mid,0.18304
7/30/2012,,ODNR,92.1,3.15,41.8393,-83.055,2012,Mid,0.43859
7/30/2012,,ODNR,NA,2.8,41.8478,-83.136,2012,Mid,0.3664
7/31/2012,,ODNR,NA,12.23,41.4493,-82.6198,2012,Mid,0.88506
7/31/2012,,ODNR,NA,7.8,41.5275,-82.601,2012,Mid,0.88493
7/31/2012,,ODNR,NA,3.84,41.571,-82.7708,2012,Mid,0.71002
7/31/2012,,ODNR,NA,5.87,41.6345,-82.7635,2012,Mid,0.70887
7/31/2012,15:10,NOAA,51.06,30.17,41.7155,-83.2,2012,Mid,0.27034
7/31/2012,14:25,NOAA,22.82,16.41,41.716,-83.455,2012,Mid,0.02447
7/31/2012,12:20,NOAA,NA,35.58,41.733,-83.297,2012,Mid,0.1765
7/31/2012,11:53,NOAA,42.03,7.38,41.742,-83.401,2012,Mid,0.08242
7/31/2012,13:20,NOAA,20.94,6.72,41.8322,-83.28,2012,Mid,0.23326
7/31/2012,13:50,NOAA,30.41,8.38,41.85,-83.08,2012,Mid,0.41884
7/31/2012,14:12,NOAA,NA,15.62,41.8912,-83.1963,2012,Mid,0.33567
8/2/2012,13:43,Toledo,38,46.51,41.7155,-83.4548,2012,Late,0.0242
8/2/2012,14:19,Toledo,39.9,8.99,41.7335,-83.2968,2012,Late,0.1768
8/2/2012,13:19,Toledo,152.4,41.29,41.7423,-83.4008,2012,Late,0.08275
8/2/2012,11:05,Toledo,63.2,12.91,41.7506,-83.1035,2012,Late,0.37015
8/2/2012,12:32,Toledo,50.5,27.65,41.7887,-83.3557,2012,Late,0.14665
8/2/2012,11:48,Toledo,15.3,15.6,41.8213,-83.1859,2012,Late,0.31003
8/6/2012,11:18,NOAA,28.2,6.9,41.6751,-83.1228,2012,Late,0.34751
8/6/2012,10:25,NOAA,60.64,69.8,41.742,-83.401,2012,Late,0.08242
8/6/2012,10:51,NOAA,26.4,16.38,41.75,-83.104,2012,Late,0.36957
8/6/2012,10:13,NOAA,56.77,59.75,41.788,-83.356,2012,Late,0.14597
8/6/2012,11:36,NOAA,57.67,78.82,41.821,-83.186,2012,Late,0.30982
8/13/2012,,ODNR,NA,10.5,41.4493,-82.6198,2012,Late,0.88506
8/13/2012,,ODNR,NA,11.85,41.5275,-82.601,2012,Late,0.88493
8/13/2012,,ODNR,NA,2.73,41.571,-82.7708,2012,Late,0.71002
8/13/2012,,ODNR,NA,4.73,41.6345,-82.7635,2012,Late,0.70887
8/13/2012,,ODNR,41.1,5.67,41.7022,-83.2478,2012,Late,0.22194
8/13/2012,12:32,Toledo,184.3,14.06,41.7154,-83.4552,2012,Late,0.02387
8/13/2012,11:40,NOAA,152.08,290.52,41.7155,-83.2,2012,Late,0.27034
8/13/2012,11:58,NOAA,34.58,10.54,41.716,-83.455,2012,Late,0.02447
8/13/2012,10:55,NOAA,12.44,7.82,41.733,-83.297,2012,Late,0.1765
8/13/2012,13:04,Toledo,57.6,104.26,41.7335,-83.297,2012,Late,0.1766
8/13/2012,12:10,Toledo,40.2,58.01,41.7425,-83.4014,2012,Late,0.08237
8/13/2012,10:17,Toledo,37.4,25.03,41.7506,-83.1035,2012,Late,0.37015
8/13/2012,,ODNR,NA,16.06,41.768,-83.3012,2012,Late,0.18304
8/13/2012,11:41,Toledo,30.4,36.84,41.7885,-83.3559,2012,Late,0.14637
8/13/2012,11:05,Toledo,16.8,15.55,41.8209,-83.1862,2012,Late,0.30959
8/13/2012,10:20,NOAA,94.16,228.19,41.8322,-83.28,2012,Late,0.23326
8/13/2012,,ODNR,15.8,3.37,41.8393,-83.055,2012,Late,0.43859
8/13/2012,,ODNR,NA,3.1,41.8478,-83.136,2012,Late,0.3664
8/20/2012,12:20,NOAA,13.67,11.9,41.6751,-83.1228,2012,Late,0.34751
8/20/2012,11:45,NOAA,79.74,84.78,41.75,-83.104,2012,Late,0.36957
8/20/2012,11:50,NOAA,84.18,95.98,41.788,-83.356,2012,Late,0.14597
8/20/2012,10:20,NOAA,48.66,54.36,41.821,-83.186,2012,Late,0.30982
8/20/2012,11:20,NOAA,27.51,22.02,41.85,-83.08,2012,Late,0.41884
8/27/2012,13:45,Toledo,148.3,19.88,41.7154,-83.4553,2012,Late,0.02381
8/27/2012,14:30,Toledo,23.1,10.84,41.7334,-83.297,2012,Late,0.17658
8/27/2012,13:15,Toledo,29.4,28.93,41.7425,-83.4014,2012,Late,0.08237
8/27/2012,10:52,Toledo,13.2,8.62,41.7504,-83.1038,2012,Late,0.36982
8/27/2012,12:46,Toledo,24.5,20.02,41.7885,-83.3559,2012,Late,0.14637
8/27/2012,11:48,Toledo,11.7,13.69,41.821,-83.1854,2012,Late,0.31037
8/29/2012,9:40,NOAA,42.31,19.56,41.7155,-83.2,2012,Late,0.27034
8/29/2012,10:09,NOAA,23.9,4.88,41.716,-83.455,2012,Late,0.02447
8/29/2012,10:56,NOAA,78.27,112.16,41.733,-83.297,2012,Late,0.1765
8/29/2012,10:35,NOAA,57.68,92.1,41.742,-83.401,2012,Late,0.08242
8/30/2012,,ODNR,NA,6.22,41.4493,-82.6198,2012,Late,0.88506
8/30/2012,,ODNR,NA,4.43,41.5275,-82.601,2012,Late,0.88493
8/30/2012,,ODNR,NA,2.76,41.571,-82.7708,2012,Late,0.71002
8/30/2012,,ODNR,NA,2.52,41.6345,-82.7635,2012,Late,0.70887
8/30/2012,,ODNR,33,4.51,41.7022,-83.2478,2012,Late,0.22194
8/30/2012,,ODNR,NA,5.87,41.768,-83.3012,2012,Late,0.18304
8/30/2012,,ODNR,18.4,3.1,41.8393,-83.055,2012,Late,0.43859
8/30/2012,,ODNR,NA,2.35,41.8478,-83.136,2012,Late,0.3664
9/1/2012,12:00,Toledo,140.4,82.8,41.7425,-83.4014,2012,Late,0.08237
9/5/2012,14:39,NOAA,75.2,49.08,41.6751,-83.1228,2012,Late,0.34751
9/5/2012,11:00,NOAA,99.69,65.84,41.75,-83.104,2012,Late,0.36957
9/5/2012,14:10,NOAA,44.45,29.48,41.809,-82.9833,2012,Late,0.49922
9/5/2012,11:54,NOAA,23.41,5.21,41.821,-83.186,2012,Late,0.30982
9/5/2012,13:47,NOAA,103.5,84.11,41.8322,-83.28,2012,Late,0.23326
9/5/2012,13:18,NOAA,21.75,15.97,41.85,-83.08,2012,Late,0.41884
9/10/2012,,ODNR,NA,9.62,41.4493,-82.6198,2012,Late,0.88506
9/10/2012,,ODNR,NA,6.69,41.5275,-82.601,2012,Late,0.88493
9/10/2012,,ODNR,NA,1.48,41.571,-82.7708,2012,Late,0.71002
9/10/2012,,ODNR,NA,3.82,41.6345,-82.7635,2012,Late,0.70887
9/10/2012,,ODNR,42.6,9.68,41.7022,-83.2478,2012,Late,0.22194
9/10/2012,,ODNR,NA,16.83,41.768,-83.3012,2012,Late,0.18304
9/10/2012,,ODNR,15.9,1.99,41.8393,-83.055,2012,Late,0.43859
9/10/2012,,ODNR,NA,2.95,41.8478,-83.136,2012,Late,0.3664
9/11/2012,11:41,Toledo,150.3,44.42,41.7154,-83.4553,2012,Late,0.02381
9/11/2012,12:37,Toledo,36.5,27.1,41.7334,-83.297,2012,Late,0.17658
9/11/2012,11:16,Toledo,100.4,74.21,41.7425,-83.4014,2012,Late,0.08237
9/11/2012,9:09,Toledo,16.8,11.55,41.7504,-83.1038,2012,Late,0.36982
9/11/2012,10:48,Toledo,44,32.58,41.7885,-83.3559,2012,Late,0.14637
9/11/2012,10:00,Toledo,5.1,4.81,41.8213,-83.186,2012,Late,0.30994
9/12/2012,8:33,NOAA,85.27,37.58,41.716,-83.455,2012,Late,0.02447
9/12/2012,10:08,NOAA,91.01,48.62,41.733,-83.297,2012,Late,0.1765
9/12/2012,9:08,NOAA,12.86,5.29,41.742,-83.401,2012,Late,0.08242
9/12/2012,9:44,NOAA,38.35,18.93,41.788,-83.356,2012,Late,0.14597
9/17/2012,10:02,NOAA,60.99,13.63,41.6751,-83.1228,2012,Late,0.34751
9/17/2012,11:06,NOAA,39.98,10.78,41.7155,-83.2,2012,Late,0.27034
9/17/2012,10:31,NOAA,16.42,11.87,41.8322,-83.28,2012,Late,0.23326
9/17/2012,12:17,NOAA,68.27,29.61,41.85,-83.08,2012,Late,0.41884
9/26/2012,,ODNR,39.7,7.45,41.7022,-83.2478,2012,Late,0.22194
9/26/2012,,ODNR,NA,5.92,41.768,-83.3012,2012,Late,0.18304
9/26/2012,,ODNR,75.4,21.15,41.8393,-83.055,2012,Late,0.43859
9/26/2012,,ODNR,NA,8.86,41.8478,-83.136,2012,Late,0.3664
9/28/2012,12:39,Toledo,38.8,15.89,41.7334,-83.297,2012,Late,0.17658
9/28/2012,12:13,Toledo,111.9,50.76,41.7425,-83.4014,2012,Late,0.08237
9/28/2012,10:29,Toledo,24.1,11.17,41.7504,-83.1038,2012,Late,0.36982
9/28/2012,11:32,Toledo,61.7,14.18,41.7885,-83.3559,2012,Late,0.14637
9/28/2012,11:00,Toledo,26,12.21,41.8213,-83.186,2012,Late,0.30994
10/1/2012,,ODNR,NA,11.83,41.4493,-82.6198,2012,Late,0.88506
10/1/2012,,ODNR,NA,7.31,41.5275,-82.601,2012,Late,0.88493
10/3/2012,,ODNR,NA,1.74,41.571,-82.7708,2012,Late,0.71002
10/3/2012,,ODNR,NA,3.92,41.6345,-82.7635,2012,Late,0.70887
