group,crop,carbon,sample.period,fertilizer,n.input,emission,EF,daily.em
1,grass,4,7,N,100,0.69,0.69,98.57142857
1,grass,4,7,N,100,7.85,7.85,1121.428571
1,grass,4,7,N,100,16.2,16.2,2314.285714
1,grass,4,28,A,250,0.375,0.15,13.39285714
1,grass,4,28,A,250,1,0.4,35.71428571
1,grass,4,28,A,250,7,2.8,250
2,vegetable,,89,none,0,0.096,#DIV/0!,1.078651685
2,vegetable,,89,N,150,0.184,0.122666667,2.06741573
2,cereal,,155,A,100,0.09,0.09,0.580645161
3,vegetable,,365,U,150,0.448,0.298666667,1.22739726
3,vegetable,34.2,365,M,150,0.613,0.408666667,1.679452055
3,vegetable,28.6,365,M,150,1.84,1.226666667,5.04109589
4,grass,3.9,357,none,0,0.23,#DIV/0!,0.644257703
4,grass,3.9,357,AN,120,0.38,0.316666667,1.06442577
4,grass,3.9,357,AN,240,0.68,0.283333333,1.904761905
4,grass,3.9,357,AN,360,0.98,0.272222222,2.745098039
5,cereal,2.2,8,AN,210,0.0088,0.004190476,1.1
5,cereal,1.65,8,AN,210,0.0088,0.004190476,1.1
5,cereal,1.65,8,AN,210,0.0088,0.004190476,1.1
5,cereal,2.2,8,AN,210,0.0128,0.006095238,1.6
5,cereal,1.65,8,AN,285,0.004,0.001403509,0.5
5,cereal,1.65,8,AN,285,0.0088,0.003087719,1.1
5,cereal,2.2,8,AN,285,0.0128,0.004491228,1.6
5,cereal,2.2,8,AN,285,0.0128,0.004491228,1.6
6,corn,1.2,150,UM,450,1.844,0.409777778,12.29333333
6,corn,1.2,150,U,225,1.295,0.575555556,8.633333333
6,corn,1.2,150,none,0,0.653,#DIV/0!,4.353333333
6,corn,1.2,150,M,225,1.275,0.566666667,8.5
7,none,0.0253,135,N,200,0.22,0.11,1.62962963
7,none,0.0071,135,N,200,0.3,0.15,2.222222222
8,rice,,119,UM,120,9.6,8,80.67226891
8,rice,,119,UM,147,9.8,6.666666667,82.35294118
8,rice,,119,UM,147,11.3,7.68707483,94.95798319
8,rice,,119,U,120,10.5,8.75,88.23529412
8,rice,,119,none,0,5,#DIV/0!,42.01680672
8,rice,,119,M,27,6.6,24.44444444,55.46218487
8,rice,,119,M,176,11.5,6.534090909,96.63865546
8,cereal,,165,UM,149,2.7,1.812080537,16.36363636
8,cereal,,165,U,120,2.3,1.916666667,13.93939394
8,cereal,,165,U,120,2.4,2,14.54545455
8,cereal,,165,none,0,2,#DIV/0!,12.12121212
8,cereal,,165,M,39,2.6,6.666666667,15.75757576
9,grass,,2,UAN,240,0.03134,0.013058333,15.67
9,cereal,,2,AN,86,0.00412,0.004790698,2.06
10,vegetable,,148,unknown,209,0.59,0.282296651,3.986486486
10,vegetable,,148,unknown,209,1.099,0.525837321,7.425675676
10,vegetable,,148,unknown,209,1.394,0.666985646,9.418918919
10,vegetable,,148,unknown,209,1.421,0.679904306,9.601351351
10,cereal,,101,unknown,120,0.417,0.3475,4.128712871
10,cereal,,101,unknown,120,0.472,0.393333333,4.673267327
10,cereal,,101,unknown,120,0.554,0.461666667,5.485148515
10,cereal,,101,unknown,120,0.73,0.608333333,7.227722772
10,cereal,,223,unknown,180,0.832,0.462222222,3.730941704
10,cereal,,223,unknown,180,0.906,0.503333333,4.062780269
10,cereal,,223,unknown,180,1.337,0.742777778,5.995515695
10,cereal,,223,unknown,180,1.483,0.823888889,6.650224215
11,grass,0.9,63,none,0,0.07,#DIV/0!,1.111111111
11,grass,0.9,105,none,0,0.08,#DIV/0!,0.761904762
11,grass,0.9,105,none,0,0.13,#DIV/0!,1.238095238
11,grass,0.9,63,none,0,0.2,#DIV/0!,3.174603175
11,grass,0.9,63,none,0,0.3,#DIV/0!,4.761904762
11,grass,0.9,63,A,52,0.35,0.673076923,5.555555556
11,grass,0.9,63,A,82,0.1,0.12195122,1.587301587
11,grass,0.9,63,A,112,0.23,0.205357143,3.650793651
11,grass,0.9,63,A,112,0.24,0.214285714,3.80952381
11,grass,0.9,365,A,112,0.89,0.794642857,2.438356164
11,grass,0.9,63,A,117,0.56,0.478632479,8.888888889
11,grass,0.9,365,A,363,1.37,0.377410468,3.753424658
12,none,4.9,96,U,125,0.503,0.4024,5.239583333
12,none,4.9,96,U,250,0.617,0.2468,6.427083333
12,none,4.9,96,none,0,0.33,#DIV/0!,3.4375
12,none,4.9,96,N,125,0.382,0.3056,3.979166667
12,none,4.9,96,N,250,0.358,0.1432,3.729166667
12,none,4.9,96,A,125,0.557,0.4456,5.802083333
12,none,4.9,96,A,250,0.613,0.2452,6.385416667
13,none,3.8,116,none,0,0.45,#DIV/0!,3.879310345
13,none,3.8,156,none,0,0.71,#DIV/0!,4.551282051
13,none,3.8,116,A,75,1.67,2.226666667,14.39655172
13,none,3.8,156,A,112,1.52,1.357142857,9.743589744
13,none,3.8,156,A,112,2.1,1.875,13.46153846
13,none,3.8,156,A,112,2.39,2.133928571,15.32051282
13,none,3.8,116,A,150,2.58,1.72,22.24137931
13,none,3.8,156,A,225,2.82,1.253333333,18.07692308
13,none,3.8,116,A,225,3.17,1.408888889,27.32758621
13,none,3.8,156,A,225,3.25,1.444444444,20.83333333
13,none,3.8,156,A,225,3.44,1.528888889,22.05128205
13,none,3.8,116,A,300,3.75,1.25,32.32758621
13,none,3.8,116,A,375,4.26,1.136,36.72413793
13,none,3.8,116,A,450,4.54,1.008888889,39.13793103
14,corn,4.6,140,U,180,0.57,0.316666667,4.071428571
14,corn,2.7,140,U,180,0.64,0.355555556,4.571428571
14,corn,2.5,140,U,180,0.77,0.427777778,5.5
14,corn,4.6,140,none,0,0.38,#DIV/0!,2.714285714
14,corn,2.7,140,none,0,0.51,#DIV/0!,3.642857143
14,corn,2.5,140,none,0,0.65,#DIV/0!,4.642857143
14,corn,4.6,140,N,180,0.44,0.244444444,3.142857143
14,corn,4.6,140,A,180,0.45,0.25,3.214285714
14,corn,2.7,140,A,180,0.62,0.344444444,4.428571429
14,corn,2.5,140,A,180,0.86,0.477777778,6.142857143
14,corn,4.6,140,A,180,1.92,1.066666667,13.71428571
14,corn,2.7,140,A,180,2.17,1.205555556,15.5
14,corn,2.5,140,A,180,4.4,2.444444444,31.42857143
15,none,3.7,167,none,0,0.43,#DIV/0!,2.574850299
15,none,3.7,355,none,0,0.62,#DIV/0!,1.746478873
15,none,3.7,167,A,180,0.55,0.305555556,3.293413174
15,none,3.7,167,A,180,1.37,0.761111111,8.203592814
15,none,3.7,355,A,180,1.74,0.966666667,4.901408451
15,none,3.7,355,A,180,3.62,2.011111111,10.1971831
16,legume,4.6,139,none,0,1.7,#DIV/0!,12.23021583
16,legume,2.5,139,none,0,2,#DIV/0!,14.38848921
16,legume,2.7,139,none,0,2.5,#DIV/0!,17.98561151
16,legume,2.5,139,A,250,12.1,4.84,87.05035971
16,legume,4.6,139,A,250,15,6,107.9136691
16,legume,2.7,139,A,250,19.6,7.84,141.0071942
17,legume,0.9,365,none,0,0.34,#DIV/0!,0.931506849
17,legume,5.4,365,none,0,0.65,#DIV/0!,1.780821918
17,legume,1.3,365,none,0,1.05,#DIV/0!,2.876712329
17,legume,3.6,365,none,0,1.35,#DIV/0!,3.698630137
17,legume,2.5,365,none,0,1.87,#DIV/0!,5.123287671
17,legume,2.9,365,none,0,1.97,#DIV/0!,5.397260274
18,none,,240,none,0,0.112,#DIV/0!,0.466666667
18,cereal,,300,U,150,0.929,0.619333333,3.096666667
18,cereal,,240,none,0,0.101,#DIV/0!,0.420833333
18,cereal,,300,none,0,0.44,#DIV/0!,1.466666667
19,corn,1.1,97,U,218,1.651,0.75733945,17.02061856
19,corn,1.1,90,U,218,3.226,1.479816514,35.84444444
19,corn,1.1,90,none,0,0.104,#DIV/0!,1.155555556
19,corn,1.1,97,none,0,0.108,#DIV/0!,1.113402062
20,rice,1.7,98,UM,112,0.059,0.052678571,0.602040816
20,rice,1.7,98,UM,120,0.055,0.045833333,0.56122449
20,rice,1.7,97,UM,192,0.028,0.014583333,0.288659794
20,rice,1.7,111,UM,192,0.057,0.0296875,0.513513514
20,rice,1.7,97,UM,192,0.164,0.085416667,1.690721649
20,rice,1.7,111,UM,200,0.121,0.0605,1.09009009
20,rice,1.7,98,U,120,0.131,0.109166667,1.336734694
20,rice,1.7,111,U,200,0.089,0.0445,0.801801802
20,rice,1.7,97,U,200,0.259,0.1295,2.670103093
20,rice,1.7,97,U,200,0.638,0.319,6.577319588
20,rice,1.7,98,A,120,0.097,0.080833333,0.989795918
20,rice,1.7,111,A,200,0.229,0.1145,2.063063063
21,vegetable,4.2,212,AN,140,1,0.714285714,4.716981132
21,vegetable,4.2,212,AN,140,2.1,1.5,9.905660377
21,vegetable,7.8,212,AN,140,5.6,4,26.41509434
21,vegetable,7.8,212,AN,140,8.6,6.142857143,40.56603774
21,cereal,4,212,AN,70,0.5,0.714285714,2.358490566
21,cereal,6.3,212,AN,70,0.9,1.285714286,4.245283019
21,cereal,4,212,AN,70,1.5,2.142857143,7.075471698
21,cereal,6.3,212,AN,70,5.4,7.714285714,25.47169811
22,rice,1.85,112,U,100,0.467,0.467,4.169642857
22,rice,1.85,112,U,300,0.617,0.205666667,5.508928571
22,rice,1.85,112,none,0,0.137,#DIV/0!,1.223214286
22,rice,1.85,112,A,100,0.175,0.175,1.5625
22,rice,1.85,112,A,300,0.997,0.332333333,8.901785714
23,rice,0.76,108,UA,364.5,1.689984,0.463644444,15.648
23,rice,0.79,108,UA,364.5,1.993248,0.546844444,18.456
23,rice,0.19,108,UA,364.5,4.375296,1.200355556,40.512
24,corn,0.9,8,U,75,0.675,0.9,84.375
24,corn,0.9,8,U,75,0.975,1.3,121.875
24,corn,0.9,64,U,150,2.550,1.7,39.84375
24,corn,0.9,64,U,150,2.850,1.9,44.53125
24,corn,0.9,56,U,200,2.000,1,35.71428571
24,cereal,0.9,134,UM,220,1.320,0.6,9.850746269
24,cereal,0.9,134,U,220,0.660,0.3,4.925373134
25,grass,0.12,365,none,0,0.34,#DIV/0!,0.931506849
25,corn,0.12,365,UM,237,5.2,2.194092827,14.24657534
25,corn,0.12,365,AM,181,3.6,1.988950276,9.863013699
26,cereal,,351,none,0,0.7,#DIV/0!,1.994301994
26,cereal,,351,M,556,11,1.978417266,31.33903134
26,cereal,,351,M,1112,23,2.068345324,65.52706553
26,cereal,,351,M,1668,56,3.357314149,159.5441595
27,none,1.1,124,none,0,0.590,#DIV/0!,4.758064516
27,legume,1.1,124,U,50,1.470,2.94,11.85483871
27,legume,1.1,124,U,100,2.610,2.61,21.0483871
27,legume,1.1,124,none,0,0.800,#DIV/0!,6.451612903
27,legume,1.1,124,none,0,0.910,#DIV/0!,7.338709677
27,legume,1.1,124,M,559,1.630,0.291592129,13.14516129
27,corn,1.1,124,U,150,3.530,2.353333333,28.46774194
27,corn,1.1,124,U,250,5.570,2.228,44.91935484
28,vegetable,0.46,81,U,200,0.0658,0.0329,0.812345679
28,vegetable,0.46,81,U,250,0.056,0.0224,0.691358025
28,vegetable,0.46,81,U,250,0.0853,0.03412,1.05308642
28,vegetable,0.46,81,none,0,0.0122,#DIV/0!,0.150617284
29,grass,1.9,100,none,0,0.67,#DIV/0!,6.7
29,grass,1.9,100,M,492,9.35,1.900406504,93.5
29,grass,1.9,100,AN,200,2.38,1.19,23.8
30,grass,2.75,365,UAN,360,2.94,0.816666667,8.054794521
30,grass,2.75,365,U,360,3.01,0.836111111,8.246575342
30,grass,2.75,365,U,360,5.21,1.447222222,14.2739726
30,grass,2.75,365,none,0,0.04,#DIV/0!,0.109589041
30,grass,2.75,365,none,0,0.26,#DIV/0!,0.712328767
30,grass,2.75,365,N,360,1.63,0.452777778,4.465753425
30,grass,2.75,365,N,360,4.01,1.113888889,10.98630137
30,grass,2.75,365,AN,360,1.5,0.416666667,4.109589041
30,grass,2.75,365,AN,360,4.23,1.175,11.5890411
30,grass,2.75,365,AM,275,0.48,0.174545455,1.315068493
30,grass,2.75,365,AM,275,6.4,2.327272727,17.53424658
30,grass,2.75,365,A,360,0.69,0.191666667,1.890410959
30,grass,2.75,365,A,360,1.28,0.355555556,3.506849315
31,cereal,,13,none,0,0.00001,#DIV/0!,0.000769231
31,cereal,,13,none,0,0.05,#DIV/0!,3.846153846
31,cereal,,21,none,0,0.1,#DIV/0!,4.761904762
31,cereal,,21,none,0,0.2,#DIV/0!,9.523809524
31,cereal,,13,M,84,0.1,0.119047619,7.692307692
31,cereal,,21,M,84,0.2,0.238095238,9.523809524
31,cereal,,21,M,84,0.2,0.238095238,9.523809524
31,cereal,,21,M,84,0.2,0.238095238,9.523809524
31,cereal,,13,M,84,0.3,0.357142857,23.07692308
31,cereal,,13,M,84,0.4,0.476190476,30.76923077
31,cereal,,13,M,84,0.42,0.5,32.30769231
31,cereal,,13,M,84,0.42,0.5,32.30769231
31,cereal,,21,M,84,0.43,0.511904762,20.47619048
31,cereal,,21,M,84,0.5,0.595238095,23.80952381
31,cereal,,13,M,84,0.53,0.630952381,40.76923077
31,cereal,,21,M,84,0.6,0.714285714,28.57142857
32,grass,4,112,M,1000,8,0.8,71.42857143
32,grass,8.3,112,M,1000,10,1,89.28571429
32,grass,7.9,112,M,1000,19,1.9,169.6428571
33,grass,8.7,95,M,500,7.5,1.5,78.94736842
33,grass,8.7,95,M,500,15,3,157.8947368
34,none,,35,none,0,0.03,#DIV/0!,0.857142857
34,none,,35,A,55,0.05,0.090909091,1.428571429
34,none,,35,A,110,0.1,0.090909091,2.857142857
34,none,,35,A,220,0.23,0.104545455,6.571428571
35,cereal,4,31,AN,149,1.66,1.111409396,53.41935484
35,cereal,3.7,31,AN,153,3.67,2.4,118.4516129
36,cereal,3,57,N,100,2.3,2.3,40.35087719
37,grass,3.7,242,AN,210,0.4,0.19047619,1.652892562
37,cereal,3.7,242,AN,70,1.1,1.571428571,4.545454545
37,cereal,3.7,242,AN,70,1.3,1.857142857,5.371900826
38,none,0.5,30,N,100,0.018,0.018,0.6
38,none,0.5,30,A,100,0.153,0.153,5.1
38,none,0.5,30,A,100,0.216,0.216,7.2
38,grass,2.6,30,N,100,0.001,0.001,0.033333333
38,grass,2.6,30,N,100,0.007,0.007,0.233333333
38,grass,2,30,N,100,0.017,0.017,0.566666667
38,grass,2.6,30,N,100,0.071,0.071,2.366666667
38,grass,0.8,30,N,100,0.073,0.073,2.433333333
38,grass,2.6,30,A,100,0.025,0.025,0.833333333
38,grass,0.8,30,A,100,0.053,0.053,1.766666667
38,grass,2.6,30,A,100,0.065,0.065,2.166666667
38,grass,2,30,A,100,0.07,0.07,2.333333333
38,grass,2,30,A,100,0.078,0.078,2.6
38,grass,2.6,30,A,100,0.376,0.376,12.53333333
39,other,,125,none,0,0.19,#DIV/0!,1.52
39,other,,125,AN,133,1.37,1.030075188,10.96
39,corn,,125,none,0,0.51,#DIV/0!,4.08
39,corn,,125,AN,122,1.83,1.5,14.64
40,cereal,,90,U,90,0.738,0.82,8.2
40,cereal,,90,none,0,0.405,#DIV/0!,4.5
41,grass,2.3,150,U,168,0.18,0.107142857,1.2
41,grass,2.3,150,U,168,0.45,0.267857143,3
41,grass,2.3,150,none,0,0.06,#DIV/0!,0.4
41,grass,2.3,150,AN,168,1.155,0.6875,7.7
41,grass,2.3,150,AN,168,11.91,7.089285714,79.4
42,tuber,1,365,AN,165,2.4,1.454545455,6.575342466
42,grass,4,365,UAN,300,2.8,0.933333333,7.671232877
42,grass,3,365,AN,130,4.7,3.615384615,12.87671233
42,grass,2.5,365,AN,260,3,1.153846154,8.219178082
42,grass,2,365,AN,298,5.3,1.77852349,14.52054795
42,grass,2.5,365,AN,300,15.6,5.2,42.73972603
42,grass,2.5,365,AN,300,17.1,5.7,46.84931507
42,grass,2.5,365,AN,315,9.4,2.984126984,25.75342466
42,grass,2.5,365,AN,387,1.7,0.439276486,4.657534247
42,grass,3.5,365,AN,427,27.6,6.463700234,75.61643836
42,cereal,1,365,AN,132,0.7,0.53030303,1.917808219
42,cereal,2.5,365,AN,190,1.2,0.631578947,3.287671233
43,vegetable,,92,UAN,130,9.1,7,98.91304348
43,vegetable,,265,UAN,230,12.2,5.304347826,46.03773585
43,vegetable,,92,AN,120,1.2,1,13.04347826
43,tuber,,232,UAN,170,3,1.764705882,12.93103448
43,tuber,,247,UAN,180,4.7,2.611111111,19.02834008
43,grass,,122,AN,210,2.5,1.19047619,20.49180328
43,grass,,365,AN,230,1.9,0.826086957,5.205479452
43,grass,,365,AN,310,4.5,1.451612903,12.32876712
43,grass,,365,AN,320,3.8,1.1875,10.4109589
43,grass,,214,AN,320,9,2.8125,42.05607477
43,grass,,365,AN,320,13.9,4.34375,38.08219178
43,grass,,214,AN,320,18.4,5.75,85.98130841
43,grass,,365,AN,462.5,7.7,1.664864865,21.09589041
43,grass,,214,AN,487.5,16.9,3.466666667,78.97196262
43,cereal,,273,AN,200,0.7,0.35,2.564102564
43,cereal,,275,AN,200,0.9,0.45,3.272727273
44,corn,,183,AN,182,1.29,0.708791209,7.049180328
44,corn,,183,AN,182,1.3,0.714285714,7.103825137
44,corn,,183,AN,182,1.44,0.791208791,7.868852459
44,corn,,183,AN,182,1.49,0.818681319,8.142076503
44,corn,,183,AN,182,1.5,0.824175824,8.196721311
44,corn,,183,AN,182,1.57,0.862637363,8.579234973
44,corn,,183,AN,182,1.6,0.879120879,8.743169399
44,corn,,183,AN,182,1.72,0.945054945,9.398907104
44,corn,,183,AN,182,1.75,0.961538462,9.56284153
44,corn,,183,AN,182,2,1.098901099,10.92896175
44,corn,,183,AN,182,2.48,1.362637363,13.55191257
44,corn,,183,AN,182,3.95,2.17032967,21.58469945
44,corn,,183,AN,182,4.72,2.593406593,25.79234973
44,corn,,183,AN,182,5.06,2.78021978,27.65027322
44,corn,,183,AN,182,5.48,3.010989011,29.94535519
44,corn,,183,AN,182,6.06,3.32967033,33.1147541
44,corn,,183,AN,182,7.55,4.148351648,41.2568306
44,corn,,183,AN,182,8.99,4.93956044,49.12568306
45,corn,1,85,U,140,2.500,1.785714286,29.41176471
45,corn,1,85,none,0,0.300,#DIV/0!,3.529411765
45,corn,1,85,N,140,0.300,0.214285714,3.529411765
46,vegetable,,365,none,0,2.3,#DIV/0!,6.301369863
46,vegetable,,365,none,0,4.2,#DIV/0!,11.50684932
46,grass,,365,none,0,0.9,#DIV/0!,2.465753425
46,grass,,365,none,0,1.7,#DIV/0!,4.657534247
46,corn,,365,UAN,130,2.2,1.692307692,6.02739726
46,corn,,365,UAN,130,2.9,2.230769231,7.945205479
46,corn,,365,AM,130,1.6,1.230769231,4.383561644
46,corn,,365,AM,130,2.4,1.846153846,6.575342466
46,corn,,365,AM,130,2.9,2.230769231,7.945205479
46,corn,,365,AM,130,3.8,2.923076923,10.4109589
47,grass,4.1,365,none,0,3.2,#DIV/0!,8.767123288
47,grass,4.1,365,N,700,13.4,1.914285714,36.71232877
47,grass,4.1,365,M,700,3.3,0.471428571,9.04109589
48,grass,4.1,273,none,0,0.45,#DIV/0!,1.648351648
48,grass,4.1,314,none,0,3.55,#DIV/0!,11.30573248
48,grass,4.1,314,N,100,6.9,6.9,21.97452229
48,grass,4.1,273,N,400,1.25,0.3125,4.578754579
48,grass,4.1,273,M,298,1.1,0.369127517,4.029304029
48,grass,4.1,314,M,1230,3.25,0.264227642,10.35031847
49,corn,,117,AN,180,0.585,0.325,5
49,corn,,117,AN,180,0.702,0.39,6
49,corn,,117,AN,180,1.053,0.585,9
49,corn,,140,AN,180,2.1,1.166666667,15
49,corn,,140,AN,180,2.8,1.555555556,20
49,corn,,140,AN,180,3.78,2.1,27
50,grass,3.1,5,none,0,0.015,#DIV/0!,3
50,grass,3.1,5,M,45,0.0332,0.073777778,6.64
50,grass,3.1,5,M,45,0.0894,0.198666667,17.88
50,grass,3.1,5,AN,60,0.046,0.076666667,9.2
51,unknown,1.6,16,none,0,0.33,#DIV/0!,20.625
51,unknown,1.1,16,M,99.159306,0.03,0.030254346,1.875
51,unknown,1.1,16,M,99.159306,0.04,0.040339129,2.5
51,unknown,1.1,16,M,99.159306,0.16,0.161356515,10
51,unknown,1.1,16,M,99.159306,0.22,0.221865207,13.75
51,unknown,1.6,16,M,135.21687,0.49,0.362380818,30.625
51,unknown,1.6,16,M,135.21687,0.67,0.495500303,41.875
51,unknown,1.6,16,M,135.21687,0.82,0.606433206,51.25
51,unknown,1.6,16,M,135.21687,0.91,0.672992948,56.875
52,tuber,1.4,365,AN,37,2.02,5.459459459,5.534246575
52,tuber,1.4,365,AN,75,1.62,2.16,4.438356164
53,other,1.05,365,M,83,9.4,11.3253012,25.75342466
53,other,1.88,365,M,83,12.9,15.54216867,35.34246575
53,cereal,1.31,365,AM,190,9.6,5.052631579,26.30136986
53,cereal,1.5,365,AM,190,16.8,8.842105263,46.02739726
54,grass,2.5,78,none,0,2.6,#DIV/0!,32.82051282
54,grass,2.5,78,M,228,7.3,3.201754386,93.58974359
55,rice,,8,A,20,0.2227,1.1135,27.8375
56,other,,23,U,120,2.0,1.666666667,86.95652174
57,vegetable,1.56,160,AN,80,0.2,0.25,1.25
57,vegetable,1.61,160,AN,80,0.2,0.25,1.25
57,vegetable,1.56,160,AN,80,0.4,0.5,2.5
57,vegetable,2.72,160,AM,410,1.2,0.292682927,7.5
57,other,1.56,210,AN,80,0.9,1.125,4.285714286
57,other,1.61,210,AN,80,1,1.25,4.761904762
57,other,1.56,206,AN,80,1.5,1.875,7.281553398
57,other,2.31,190,AM,245,0.3,0.12244898,1.578947368
57,other,2.31,202,AM,245,3.2,1.306122449,15.84158416
57,other,2.72,253,AM,410,2.7,0.658536585,10.67193676
57,other,2.72,257,AM,410,6.1,1.487804878,23.73540856
57,corn,1.81,147,AN,200,0.3,0.15,2.040816327
57,corn,1.74,147,AN,200,0.6,0.3,4.081632653
57,corn,1.74,190,AN,200,3.5,1.75,18.42105263
57,corn,1.81,190,AN,200,6.3,3.15,33.15789474
57,cereal,2.72,152,M,440,0.2,0.045454545,1.315789474
57,cereal,2.72,205,M,440,1.6,0.363636364,7.804878049
58,vegetable,2.14,107,none,0,1.730,#DIV/0!,16.1682243
58,other,2.14,323,M,267,0.780,0.292134831,2.414860681
58,grass,2.14,210,M,318,23.700,7.452830189,112.8571429
58,grass,4.16,310,AM,248,18.160,7.322580645,58.58064516
58,grass,2.89,310,AM,278,2.550,0.917266187,8.225806452
58,grass,2.05,308,AM,278,31.730,11.41366906,103.0194805
58,grass,2.05,332,AM,506,13.650,2.697628458,41.11445783
58,corn,0.91,310,unknown,75,0.320,0.426666667,1.032258065
58,corn,0.48,319,M,204,1.540,0.754901961,4.827586207
59,corn,1.48,57,A,168,0.291,0.17328869,5.10745614
60,vegetable,,307,none,0,0.362,#DIV/0!,1.18
60,vegetable,,307,none,0,0.491,#DIV/0!,1.6
60,vegetable,,307,none,0,1.606,#DIV/0!,5.23
60,vegetable,,307,AN,100,0.768,0.7675,2.5
60,vegetable,,307,AN,100,1.332,1.33238,4.34
60,vegetable,,307,AN,100,1.412,1.4122,4.6
60,vegetable,,307,AN,100,1.762,1.76218,5.74
60,vegetable,,307,AN,100,2.625,2.62485,8.55
60,vegetable,,307,AN,100,2.907,2.90729,9.47
60,vegetable,,307,AN,100,4.801,4.80148,15.64
61,unknown,,25,none,0,0.024,#DIV/0!,0.96
61,unknown,,270,none,0,0.291,#DIV/0!,1.077777778
61,unknown,,270,M,225,0.653,0.290222222,2.418518519
61,unknown,,25,AN,48,0.065,0.135416667,2.6
61,unknown,,270,AN,48,1.073,2.235416667,3.974074074
61,unknown,,25,AN,96,0.213,0.221875,8.52
61,unknown,,25,AN,192,1.433,0.746354167,57.32
62,vegetable,0.9,365,unknown,150,0.99,0.66,2.712328767
62,vegetable,0.9,365,unknown,150,3.89,2.593333333,10.65753425
62,vegetable,0.9,365,none,0,0.71,#DIV/0!,1.945205479
62,vegetable,0.9,365,none,0,1.11,#DIV/0!,3.04109589
62,tree,0.9,365,unknown,150,0.55,0.366666667,1.506849315
62,tree,0.9,365,unknown,150,0.77,0.513333333,2.109589041
62,tree,0.9,365,unknown,150,0.92,0.613333333,2.520547945
62,tree,0.9,365,unknown,150,0.94,0.626666667,2.575342466
62,tree,0.9,365,unknown,150,1.14,0.76,3.123287671
62,tree,0.9,365,unknown,150,1.23,0.82,3.369863014
62,tree,0.9,365,unknown,150,1.66,1.106666667,4.547945205
62,tree,0.9,365,unknown,150,1.67,1.113333333,4.575342466
62,tree,0.9,365,unknown,150,5.17,3.446666667,14.16438356
62,tree,0.9,365,none,0,0.37,#DIV/0!,1.01369863
62,tree,0.9,365,none,0,0.4,#DIV/0!,1.095890411
62,tree,0.9,365,none,0,0.49,#DIV/0!,1.342465753
62,tree,0.9,365,none,0,0.49,#DIV/0!,1.342465753
62,tree,0.9,365,none,0,0.49,#DIV/0!,1.342465753
62,tree,0.9,365,none,0,0.54,#DIV/0!,1.479452055
62,tree,0.9,365,none,0,0.56,#DIV/0!,1.534246575
62,tree,0.9,365,none,0,0.57,#DIV/0!,1.561643836
62,tree,0.9,365,none,0,0.58,#DIV/0!,1.589041096
62,other,0.9,365,unknown,150,1.48,0.986666667,4.054794521
62,other,0.9,365,none,0,0.94,#DIV/0!,2.575342466
62,grass,0.9,365,unknown,150,1.12,0.746666667,3.068493151
62,grass,0.9,365,unknown,150,1.16,0.773333333,3.178082192
62,grass,0.9,365,unknown,150,1.2,0.8,3.287671233
62,grass,0.9,365,unknown,150,1.37,0.913333333,3.753424658
62,grass,0.9,365,unknown,150,2.06,1.373333333,5.643835616
62,grass,0.9,365,none,0,0.94,#DIV/0!,2.575342466
62,grass,0.9,365,none,0,0.98,#DIV/0!,2.684931507
62,grass,0.9,365,none,0,1.01,#DIV/0!,2.767123288
62,grass,0.9,365,none,0,1.04,#DIV/0!,2.849315068
62,grass,0.9,365,none,0,1.15,#DIV/0!,3.150684932
63,vegetable,1.1,120,U,170,1.088,0.64,9.066666667
63,vegetable,1.1,120,none,0,0.254,#DIV/0!,2.116666667
63,vegetable,1.1,120,N,170,1.085,0.638235294,9.041666667
63,vegetable,1.1,120,AN,170,1.306,0.768235294,10.88333333
63,vegetable,1.1,120,AN,170,1.359,0.799411765,11.325
63,vegetable,1.1,219,AN,170,2.16,1.270588235,9.863013699
63,cereal,1.1,219,AN,170,2.09,1.229411765,9.543378995
64,vegetable,3.1,150,unknown,142,3.54,2.492957746,23.6
64,vegetable,1.7,150,unknown,153,0.153,0.1,1.02
64,vegetable,0.8,150,unknown,162,0.938,0.579012346,6.253333333
64,vegetable,1.7,150,unknown,232,0.315,0.135775862,2.1
64,vegetable,3.1,150,unknown,237,5.873,2.478059072,39.15333333
64,vegetable,0.8,150,unknown,262,2.003,0.764503817,13.35333333
64,vegetable,1.7,150,none,0,0.008,#DIV/0!,0.053333333
64,none,1.7,150,none,0,0.008,#DIV/0!,0.053333333
64,none,0.8,150,none,0,0.075,#DIV/0!,0.5
64,none,3.1,150,none,0,0.32,#DIV/0!,2.133333333
64,grass,0.8,150,none,0,0.008,#DIV/0!,0.053333333
64,grass,3.1,150,none,0,0.072,#DIV/0!,0.48
65,grass,2.97,93,UA,240,2.241,0.933875,24.1
65,grass,3.55,93,UA,240,3.060,1.274875,32.9
66,rice,0.8,105,UM,422.5,1.78,0.421301775,16.95238095
66,rice,0.8,105,UM,422.5,2.14,0.506508876,20.38095238
66,rice,0.2,105,UM,422.5,4.72,1.117159763,44.95238095
66,rice,1.9,105,U,100,0.1702,0.1702,1.620952381
66,rice,2.1,36,U,122,0.00001,8.19672E-06,0.000277778
66,rice,3.3,36,U,122,0.0099,0.008114754,0.275
66,rice,2.1,36,U,122,0.0173,0.014180328,0.480555556
66,rice,2.8,36,U,122,0.0225,0.018442623,0.625
66,rice,3.3,36,U,122,0.0365,0.029918033,1.013888889
66,rice,2.8,36,U,122,1.1215,0.919262295,31.15277778
66,rice,1.9,105,U,300,0.6182,0.206066667,5.887619048
66,rice,1.9,105,none,0,0.1366,#DIV/0!,1.300952381
66,rice,1.9,105,A,100,0.1745,0.1745,1.661904762
66,rice,1.9,105,A,300,0.9811,0.327033333,9.343809524
67,grass,0.85,63,none,0,0.15,#DIV/0!,2.380952381
67,grass,0.85,63,A,52,0.15,0.288461538,2.380952381
67,grass,0.85,63,A,52,0.35,0.673076923,5.555555556
68,corn,,123,A,200,2.6,1.3,21.13821138
69,grass,1.7,63,none,0,0.020,#DIV/0!,0.317460317
69,grass,1.7,105,none,0,0.050,#DIV/0!,0.476190476
69,grass,1.7,105,none,0,0.100,#DIV/0!,0.952380952
69,grass,1.7,63,none,0,0.150,#DIV/0!,2.380952381
69,grass,1.7,63,none,0,0.220,#DIV/0!,3.492063492
69,grass,1.7,63,A,52,0.350,0.673076923,5.555555556
69,grass,1.7,63,A,82,0.090,0.109756098,1.428571429
69,grass,1.7,63,A,112,0.130,0.116071429,2.063492063
69,grass,1.7,63,A,112,0.150,0.133928571,2.380952381
69,grass,1.7,365,A,112,0.600,0.535714286,1.643835616
69,grass,1.7,63,A,117,0.480,0.41025641,7.619047619
69,grass,1.7,365,A,363,1.200,0.330578512,3.287671233
70,legume,,120,none,0,0.64,#DIV/0!,5.333333333
70,legume,,120,none,0,1.18,#DIV/0!,9.833333333
70,legume,,120,none,0,1.65,#DIV/0!,13.75
70,legume,,120,none,0,2.31,#DIV/0!,19.25
70,corn,,120,UAN,84,0.75,0.892857143,6.25
70,corn,,120,UAN,84,2.28,2.714285714,19
70,corn,,120,A,150,0.93,0.62,7.75
70,corn,,120,A,150,2.76,1.84,23
70,corn,,120,A,180,0.86,0.477777778,7.166666667
70,corn,,120,A,180,3.73,2.072222222,31.08333333
70,cereal,,120,none,0,1.88,#DIV/0!,15.66666667
71,none,3.2,31,none,0,0.00001,#DIV/0!,0.000322581
71,none,1.9,31,none,0,0.03,#DIV/0!,0.967741935
71,none,1.15,30,none,0,0.046,#DIV/0!,1.533333333
71,none,1.9,30,none,0,0.1,#DIV/0!,3.333333333
71,none,3.2,30,none,0,0.74,#DIV/0!,24.66666667
71,none,1.15,30,none,0,0.88,#DIV/0!,29.33333333
71,none,1.9,30,none,0,0.4,#DIV/0!,13.33333333
71,corn,1.9,30,unknown,150,3.21,2.14,107
71,corn,3.2,30,U,150,3.37,2.246666667,112.3333333
71,corn,1.15,30,A,280,0.9,0.321428571,30
72,corn,19,365,A,280,11,3.928571429,30.1369863
73,other,1.2,200,none,0,0.143,#DIV/0!,0.715
73,other,1.2,200,AN,75,1.092,1.456,5.46
73,grass,1.2,200,AN,120,0.498,0.415,2.49
74,cereal,,365,N,60,1.09,1.816666667,2.98630137
74,cereal,,365,N,60,1.621,2.701666667,4.44109589
74,cereal,,365,AN,108,0.97,0.898148148,2.657534247
74,cereal,,365,AN,210,1.182,0.562857143,3.238356164
75,grass,,365,UAN,175,1.06,0.604857143,2.9
75,grass,,365,UAN,350,1.53,0.436857143,4.189041096
75,grass,,365,none,0,0.96,#DIV/0!,2.62
76,vegetable,1.6,365,AN,90,1.23,1.366666667,3.369863014
76,grass,3.1,365,AN,215,6.58,3.060465116,18.02739726
76,corn,2.7,365,AN,150,2.27,1.513333333,6.219178082
76,cereal,0.94,365,AN,60,0.92,1.533333333,2.520547945
76,cereal,1.7,365,AN,60,0.99,1.65,2.712328767
76,cereal,1.6,365,AN,60,1.18,1.966666667,3.232876712
76,cereal,0.85,365,AN,60,1.74,2.9,4.767123288
76,cereal,1.7,365,AN,90,0.2,0.222222222,0.547945205
76,cereal,1.6,365,AN,90,0.5,0.555555556,1.369863014
76,cereal,0.85,365,AN,108,1.16,1.074074074,3.178082192
76,cereal,1,365,AN,144,0.93,0.645833333,2.547945205
76,cereal,0.94,365,AN,210,1.1,0.523809524,3.01369863
77,vegetable,,365,UAN,45,1.3,2.888888889,3.561643836
77,vegetable,,365,UAN,85,1.5,1.764705882,4.109589041
77,vegetable,,365,UAN,86,2.8,3.255813953,7.671232877
77,vegetable,,365,UAN,100,1.4,1.4,3.835616438
77,vegetable,,365,UAN,172,4,2.325581395,10.95890411
77,vegetable,,365,UAN,183,3.4,1.857923497,9.315068493
77,vegetable,,365,none,0,1,#DIV/0!,2.739726027
77,vegetable,,365,none,0,2.5,#DIV/0!,6.849315068
77,vegetable,,365,none,0,3.2,#DIV/0!,8.767123288
77,other,,365,UAN,35,3,8.571428571,8.219178082
77,other,,365,UAN,55,2.3,4.181818182,6.301369863
77,other,,365,UAN,70,1.9,2.714285714,5.205479452
77,other,,365,UAN,70,2.9,4.142857143,7.945205479
77,other,,365,UAN,110,3.6,3.272727273,9.863013699
77,other,,365,UAN,140,2.1,1.5,5.753424658
77,other,,365,none,0,1.5,#DIV/0!,4.109589041
77,other,,365,none,0,2.5,#DIV/0!,6.849315068
77,other,,365,none,0,2.6,#DIV/0!,7.123287671
77,cereal,,365,UAN,45,1.4,3.111111111,3.835616438
77,cereal,,365,UAN,65,2.7,4.153846154,7.397260274
77,cereal,,365,UAN,73,3.1,4.246575342,8.493150685
77,cereal,,365,UAN,85,1.2,1.411764706,3.287671233
77,cereal,,365,UAN,90,1.4,1.555555556,3.835616438
77,cereal,,365,UAN,91,2,2.197802198,5.479452055
77,cereal,,365,UAN,105,1.1,1.047619048,3.01369863
77,cereal,,365,UAN,130,3.5,2.692307692,9.589041096
77,cereal,,365,UAN,146,3.7,2.534246575,10.1369863
77,cereal,,365,UAN,170,2.4,1.411764706,6.575342466
77,cereal,,365,UAN,183,2.6,1.420765027,7.123287671
77,cereal,,365,UAN,210,1.4,0.666666667,3.835616438
77,cereal,,365,none,0,1.1,#DIV/0!,3.01369863
77,cereal,,365,none,0,1.1,#DIV/0!,3.01369863
77,cereal,,365,none,0,1.5,#DIV/0!,4.109589041
77,cereal,,365,none,0,2.3,#DIV/0!,6.301369863
77,cereal,,365,none,0,2.9,#DIV/0!,7.945205479
77,cereal,,365,none,0,3.1,#DIV/0!,8.493150685
78,grass,6.6,365,none,0,0.2,#DIV/0!,0.547945205
78,grass,3,365,AN,40,0.4,1,1.095890411
78,grass,6.6,365,AN,40,0.8,2,2.191780822
78,grass,6.6,365,AN,80,0.84,1.05,2.301369863
78,grass,6.6,365,AN,80,1.2,1.5,3.287671233
78,grass,6.6,365,AN,120,1.4,1.166666667,3.835616438
78,grass,6.6,365,AN,240,2.8,1.166666667,7.671232877
78,grass,6.6,365,AN,400,4.3,1.075,11.78082192
79,none,1.8,183,none,0,0.47,#DIV/0!,2.568306011
79,none,1.8,183,none,0,1.4,#DIV/0!,7.650273224
79,none,1.8,641,none,0,4.83,#DIV/0!,7.535101404
79,none,1.8,641,none,0,4.98,#DIV/0!,7.769110764
79,cereal,1.8,183,UAN,100,0.66,0.66,3.606557377
79,cereal,1.8,183,UAN,100,1.54,1.54,8.415300546
79,cereal,1.8,641,UAN,200,7.55,3.775,11.77847114
79,cereal,1.8,641,UAN,200,7.98,3.99,12.44929797
80,rice,,23,U,80,1.679,2.09875,73
80,rice,,23,none,0,0.847,#DIV/0!,36.82608696
81,none,,365,none,0,0.402,#DIV/0!,1.101369863
81,none,,365,none,0,0.65,#DIV/0!,1.780821918
81,none,,365,none,0,0.675,#DIV/0!,1.849315068
81,grass,,365,none,0,0.234,#DIV/0!,0.64109589
81,grass,,365,none,0,0.303,#DIV/0!,0.830136986
81,grass,,365,none,0,0.434,#DIV/0!,1.189041096
81,cereal,,365,none,0,0.292,#DIV/0!,0.8
81,cereal,,365,none,0,0.299,#DIV/0!,0.819178082
81,cereal,,365,none,0,0.321,#DIV/0!,0.879452055
81,cereal,,365,none,0,0.431,#DIV/0!,1.180821918
81,cereal,,365,none,0,0.496,#DIV/0!,1.35890411
81,cereal,,365,none,0,0.504,#DIV/0!,1.380821918
82,corn,1.8,180,none,0,2.2,#DIV/0!,12.22222222
82,corn,1.9,180,AN,30,2.7,9,15
82,corn,1.9,180,AM,150,4.8,3.2,26.66666667
82,cereal,1.2,180,none,0,0.00001,#DIV/0!,5.55556E-05
82,cereal,1.2,180,none,0,0.8,#DIV/0!,4.444444444
82,cereal,1.2,365,none,0,2.5,#DIV/0!,6.849315068
82,cereal,1.26,180,none,0,5,#DIV/0!,27.77777778
82,cereal,1.43,180,AN,60,5.2,8.666666667,28.88888889
82,cereal,1.84,180,AN,60,5.7,9.5,31.66666667
82,cereal,1.2,180,AN,137,3,2.189781022,16.66666667
82,cereal,1.2,180,AN,137,3.3,2.408759124,18.33333333
82,cereal,1.2,180,AN,170,3,1.764705882,16.66666667
82,cereal,1.2,365,AN,170,5.4,3.176470588,14.79452055
82,cereal,1.2,180,AN,170,5.5,3.235294118,30.55555556
82,cereal,1.2,180,AM,270,7.3,2.703703704,40.55555556
82,cereal,1.2,365,AM,270,11.9,4.407407407,32.60273973
82,cereal,1.2,180,AM,270,13.8,5.111111111,76.66666667
83,vegetable,3.02,365,AN,220,0.82,0.372727273,2.246575342
83,tuber,3.02,365,AN,60,0.09,0.15,0.246575342
83,other,3.02,365,AN,150,0.34,0.226666667,0.931506849
83,other,3.5,365,AN,150,2.36,1.573333333,6.465753425
83,none,3.02,365,none,0,0.00001,#DIV/0!,2.73973E-05
83,none,3.5,365,none,0,0.13,#DIV/0!,0.356164384
83,legume,3.02,365,A,40,0.19,0.475,0.520547945
83,legume,3.5,365,A,40,0.31,0.775,0.849315068
83,cereal,3.5,365,A,110,0.53,0.481818182,1.452054795
83,cereal,3.02,365,A,110,0.56,0.509090909,1.534246575
84,vegetable,2.9,199,AN,242,15.6,6.446280992,78.3919598
84,vegetable,2.9,208,AN,270,7.8,2.888888889,37.5
84,vegetable,2.9,183,AN,280,5.3,1.892857143,28.96174863
84,vegetable,2.9,185,AN,310,3.5,1.129032258,18.91891892
84,vegetable,2.9,199,AN,320,4.7,1.46875,23.61809045
84,vegetable,2.9,183,AN,322,9.9,3.074534161,54.09836066
85,vegetable,,90,M,1006,13.0,1.292246521,144.4444444
85,none,,90,none,0,0.2,#DIV/0!,2.222222222
85,grass,,90,M,348,0.4,0.114942529,4.444444444
85,grass,,90,M,482,6.0,1.244813278,66.66666667
86,cereal,2.6,365,U,25,1.7,6.8,4.657534247
86,cereal,2.6,365,U,25,2.5,10,6.849315068
86,cereal,1.5,365,U,56,0.4,0.714285714,1.095890411
86,cereal,1.5,365,U,56,0.9,1.607142857,2.465753425
86,cereal,5.5,365,U,56,2.0,3.571428571,5.479452055
86,cereal,3.4,365,U,100,0.9,0.9,2.465753425
86,cereal,3.4,365,U,100,2.0,2,5.479452055
86,cereal,4,365,U,100,2.0,2,5.479452055
87,corn,2,185,none,0,0.3,#DIV/0!,1.621621622
87,corn,2,185,M,170,0.7,0.411764706,3.783783784
87,corn,2,185,M,339,1,0.294985251,5.405405405
88,grass,,365,M,246,14.0,5.691056911,38.35616438
88,grass,,365,M,427,14.0,3.278688525,38.35616438
88,grass,,365,M,643,22.0,3.421461897,60.2739726
88,grass,,365,M,802,16,1.995012469,43.83561644
89,grass,3,180,AN,180,3.33,1.85,18.5
89,corn,3,180,none,0,1.53,#DIV/0!,8.5
89,corn,3,180,AN,90,2.31,2.566666667,12.83333333
90,grass,3.81,40,U,50,0.028,0.056,0.7
90,grass,3.81,153,U,150,0.428,0.2856,2.8
90,grass,3.81,157,U,200,0.440,0.2198,2.8
90,grass,3.81,153,none,0,0.00001,#DIV/0!,6.53595E-05
90,grass,3.81,157,none,0,0.00001,#DIV/0!,6.36943E-05
90,grass,3.81,40,none,0,0.004,#DIV/0!,0.1
90,grass,3.81,40,AN,50,0.048,0.096,1.2
90,grass,3.81,153,AN,159,0.260,0.163584906,1.7
90,grass,3.81,157,AN,200,3.454,1.727,22
91,corn,1.1,63,U,100,0.16,0.16,2.53968254
91,cereal,1.1,148,U,100,0.49,0.49,3.310810811
92,other,,6.5,U,20,0.006,0.03,0.923076923
92,other,,6.5,U,22,0.013,0.059090909,2
92,other,1.5,6.5,U,34,0.11,0.323529412,16.92307692
92,other,1.5,6.5,U,35,0.17,0.485714286,26.15384615
92,other,,6.5,U,39,0.092,0.235897436,14.15384615
92,other,1.5,6.5,U,45,0.052,0.115555556,8
92,other,1.6,6.5,U,84,0.011,0.013095238,1.692307692
92,other,5.5,30,U,94,0.33,0.35106383,11
92,other,8,15,U,95,0.38,0.4,25.33333333
92,other,5.6,20,U,124,1.25,1.008064516,62.5
93,cereal,2.3,56,U,120,0.6,0.5,10.71428571
93,cereal,2.3,56,none,0,0.3,#DIV/0!,5.357142857
93,cereal,2.3,56,AN,120,0.4,0.333333333,7.142857143
94,corn,,80,none,0,0.1,#DIV/0!,1.25
94,corn,,80,AN,336,0.846,0.251785714,10.575
95,grass,2.7,365,U,360,3.05,0.847222222,8.356164384
95,grass,2.7,365,U,360,5.1,1.416666667,13.97260274
95,grass,2.7,365,none,0,0.2,#DIV/0!,0.547945205
95,grass,2.7,365,none,0,0.25,#DIV/0!,0.684931507
95,grass,2.7,365,AN,360,1.7,0.472222222,4.657534247
95,grass,2.7,365,AN,360,4.1,1.138888889,11.23287671
95,grass,2.7,365,A,360,0.75,0.208333333,2.054794521
95,grass,2.7,365,A,360,1.3,0.361111111,3.561643836
96,corn,,142,UM,300,7.13,2.376666667,50.21126761
96,corn,,142,UM,300,9.28,3.093333333,65.35211268
96,corn,,142,U,175,8.57,4.897142857,60.35211268
96,corn,,142,none,0,5.98,#DIV/0!,42.11267606
96,corn,,142,M,175,7.7,4.4,54.22535211
96,corn,,142,M,175,8.27,4.725714286,58.23943662
97,tree,,365,none,0,1.940,#DIV/0!,5.315068493
97,grass,,365,none,0,0.143,#DIV/0!,0.391780822
97,grass,,365,none,0,1.120,#DIV/0!,3.068493151
97,grass,,365,none,0,1.320,#DIV/0!,3.616438356
97,grass,,365,none,0,1.330,#DIV/0!,3.643835616
97,grass,,365,none,0,1.450,#DIV/0!,3.97260274
97,grass,,365,none,0,1.910,#DIV/0!,5.232876712
97,grass,,365,none,0,3.090,#DIV/0!,8.465753425
97,grass,,365,none,0,4.860,#DIV/0!,13.31506849
97,grass,,365,none,0,5.130,#DIV/0!,14.05479452
98,corn,0.796,102,UM,150,0.555,0.37,5.441176471
98,corn,0.638,102,U,150,0.371,0.247333333,3.637254902
98,corn,0.687,102,U,150,0.415,0.276666667,4.068627451
98,corn,0.728,102,U,150,0.503,0.335333333,4.931372549
98,corn,0.676,102,none,0,0.061,#DIV/0!,0.598039216
98,corn,0.638,102,none,0,0.076,#DIV/0!,0.745098039
98,corn,0.839,102,M,150,0.434,0.289333333,4.254901961
98,cereal,0.796,236,unknown,150,0.232,0.154666667,0.983050847
98,cereal,0.687,236,U,150,0.147,0.098,0.622881356
98,cereal,0.638,236,U,150,0.181,0.120666667,0.766949153
98,cereal,0.728,236,U,150,0.241,0.160666667,1.021186441
98,cereal,0.638,236,none,0,0.062,#DIV/0!,0.262711864
98,cereal,0.676,236,none,0,0.065,#DIV/0!,0.275423729
98,cereal,0.839,236,M,150,0.39,0.26,1.652542373
99,grass,1,365,M,536,5.900,1.100746269,16.16438356
99,grass,1,365,AN,140,7.900,5.642857143,21.64383562
100,vegetable,,38,none,0,0.0021,#DIV/0!,0.055263158
100,vegetable,,38,none,0,0.00301,#DIV/0!,0.079210526
100,vegetable,,56,none,0,0.00845,#DIV/0!,0.150892857
100,vegetable,,116,none,0,0.0117,#DIV/0!,0.100862069
100,vegetable,,116,none,0,0.0147,#DIV/0!,0.126724138
100,rice,,139,none,0,0.00667,#DIV/0!,0.047985612
100,rice,,120,none,0,0.0082,#DIV/0!,0.068333333
100,rice,,120,none,0,0.0136,#DIV/0!,0.113333333
100,cereal,,186,none,0,0.00457,#DIV/0!,0.024569892
100,cereal,,186,none,0,0.00667,#DIV/0!,0.035860215
101,vegetable,2.5,116,none,0,0.08,#DIV/0!,0.689655172
101,vegetable,2.5,116,A,200,0.338,0.169,2.913793103
101,vegetable,2.5,116,A,200,0.597,0.2985,5.146551724
102,grass,,60,M,223,0.684,0.306726457,11.4
102,grass,,60,M,278,0.945,0.339928058,15.75
103,grass,1.65,365,AM,92,1.5,1.630434783,4.109589041
103,corn,1.28,365,AM,93,5.3,5.698924731,14.52054795
103,corn,1.21,365,AM,333,2.1,0.630630631,5.753424658
104,grass,3.7,840,none,0,1.38,#DIV/0!,1.642857143
104,grass,2.8,840,none,0,1.43,#DIV/0!,1.702380952
104,grass,2.1,840,none,0,1.647,#DIV/0!,1.960714286
104,grass,3.7,840,A,300,3.84,1.28,4.571428571
104,grass,2.1,840,A,300,4.012,1.337333333,4.776190476
104,grass,2.8,840,A,300,11.4,3.8,13.57142857
105,corn,1.8,120,none,0,2.23,#DIV/0!,18.58333333
105,corn,1.8,120,A,200,2.95,1.475,24.58333333
105,cereal,1.8,120,none,0,0.45,#DIV/0!,3.75
105,cereal,1.8,120,A,200,0.76,0.38,6.333333333
106,corn,0.65,122,A,200,2.5,1.25,20.49180328
107,cereal,0.85,155,unknown,69,0.82,1.188405797,5.290322581
107,cereal,0.85,155,none,0,0.54,#DIV/0!,3.483870968
107,cereal,0.85,155,M,71,1.09,1.535211268,7.032258065
107,cereal,0.85,155,M,356,4.19,1.176966292,27.03225806
107,cereal,0.85,155,AN,56,0.93,1.660714286,6
107,cereal,0.85,155,AN,112,0.99,0.883928571,6.387096774
107,cereal,0.85,155,AN,224,1.43,0.638392857,9.225806452
108,unknown,2.1,294,unknown,300,5.998,1.999333333,20.40136054
108,unknown,2.1,153,none,0,0.309,#DIV/0!,2.019607843
108,unknown,2.1,153,none,0,0.336,#DIV/0!,2.196078431
108,unknown,2.1,153,none,0,0.44,#DIV/0!,2.875816993
108,unknown,2.1,153,none,0,0.497,#DIV/0!,3.248366013
108,unknown,2.1,294,none,0,0.762,#DIV/0!,2.591836735
108,unknown,2.1,365,none,0,0.84,#DIV/0!,2.301369863
108,unknown,2.1,294,none,0,0.903,#DIV/0!,3.071428571
108,unknown,2.1,294,none,0,1.03,#DIV/0!,3.503401361
108,unknown,2.1,365,none,0,1.37,#DIV/0!,3.753424658
108,unknown,2.1,153,A,150,0.938,0.625333333,6.130718954
108,unknown,2.1,294,A,300,2.54,0.846666667,8.639455782
108,cereal,2.1,153,A,100,1.57,1.57,10.26143791
108,cereal,2.1,294,A,100,7.19,7.19,24.45578231
109,none,5.8,33,none,0,1.34,#DIV/0!,40.60606061
109,none,5.8,38,none,0,6.03,#DIV/0!,158.6842105
109,none,5.8,33,N,57,3.5,6.140350877,106.0606061
109,none,5.8,38,N,100,16.31,16.31,429.2105263
110,cereal,,110,UA,250,3.23,1.292,29.36363636
110,cereal,,110,U,250,1.45,0.58,13.18181818
111,grass,2.04,365,U,450,0.295,0.065555556,0.808219178
111,grass,2.04,365,U,450,0.690,0.153333333,1.890410959
111,grass,0.57,365,none,0,0.082,#DIV/0!,0.224657534
111,grass,0.57,365,none,0,0.161,#DIV/0!,0.44109589
112,cereal,2.6,105,U,80,0.787,0.98375,7.495238095
112,cereal,2.6,105,M,138,0.866,0.627536232,8.247619048
112,cereal,2.6,105,M,141,1.31,0.929078014,12.47619048
112,cereal,2.6,127,M,144,0.635,0.440972222,5
112,cereal,2.6,127,M,144,0.794,0.551388889,6.251968504
112,cereal,2.6,127,M,152,0.953,0.626973684,7.503937008
112,cereal,2.6,127,M,152,1.01,0.664473684,7.952755906
112,cereal,2.6,127,AN,100,0.64,0.64,5.039370079
113,corn,1.2,150,UAN,152.8,1.52,0.994764398,10.13333333
113,corn,1.2,150,UAN,234.1,2.29,0.978214438,15.26666667
114,grass,5.6,191,AN,85,1.4,1.647058824,7.329842932
114,grass,5.6,203,AN,85,6.5,7.647058824,32.01970443
115,tuber,,730,UAN,50,5.7,11.4,7.808219178
115,tuber,,730,UAN,150,6.9,4.6,9.452054795
115,grass,,730,none,0,0.292,#DIV/0!,0.4
115,corn,,730,AN,65,1.341,2.063076923,1.836986301
115,corn,,730,AN,130,2.406,1.850769231,3.295890411
115,cereal,,730,UAN,90,2.696,2.995555556,3.693150685
115,cereal,,730,UAN,180,3.637,2.020555556,4.982191781
116,tuber,1.48,365,UAN,50,5.6,11.2,15.34246575
116,tuber,1.48,365,UAN,50,6.2,12.4,16.98630137
116,tuber,1.48,365,UAN,150,5.3,3.533333333,14.52054795
116,tuber,1.48,365,UAN,150,8.2,5.466666667,22.46575342
116,grass,1.48,365,none,0,0.3,#DIV/0!,0.821917808
116,grass,1.48,365,none,0,0.3,#DIV/0!,0.821917808
116,corn,1.48,365,UAN,130,2.4,1.846153846,6.575342466
116,corn,1.48,365,AN,65,1.3,2,3.561643836
116,cereal,1.48,365,UAN,90,1.8,2,4.931506849
116,cereal,1.48,365,UAN,90,3.6,4,9.863013699
116,cereal,1.48,365,UAN,180,2.7,1.5,7.397260274
116,cereal,1.48,365,UAN,180,4.6,2.555555556,12.60273973
117,tuber,1.61,365,UAN,140,8,5.714285714,21.91780822
117,tuber,1.61,365,UAN,330,16.03,4.857575758,43.91780822
118,grass,,630,unknown,130,1.3,1,2.063492063
118,grass,,630,unknown,130,1.3,1,2.063492063
118,grass,,630,U,400,5.3,1.325,8.412698413
119,grass,3.5,365,AN,250,3.25,1.3,8.904109589
120,grass,3.47,365,none,0,1.6,#DIV/0!,4.383561644
120,grass,3.47,365,AN,250,3.5,1.4,9.589041096
120,grass,3.47,365,AN,500,8,1.6,21.91780822
121,vegetable,1.13,365,UA,176,19.6,11.13636364,53.69863014
121,vegetable,1.42,365,UA,176,26.9,15.28409091,73.69863014
121,vegetable,0.78,365,UA,336,20.2,6.011904762,55.34246575
121,vegetable,0.77,365,UA,336,26.4,7.857142857,72.32876712
121,vegetable,0.97,365,UA,336,41.8,12.44047619,114.5205479
121,vegetable,1.75,365,UA,528,26.6,5.037878788,72.87671233
121,vegetable,0.98,365,UA,528,29.2,5.53030303,80
122,vegetable,,123,UA,335,7.68,2.292537313,62.43902439
123,grass,,246,AM,150,4.5,3,18.29268293
124,grass,0.8,49,none,0,0.02,#DIV/0!,0.408163265
124,grass,2.3,32,none,0,0.02,#DIV/0!,0.625
124,grass,,72,none,0,0.04,#DIV/0!,0.555555556
124,grass,,71,none,0,0.13,#DIV/0!,1.830985915
124,grass,2.3,32,N,100,0.03,0.03,0.9375
124,grass,,72,N,100,0.05,0.05,0.694444444
124,grass,0.8,49,N,100,0.07,0.07,1.428571429
124,grass,,71,N,100,0.14,0.14,1.971830986
124,grass,,72,AN,100,0.09,0.09,1.25
124,grass,2.3,32,A,100,0.05,0.05,1.5625
124,grass,0.8,49,A,100,0.09,0.09,1.836734694
124,grass,,72,A,100,0.13,0.13,1.805555556
124,grass,,71,A,100,0.22,0.22,3.098591549
125,legume,0.9,160,none,0,0.4,#DIV/0!,2.75
125,legume,0.9,160,AN,33,1.3,3.848484848,7.9375
125,legume,0.9,160,AN,66,1.6,2.409090909,9.9375
125,legume,0.9,160,AN,99,2.6,2.575757576,15.9375
126,none,,28,U,100,0.28,0.28,10
126,none,,28,none,0,0.1,#DIV/0!,3.571428571
126,none,,28,AN,100,0.14,0.14,5
126,grass,,10,none,0,0.00001,#DIV/0!,0.001
126,grass,,10,AN,100,0.08,0.08,8
127,rice,0.7,105,U,90,0.108,0.12,1.028571429
127,rice,0.7,105,U,90,0.109,0.121111111,1.038095238
127,rice,0.7,105,U,180,0.09,0.05,0.857142857
127,rice,0.7,105,U,180,0.171,0.095,1.628571429
127,rice,0.7,105,none,0,0.074,#DIV/0!,0.704761905
128,tuber,2.65,365,UAN,140,1.2,0.857142857,3.287671233
128,tuber,2.35,365,U,170,3.2,1.882352941,8.767123288
128,tuber,2.35,365,AN,170,3.1,1.823529412,8.493150685
128,grass,2.75,365,AN,360,1,0.277777778,2.739726027
128,grass,2.75,365,AN,360,2.24,0.622222222,6.136986301
128,cereal,2.7,365,AN,120,0.8,0.666666667,2.191780822
128,cereal,2.8,365,AN,180,0.3,0.166666667,0.821917808
129,tuber,2.7,196,AN,140,1.35,0.964285714,6.887755102
129,grass,6,138,AN,160,1.9,1.1875,13.76811594
129,grass,5,310,AN,208,8,3.846153846,25.80645161
129,grass,5.2,243,AN,290,5.1,1.75862069,20.98765432
129,grass,2.8,365,AN,360,1,0.277777778,2.739726027
129,cereal,2.7,242,AN,120,0.8,0.666666667,3.305785124
129,cereal,2.8,243,AN,180,0.3,0.166666667,1.234567901
130,rice,2.36,115,U,86,0.629,0.731395349,5.469565217
130,rice,2.36,115,U,86,0.649,0.754651163,5.643478261
130,rice,2.36,115,U,86,0.712,0.827906977,6.191304348
130,rice,2.36,135,U,86,0.749,0.870930233,5.548148148
130,rice,2.36,135,U,86,0.859,0.998837209,6.362962963
130,rice,2.36,115,U,86,0.905,1.052325581,7.869565217
130,rice,2.36,135,U,86,1.012,1.176744186,7.496296296
130,rice,2.36,135,U,86,1.092,1.269767442,8.088888889
130,rice,2.36,135,none,0,0.306,#DIV/0!,2.266666667
130,rice,2.36,115,none,0,0.315,#DIV/0!,2.739130435
130,rice,2.36,115,none,0,0.425,#DIV/0!,3.695652174
130,rice,2.36,135,none,0,0.484,#DIV/0!,3.585185185
131,none,2.6,365,none,0,1.600,#DIV/0!,4.383561644
131,none,2.6,365,none,0,3.500,#DIV/0!,9.589041096
131,none,2.7,365,none,0,5.500,#DIV/0!,15.06849315
131,none,2.7,365,none,0,7.800,#DIV/0!,21.36986301
131,grass,2.6,365,AN,250,1.500,0.6,4.109589041
131,grass,2.6,365,AN,250,1.800,0.72,4.931506849
131,grass,2.7,365,AN,250,3.800,1.52,10.4109589
131,grass,2.7,365,AN,250,3.900,1.56,10.68493151
131,cereal,2.7,365,AN,100,3.700,3.7,10.1369863
131,cereal,2.6,365,AN,100,3.700,3.7,10.1369863
131,cereal,2.7,365,AN,100,4.400,4.4,12.05479452
131,cereal,2.6,365,AN,100,7.400,7.4,20.2739726
132,vegetable,1.1,365,unknown,195,4.8,2.461538462,13.15068493
132,unknown,1.1,365,none,0,2.9,#DIV/0!,7.945205479
133,corn,2.1,73,M,112,0.4255,0.379910714,5.828767123
133,corn,1.5,63,M,133,0.4966,0.373383459,7.882539683
133,corn,1,78,A,45.3,0.3603,0.795364238,4.619230769
134,corn,,210,none,0,1.98,#DIV/0!,9.428571429
134,corn,,210,AN,140,6.21,4.435714286,29.57142857
134,corn,,210,AN,252,8.54,3.388888889,40.66666667
135,corn,,129,U,168,7.78,4.630952381,60.31007752
135,corn,,129,none,0,1.43,#DIV/0!,11.08527132
135,corn,,129,AN,168,13.77,8.196428571,106.744186
136,grass,2.2,159,U,336,2.96,0.880952381,18.6163522
136,grass,2.2,159,none,0,0.51,#DIV/0!,3.20754717
136,grass,2.2,159,M,672,1.64,0.244047619,10.31446541
136,grass,2.2,159,M,672,3.87,0.575892857,24.33962264
137,grass,,365,none,0,3.4,#DIV/0!,9.315068493
137,grass,,365,M,75,8.8,11.73333333,24.10958904
137,grass,,365,AN,74,11.2,15.13513514,30.68493151
138,tuber,0.82,153,U,175,7.31,4.177142857,47.77777778
138,tuber,0.82,153,none,0,3.69,#DIV/0!,24.11764706
138,tuber,0.82,153,M,175,4.69,2.68,30.65359477
138,tuber,0.82,153,M,175,5.62,3.211428571,36.73202614
138,tuber,0.82,153,M,175,5.65,3.228571429,36.92810458
138,tuber,0.82,153,M,175,6.41,3.662857143,41.89542484
139,grass,3.1,50,none,0,4.5,#DIV/0!,90.64
139,grass,3.1,50,N,200,6.4,3.2165,128.66
139,grass,3.1,280,AN,295,8.4,2.847457627,30
140,vegetable,,365,none,0,0.22,#DIV/0!,0.602739726
140,vegetable,,365,none,0,1.862,#DIV/0!,5.101369863
140,vegetable,,365,none,0,2.612,#DIV/0!,7.156164384
140,vegetable,,365,AN,51.6,1.476,2.860465116,4.043835616
140,vegetable,,365,AN,51.6,7.993,15.49031008,21.89863014
141,grass,2.9,100,none,0,0.094,#DIV/0!,0.94
141,grass,2.9,100,none,0,0.210,#DIV/0!,2.1
141,grass,2.9,100,none,0,0.296,#DIV/0!,2.96
141,grass,3.2,100,none,0,0.544,#DIV/0!,5.44
141,grass,3.2,100,none,0,4.201,#DIV/0!,42.009
142,other,,365,AN,360,6.23,1.730555556,17.06849315
142,other,,365,AN,360,12.83,3.563888889,35.15068493
142,grass,,365,none,0,1.55,#DIV/0!,4.246575342
142,grass,,365,none,0,2.39,#DIV/0!,6.547945205
143,grass,,365,none,0,2.35,#DIV/0!,6.438356164
143,grass,,365,none,0,4.27,#DIV/0!,11.69863014
143,grass,,365,AN,300,20.28,6.76,55.56164384
143,grass,,365,AN,300,22.62,7.54,61.97260274
144,grass,,365,none,0,0.5,#DIV/0!,1.369863014
144,grass,,365,none,0,1.0,#DIV/0!,2.739726027
144,grass,,365,none,0,1.0,#DIV/0!,2.739726027
144,grass,,365,none,0,1.2,#DIV/0!,3.287671233
144,grass,,365,AN,277,5.0,1.805054152,13.69863014
144,grass,,365,AN,313,3.1,0.990415335,8.493150685
144,grass,,365,AN,424,6.6,1.556603774,18.08219178
144,grass,,365,AN,438,2.6,0.593607306,7.123287671
144,grass,,365,AM,557,10.6,1.903052065,29.04109589
144,grass,,365,AM,726,13.2,1.818181818,36.16438356
144,grass,,365,AM,731,16.1,2.20246238,44.10958904
144,grass,,365,AM,743,7.3,0.982503365,20
145,grass,2.7,28,U,80,0.08,0.1,2.857142857
145,grass,2.7,32,U,80,0.56,0.7,17.5
145,grass,2.7,45,none,0,0.1,#DIV/0!,2.222222222
145,grass,2.7,60,none,0,0.17,#DIV/0!,2.833333333
145,grass,2.7,60,none,0,0.35,#DIV/0!,5.833333333
145,grass,2.7,270,none,0,0.45,#DIV/0!,1.666666667
145,grass,2.7,28,N,80,4.16,5.2,148.5714286
145,grass,2.7,60,N,80,5.03,6.2875,83.83333333
145,grass,2.7,60,N,80,9.39,11.7375,156.5
145,grass,2.7,32,N,80,9.6,12,300
145,grass,2.7,28,M,45,0.045,0.1,1.607142857
145,grass,2.7,28,M,45,0.045,0.1,1.607142857
145,grass,2.7,32,M,45,0.045,0.1,1.40625
145,grass,2.7,32,M,45,0.045,0.1,1.40625
145,grass,2.7,45,AN,50,0.4,0.8,8.888888889
145,grass,2.7,28,AN,80,4.16,5.2,148.5714286
145,grass,2.7,32,AN,80,6.64,8.3,207.5
145,grass,2.7,45,AN,100,1.3,1.3,28.88888889
145,grass,2.7,45,AN,150,1.9,1.266666667,42.22222222
145,grass,2.7,45,AN,200,4.7,2.35,104.4444444
145,grass,2.7,270,AN,220,1.33,0.604545455,4.925925926
145,grass,2.7,45,AN,300,9.4,3.133333333,208.8888889
145,grass,2.7,270,AN,440,2.65,0.602272727,9.814814815
145,grass,2.7,270,AN,660,3.75,0.568181818,13.88888889
145,grass,2.7,270,AN,880,4.85,0.551136364,17.96296296
145,grass,2.7,28,A,80,0.16,0.2,5.714285714
145,grass,2.7,32,A,80,0.8,1,25
145,grass,2.7,60,A,80,1.09,1.3625,18.16666667
145,grass,2.7,60,A,80,1.3,1.625,21.66666667
146,grass,,37,none,0,0.00001,#DIV/0!,0.00027027
146,grass,,37,M,320,7.7,2.40625,208.1081081
146,grass,,27,M,350,3.885,1.11,143.8888889
146,grass,,19,M,555,0.7215,0.13,37.97368421
147,vegetable,3.7,120,AN,100,0.585,0.585,4.875
147,vegetable,3.7,120,AN,100,2.343,2.343,19.525
147,none,3.7,120,none,0,1.163,#DIV/0!,9.691666667
147,none,3.7,120,none,0,1.334,#DIV/0!,11.11666667
147,none,3.7,120,none,0,1.666,#DIV/0!,13.88333333
147,none,3.7,120,none,0,2.627,#DIV/0!,21.89166667
147,none,3.7,120,none,0,3.792,#DIV/0!,31.6
147,none,2.1,120,M,75,3.156,4.208,26.3
147,none,3.7,120,M,90,4.837,5.374444444,40.30833333
147,none,3.7,120,AN,100,0.924,0.924,7.7
147,legume,3.7,120,none,0,0.197,#DIV/0!,1.641666667
147,legume,3.7,120,none,0,1.196,#DIV/0!,9.966666667
147,grass,3.7,120,none,0,0.026,#DIV/0!,0.216666667
147,grass,3.7,120,none,0,0.209,#DIV/0!,1.741666667
147,grass,3.7,120,AN,50,0.084,0.168,0.7
147,corn,3.7,120,AN,100,0.523,0.523,4.358333333
147,cereal,3.7,120,AN,75,0.828,1.104,6.9
147,cereal,3.7,120,AN,75,0.897,1.196,7.475
148,vegetable,3.3,90,none,0,1.07,#DIV/0!,11.88888889
148,vegetable,3.3,365,none,0,3.75,#DIV/0!,10.2739726
148,vegetable,3.3,365,AN,100,1.3,1.3,3.561643836
148,none,3.3,150,none,0,1.59,#DIV/0!,10.6
148,none,3.3,365,none,0,4.02,#DIV/0!,11.01369863
148,none,3.3,90,M,60,2.68,4.466666667,29.77777778
148,none,3.3,365,M,90,5.75,6.388888889,15.75342466
148,legume,3.3,365,none,0,1.61,#DIV/0!,4.410958904
148,grass,3.3,365,none,0,0.00001,#DIV/0!,2.73973E-05
148,grass,3.3,365,none,0,0.26,#DIV/0!,0.712328767
148,grass,3.3,90,AN,50,0.44,0.88,4.888888889
148,corn,3.3,365,AN,100,2.51,2.51,6.876712329
148,cereal,3.3,365,AN,75,1.07,1.426666667,2.931506849
149,none,3.7,150,A,100,1.5,1.5,10
150,corn,,100,U,62.4,0.289,0.463141026,2.89
150,corn,,100,none,0,0.1,#DIV/0!,1
150,corn,,100,none,0,0.109,#DIV/0!,1.09
150,corn,,100,none,0,0.119,#DIV/0!,1.19
150,corn,,100,none,0,0.122,#DIV/0!,1.22
150,corn,,100,AN,62.5,0.196,0.3136,1.96
150,corn,,100,A,46.9,0.403,0.859275053,4.03
150,corn,,100,A,75,0.351,0.468,3.51
151,grass,,63,M,601,0.51085,0.085,8.108730159
151,grass,,63,M,1161,1.13778,0.098,18.06
152,grass,,365,none,0,0.9,#DIV/0!,2.465753425
152,grass,2.3,365,N,400,5,1.25,13.69863014
152,grass,4,365,N,400,7,1.75,19.17808219
153,none,1.47,104,U,160,0.415,0.259375,3.990384615
153,none,1.47,104,U,160,1.143,0.714375,10.99038462
153,none,1.47,104,U,160,1.562,0.97625,15.01923077
153,none,1.47,104,U,160,1.934,1.20875,18.59615385
153,none,1.47,104,A,160,0.951,0.594375,9.144230769
153,none,1.47,104,A,160,1.082,0.67625,10.40384615
154,corn,,180,AN,160,0.340,0.2125,1.888888889
154,cereal,,120,AN,90,0.132,0.146666667,1.1
154,cereal,,150,AN,180,0.353,0.196111111,2.353333333
155,tree,,40,AN,65,2.84,4.369230769,71
156,tree,7.6,39,none,0,0.247,#DIV/0!,6.336
156,tree,7.3,60,none,0,0.405,#DIV/0!,6.744
156,tree,7.6,365,none,0,1.279,#DIV/0!,3.504
156,tree,7.3,365,none,0,1.419,#DIV/0!,3.888
156,tree,7.3,64,none,0,1.428,#DIV/0!,22.32
156,tree,7.6,48,none,0,3.230,#DIV/0!,67.296
156,corn,7.6,170,none,0,0.861,#DIV/0!,5.064
156,corn,7.3,175,none,0,2.596,#DIV/0!,14.832
157,cereal,2.5,42,none,0,0.24,#DIV/0!,5.714285714
157,cereal,2.5,365,none,0,0.45,#DIV/0!,1.232876712
157,cereal,2.5,365,M,100,1.21,1.21,3.315068493
157,cereal,2.5,365,M,100,1.24,1.24,3.397260274
157,cereal,2.5,365,M,100,1.4,1.4,3.835616438
157,cereal,2.5,42,M,162,0.51,0.314814815,12.14285714
157,cereal,2.5,42,M,162,0.54,0.333333333,12.85714286
157,cereal,2.5,42,M,162,0.59,0.364197531,14.04761905
157,cereal,2.5,42,M,162,0.65,0.401234568,15.47619048
158,grass,,365,UAN,250,3.2,1.28,8.767123288
159,rice,1.43,77,U,200,2.18,1.09,28.31168831
159,rice,1.43,149,U,300,1.26,0.42,8.456375839
159,rice,1.43,92,U,300,1.51,0.503333333,16.41304348
159,rice,1.43,150,U,300,4.14,1.38,27.6
159,none,1.43,189,none,0,0.14,#DIV/0!,0.740740741
159,cereal,1.43,189,U,180,0.2,0.111111111,1.058201058
159,cereal,1.43,189,U,180,0.24,0.133333333,1.26984127
160,rice,1.4,70,UM,400,2.810,0.7025,40.14285714
160,rice,1.4,365,UM,676,3.600,0.532544379,9.863013699
160,rice,1.4,98,U,276,0.280,0.101449275,2.857142857
160,rice,1.4,98,U,276,0.340,0.123188406,3.469387755
160,rice,1.4,70,U,276,0.350,0.126811594,5
160,rice,1.4,365,U,552,1.300,0.235507246,3.561643836
160,rice,1.4,70,none,0,0.180,#DIV/0!,2.571428571
160,rice,1.4,98,none,0,0.230,#DIV/0!,2.346938776
160,rice,1.4,98,none,0,0.260,#DIV/0!,2.653061224
160,rice,1.4,70,M,124,0.300,0.241935484,4.285714286
160,rice,1.4,365,M,124,0.990,0.798387097,2.712328767
160,rice,1.4,365,M,124,1.120,0.903225806,3.068493151
160,other,1.4,163,none,0,0.430,#DIV/0!,2.63803681
160,none,1.4,163,none,0,0.710,#DIV/0!,4.355828221
161,rice,0.9,110,U,100,0.1702,0.1702,1.547272727
161,rice,0.9,110,U,300,0.6182,0.206066667,5.62
161,rice,0.9,110,none,0,0.1366,#DIV/0!,1.241818182
161,rice,0.9,110,A,100,0.1745,0.1745,1.586363636
161,rice,0.9,110,A,300,0.9811,0.327033333,8.919090909
162,cereal,,365,AN,350,1.42,0.405714286,3.890410959
163,grass,,365,M,34,0.0203,0.059705882,0.055616438
163,grass,,365,M,49,0.6813,1.390408163,1.866575342
163,grass,,365,M,54,0.2068,0.382962963,0.566575342
163,grass,,365,M,54,0.697,1.290740741,1.909589041
163,grass,,365,M,56,0.234,0.417857143,0.64109589
163,grass,,365,M,56,0.5663,1.01125,1.551506849
164,corn,,124,U,150,0.537,0.358,4.330645161
164,corn,,124,U,250,0.506,0.2024,4.080645161
164,corn,,124,none,0,0.125,#DIV/0!,1.008064516
