"Baetisca rogersi Berner","Caenis sp.","Caenis anceps Traver","Dannella simplex (McDunnough)","Drunella doddsi (Needham)","Drunella flavilinea (McDunnough)","Drunella grandis (Eaton)","Drunella tuberculata (Morgan)","Ephemerella sp.","Ephemerella dorothea Needham","Ephemerella inermis Eaton","Eurylophella sp.","Serratella deficiens (Morgan)","Serratella micheneri (Traver)","Serratella serrata (Morgan)","Serratella tibialis (McDunnough)","Timpanoga hecuba (Eaton)",Leptohyphidae,"Tricorythodes sp.","Neochoroterpes sp.","Paraleptophlebia sp.","Anthopotamus sp.","Centroptilum/Procloeon sp.","Acentrella insignificans (McDunnough)","Acentrella turbida (McDunnough)","Acerpenna sp.","Acerpenna pygmaea (Hagen)","Apobaetis indeprensus Day","Baetis flavistriga McDunnough","Baetis intercalaris McDunnough","Baetis pluto McDunnough","Baetis tricaudatus Dodds","Callibaetis sp.","Camelobaetidius sp.","Diphetor hageni (Eaton)","Fallceon quilleri (Dodds)","Heterocloeon sp.","Paracloeodes minutus (Daggy)","Plauditus sp.","Pseudocloeon sp.","Pseudocloeon propinquum (Walsh)","Siphlonurus sp.","Cinygmula sp.","Epeorus sp.","Epeorus albertae (McDunnough)","Epeorus longimanus (Eaton)","Heptagenia sp.","Ironodes sp.","Leucrocuta sp.","Rhithrogena sp.","Stenacron sp.","Stenacron interpunctatum (Say)","Stenonema modestum (Banks)/smithae Traver","Stenonema femoratum (Say)","Stenonema mediopunctatum (McDunnough)","Stenonema terminatum (Walsh)","Stenonema vicarium (Walker)","Isonychia sp.",MANUII,NUII,NLCD2,NLCD4,NLCD7,NLCD8,NLCD.IS,City,SUID,STAID,SampleID
0,0,0,6,0,0,0,0,0,0,0,0,0,0,0,0,0,0,0,0,0,0,0,0,0,0,0,0,0,12,0,0,0,0,0,0,0,0,0,0,0,0,0,0,0,0,0,0,0,0,0,0,24,0,0,0,0,6,46.59052025,27.84934044,43.21446949,34.8462512,3.216138409,10.23740317,12.9952,ATL,ACFB,2204230,107650
0,0,0,1,0,0,0,0,0,0,0,0,0,0,0,0,0,0,0,0,0,0,0,0,10,0,0,0,0,4,1,0,0,0,0,0,7,0,0,47,0,0,0,0,0,0,0,0,0,0,0,0,6,0,0,0,0,1,25.46600308,15.98087068,24.79546387,37.88937419,5.157836414,22.66771243,6.70713,ATL,ACFB,2204468,107635
0,0,0,0,0,0,0,0,0,0,0,0,0,0,0,0,0,0,0,0,0,0,0,0,13,0,0,0,7,20,0,0,0,0,0,0,0,0,0,144,0,0,0,0,0,0,0,0,0,0,0,0,0,0,0,0,0,0,77.32974149,45.61544403,67.00038943,24.98539625,1.031998442,2.740637373,20.1284,ATL,ACFB,2206314,107641
0,0,0,6,0,0,0,0,0,0,0,0,0,0,0,0,0,0,0,0,0,0,0,0,23,0,0,0,0,1,0,0,0,0,0,0,0,0,0,7,0,0,0,0,0,0,0,0,0,0,0,0,0,0,0,0,0,0,33.68550802,20.58965707,39.66704417,36.15741789,5.087202718,11.7214043,14.6419,ATL,ACFB,2208150,107605
0,110,0,28,0,0,0,0,0,0,0,0,0,0,0,0,0,0,0,0,0,0,0,0,0,0,0,0,0,0,4,0,0,0,0,0,0,0,0,12,0,0,0,0,0,0,0,0,0,0,0,0,10,0,0,0,0,3,2.474702572,3.398422581,3.591049753,58.4479184,6.434604997,22.45190503,0.31428,ATL,ACFB,2213450,107639
0,0,0,18,0,0,0,0,0,18,0,0,0,0,0,0,0,0,0,0,0,0,0,0,0,0,0,0,0,0,2,0,0,0,0,0,0,0,46,20,0,0,0,0,0,0,0,0,0,0,0,0,14,0,0,0,0,12,21.47641262,13.79198187,20.37597208,41.19404813,6.859347254,23.3212908,5.8315,ATL,ACFB,2217293,107588
0,0,0,0,0,0,0,0,0,11,0,0,0,0,0,0,0,0,0,0,0,4,0,0,0,0,0,0,0,22,0,0,0,0,0,0,0,0,49,0,0,0,0,0,0,0,0,0,0,0,0,0,4,0,0,0,0,4,17.61332683,11.55199414,16.37726914,38.33773721,6.763666312,32.97416012,5.01762,ATL,ACFB,2217471,107677
0,0,0,16,0,0,0,0,0,0,0,0,0,0,0,0,0,0,0,0,0,0,0,0,0,0,0,0,0,9,0,0,0,0,0,0,0,0,9,9,0,0,0,0,0,0,0,0,0,0,0,0,6,0,0,0,0,1,17.41780805,11.56698878,17.83953384,39.33376207,7.663425123,25.24116696,5.93138,ATL,ACFB,2218700,107597
0,0,0,16,0,0,0,0,0,6,0,0,0,0,0,0,0,0,0,0,0,0,0,0,0,0,0,0,0,4,0,0,0,0,0,0,0,0,36,0,0,0,0,0,0,0,0,0,0,0,0,0,9,0,0,0,0,0,2.973274794,3.666661789,3.808155727,63.02952127,11.09319574,12.54580634,0.365703,ATL,ACFB,2221000,107693
0,0,0,0,0,0,0,0,0,0,0,0,0,0,0,0,0,0,0,0,0,0,0,0,0,0,0,0,0,5,0,0,0,0,0,0,0,0,0,0,0,0,0,0,0,0,0,0,0,0,0,0,0,0,0,0,0,0,37.18314824,22.52251643,42.55810011,37.9948552,3.347804616,8.751317525,13.4597,ATL,ACFB,2334885,107174
0,0,0,0,0,0,0,0,0,0,0,0,0,0,0,0,0,0,0,0,0,0,2,0,0,0,0,0,5,1,0,0,0,0,0,0,0,0,0,51,0,0,0,0,0,0,0,0,0,0,0,0,0,0,0,0,0,0,84.57224551,49.17109452,72.51035232,22.9911977,0.497816396,2.03539022,19.5753,ATL,ACFB,2335870,107664
0,0,0,0,0,0,0,0,0,0,0,0,0,0,0,0,0,0,0,0,0,0,0,0,0,0,0,0,20,0,0,0,0,0,0,0,0,0,0,17,0,0,0,0,0,0,0,0,0,0,0,0,0,0,0,0,0,0,100,59.08522785,85.41358729,11.28033379,0.699758639,1.371452093,38.2279,ATL,ACFB,2335910,107697
0,0,0,0,0,0,0,0,0,0,0,0,0,0,0,0,0,0,0,0,0,0,0,0,4,0,0,0,49,97,0,0,0,0,0,0,0,0,0,242,0,0,0,0,0,0,0,0,0,0,0,0,0,0,0,0,0,0,79.31561703,46.45279346,66.17033617,27.34167615,0.975930759,2.493921346,18.1418,ATL,ACFB,2336635,107317
0,0,0,0,0,0,0,0,0,0,0,0,0,0,0,0,0,0,0,0,0,0,0,0,0,0,0,0,0,0,0,0,0,0,0,0,0,0,0,11,0,0,0,0,0,0,0,0,0,0,0,0,0,0,0,0,0,0,74.27705995,43.88994808,60.55829852,35.04707458,0.942491055,1.364263298,16.8749,ATL,ACFB,2336728,107586
0,0,0,0,0,0,0,0,0,0,0,0,0,0,0,0,0,0,0,0,0,0,0,0,0,0,0,0,0,9,0,0,0,0,0,0,0,0,0,9,0,0,0,0,0,0,0,0,0,0,0,0,29,0,0,0,0,18,25.60569057,15.99824117,22.06377713,44.82090046,3.818765022,18.96605641,4.61057,ATL,ACFB,2336822,107293
0,10,0,0,0,0,0,0,0,0,0,0,10,0,0,0,0,0,0,0,0,0,0,0,0,0,0,0,0,73,0,0,0,0,0,0,0,0,0,334,0,0,0,0,0,0,0,0,0,0,0,0,23,0,0,0,0,0,36.67934041,22.18769432,35.56063513,39.58801039,3.089922038,15.16252364,8.9042,ATL,ACFB,2336876,107298
0,0,0,0,0,0,0,0,0,0,0,0,0,0,0,0,0,0,0,0,0,0,0,0,0,0,0,0,0,17,0,0,0,0,0,0,0,0,0,65,0,0,0,0,0,0,0,0,0,0,0,0,4,0,0,0,0,0,48.09535731,28.744403,43.08486032,40.778899,1.659884428,9.725652545,9.53476,ATL,ACFB,2336968,107280
0,0,0,11,0,0,0,0,0,3,0,0,0,0,0,0,0,0,0,0,0,0,3,0,1,0,0,0,0,0,2,0,0,0,0,0,0,0,3,15,0,0,0,0,0,0,0,0,0,0,0,0,4,0,0,0,0,0,15.44713794,10.41157285,13.44702126,58.03694445,4.706746199,15.59785164,2.44127,ATL,ACFB,2337395,107658
0,0,0,5,0,0,0,0,0,0,0,16,13,0,0,0,0,0,0,0,0,0,7,0,0,0,0,0,0,0,13,0,0,0,0,0,0,0,0,5,0,0,0,0,0,0,0,0,0,0,0,2,7,0,0,0,0,4,8.834061807,6.866117123,7.284117269,59.1785382,4.690510203,21.70294746,1.52927,ATL,ACFB,2338280,107703
0,0,0,20,0,0,0,20,0,4,0,51,32,0,0,0,0,0,0,0,0,0,6,0,0,0,6,0,0,0,23,0,0,0,0,0,0,0,22,16,0,0,0,5,0,0,1,0,0,0,0,0,26,0,0,0,0,7,5.034654234,4.738604112,4.772789116,55.33061224,5.214693878,28.22748299,0.801241,ATL,ACFB,2338375,107668
0,0,0,21,0,0,0,0,0,3,0,32,3,0,0,0,0,0,0,0,0,0,21,0,0,0,0,0,0,0,7,0,0,0,0,0,0,0,6,53,0,0,0,0,0,0,3,0,0,0,0,0,20,0,0,0,0,5,1.036951082,2.6476524,2.81352826,70.43816902,8.696738723,11.27077346,0.376296,ATL,ACFB,2338523,107679
0,0,0,4,0,0,0,0,0,0,0,0,0,0,0,0,0,0,0,0,0,0,0,0,0,0,0,0,0,2,0,0,0,0,0,0,0,0,3,3,0,0,0,0,0,0,0,0,0,0,0,0,14,0,0,0,0,3,4.669732987,4.562235858,5.912992701,68.11094891,8.428613139,10.44671533,1.00747,ATL,ACFB,2339480,107614
0,32,0,43,0,0,0,0,0,0,0,0,0,0,0,0,0,0,0,0,0,0,0,0,0,0,0,0,0,26,0,0,0,0,0,0,0,0,6,29,0,0,0,0,0,0,0,0,0,0,0,0,32,0,0,0,0,0,3.31518933,3.854244032,4.94053065,61.99173104,5.885554796,18.7036029,0.704321,ATL,ACFB,2340282,107258
0,0,0,22,0,0,0,0,0,0,0,0,0,0,0,0,0,0,0,0,0,0,6,0,0,0,0,0,0,208,0,0,0,0,0,0,0,0,0,18,0,0,0,0,0,0,0,0,0,0,0,8,19,0,0,0,0,0,37.87916735,23.05608916,38.34812964,39.70283345,2.64915918,9.209150674,11.954,ATL,ACFB,2344340,107648
0,0,0,2,0,0,0,0,0,0,0,0,0,0,0,0,0,0,0,0,0,0,0,0,0,0,0,0,0,5,0,0,0,0,0,0,0,0,0,0,0,0,0,0,0,0,0,0,0,0,0,0,1,0,0,0,0,0,24.5298225,15.49433545,22.9064496,46.62857913,4.337934173,17.66857104,6.43799,ATL,ACFB,2344480,107610
0,0,0,0,0,0,0,0,0,0,0,0,0,0,0,0,0,0,0,0,0,0,0,0,0,0,0,0,0,180,0,0,0,0,0,0,0,0,0,58,0,0,0,0,0,0,0,0,0,0,0,0,0,0,0,0,0,0,25.25796337,15.87169666,25.08491972,45.62123767,2.868128019,15.44928032,6.28797,ATL,ACFB,2344737,107302
0,0,0,0,0,0,0,0,0,0,0,0,0,0,0,0,0,0,0,0,0,0,21,0,0,0,0,0,0,101,0,0,0,0,0,0,0,0,0,21,0,0,0,0,0,0,0,0,0,0,0,0,193,0,0,0,0,0,23.1806426,14.76041128,25.72740705,48.59470468,3.550976399,12.29663352,6.83151,ATL,ACFB,2344797,107182
6,4,0,13,0,0,0,0,0,0,0,0,0,0,0,0,0,0,0,0,0,0,0,0,0,0,0,0,0,20,0,0,0,0,0,0,0,0,13,4,0,0,0,0,0,0,0,0,0,0,0,0,11,0,0,0,0,11,4.088184148,4.256647224,4.455559958,66.90355917,7.698593502,12.09389857,0.838129,ATL,ACFB,2344887,107595
0,0,0,11,0,0,0,0,0,0,0,0,0,0,0,0,0,0,0,0,0,0,0,0,0,0,0,0,0,9,0,0,0,0,0,0,0,0,0,0,0,0,0,0,0,0,0,0,0,0,0,0,11,0,0,0,0,11,12.81380862,8.952092021,10.95844379,45.66329388,4.383377516,28.85412388,2.81216,ATL,ACFB,2346358,107599
0,9,0,14,0,0,0,0,0,0,0,0,0,0,0,0,0,0,0,0,0,0,0,0,0,0,0,0,0,5,0,0,0,0,0,0,0,0,35,5,0,0,0,0,0,0,0,0,0,0,0,0,5,0,0,0,0,14,0,2.094073107,2.327095592,70.61187743,6.638854056,11.15960902,0.276205,ATL,ACFB,2347748,107654
0,0,0,0,0,0,0,0,0,0,0,0,0,0,0,0,0,0,0,0,10,0,0,0,0,0,0,0,0,30,0,0,0,0,0,0,0,0,118,0,0,0,0,0,0,0,0,0,38,0,0,0,2,0,0,0,0,75,0,2.328991786,3.010164191,58.13135262,7.896794371,22.08756841,0.3509482,RAL,ALBE,2081190,108319
0,0,0,0,0,0,0,0,0,0,0,0,0,0,0,0,0,0,0,0,0,0,0,0,0,0,0,0,6,0,0,0,0,0,0,0,0,0,0,0,0,0,0,0,0,0,0,0,0,0,0,0,0,0,0,0,0,0,38.81783063,27.19079384,52.97741273,26.89938398,4.106776181,13.14168378,13.80733,RAL,ALBE,2081510,108383
0,0,0,0,0,0,0,0,0,0,0,0,0,0,0,0,0,0,0,0,7,0,0,0,0,0,0,0,0,0,0,0,0,0,0,0,0,0,33,0,0,0,0,0,0,0,0,0,3,0,0,0,1,0,0,0,0,71,14.99940927,12.0332019,20,60.47619048,4.047619048,10.71428571,4.514986,RAL,ALBE,208500600,108316
0,0,0,0,0,0,0,0,0,0,0,0,0,0,0,0,0,0,0,0,29,0,0,0,0,4,0,0,4,0,0,0,0,0,0,0,0,0,12,0,0,0,0,0,0,0,0,0,144,0,0,41,21,0,0,0,0,26,9.116254477,8.224968938,12.41610738,52.79642058,4.474272931,26.06263982,1.704698,RAL,ALBE,208501535,108299
0,0,0,0,0,0,0,0,0,0,0,0,0,0,0,0,0,0,0,0,5,0,0,0,0,0,0,0,0,0,0,0,0,0,0,0,0,0,121,0,0,0,11,0,0,0,0,0,166,0,0,0,0,0,0,0,0,38,2.55003302,4.011417274,4.362837414,60.26365348,5.147520402,23.9485248,0.4892784,RAL,ALBE,2085430,108288
0,0,0,0,0,0,0,0,0,0,0,0,0,0,0,0,0,0,0,0,0,0,0,0,0,0,0,0,69,0,0,0,0,0,0,0,0,0,0,0,0,0,0,0,0,0,0,0,0,0,0,0,0,0,0,0,0,0,77.53748835,53.5436899,78.96253602,16.42651297,1.44092219,2.593659942,16.24329,RAL,ALBE,208725055,108238
0,0,0,0,0,0,0,0,0,0,0,0,0,0,0,0,0,0,0,0,0,0,0,0,0,0,0,0,72,0,0,0,0,0,0,0,0,0,0,0,0,0,0,0,0,0,0,0,0,0,0,0,0,0,0,0,0,0,34.38532943,23.89826796,60.13824885,26.26728111,1.843317972,11.05990783,20.52499,RAL,ALBE,208726370,108159
0,0,0,0,0,0,0,0,0,0,0,0,0,0,0,0,0,0,0,0,0,0,0,0,0,0,0,0,40,0,0,0,0,0,0,0,0,0,0,0,0,0,0,0,0,0,0,0,7,0,0,0,2,0,0,0,0,0,73.17732771,50.61690825,76.0904685,19.7092084,0.646203554,0.969305331,12.7011,RAL,ALBE,208726995,108172
0,0,0,0,0,0,0,0,0,0,0,0,0,0,0,0,0,0,0,0,0,0,0,0,0,0,0,0,228,0,0,0,0,0,0,0,0,0,0,0,0,0,0,0,0,0,0,0,0,0,0,0,0,0,0,0,0,0,88.00021717,60.03548012,94.15584416,5.194805195,0,0.324675325,11.52672,RAL,ALBE,208730725,108232
0,0,0,0,0,0,0,0,0,0,0,0,0,0,0,0,0,0,0,0,0,0,0,0,0,0,0,0,221,0,0,0,0,0,0,0,0,0,0,0,0,0,0,0,0,0,0,0,0,0,0,0,0,0,0,0,0,0,100,68.2868911,98.40909091,1.136363636,0,0.454545455,30.50494,RAL,ALBE,208732610,108221
0,0,0,0,0,0,0,0,0,0,0,0,0,0,0,0,0,0,0,0,0,0,0,0,0,0,0,0,169,34,0,0,0,0,0,0,0,0,0,0,0,0,0,0,0,0,0,0,0,0,0,0,0,0,0,0,0,0,55.36308818,38.12212291,72.1851145,20.51526718,1.335877863,3.148854962,14.49161,RAL,ALBE,2087580,108311
0,0,0,0,0,0,0,0,0,0,0,0,0,0,0,0,0,0,0,0,0,0,0,0,0,0,0,0,0,0,0,0,0,0,0,0,0,0,108,0,0,0,0,0,0,0,0,0,66,0,0,0,17,0,0,0,0,0,30.74182647,22.2098767,39.29359823,45.25386313,3.090507726,8.388520971,6.017169,RAL,ALBE,208758440,108215
0,0,0,0,0,0,0,0,0,0,0,0,0,0,0,0,0,0,0,0,0,0,0,0,0,0,0,0,1,1,0,0,0,0,0,0,0,0,0,0,0,0,0,0,0,0,0,0,0,0,0,0,3,0,0,0,0,1,14.32573428,11.68153879,18.22429907,51.86915888,4.205607477,22.42990654,3.74663,RAL,ALBE,208794025,108386
0,0,0,0,0,0,0,0,0,0,0,0,0,0,0,0,0,0,0,0,0,0,0,0,0,0,0,0,1213,0,0,0,0,0,0,0,0,0,0,0,0,0,0,0,0,0,0,0,0,0,0,0,0,0,0,0,0,0,83.34956935,56.70585931,96.91358025,2.469135802,0,0.205761317,28.25243,RAL,ALBE,209517912,108161
0,0,0,0,0,0,0,0,0,0,0,0,0,0,0,0,0,0,0,0,0,0,0,0,0,0,0,0,12,0,0,0,0,0,0,0,0,0,0,0,0,0,0,0,0,0,0,0,0,0,0,1,0,0,0,0,0,0,48.65361048,33.67136138,65.6504065,17.07317073,2.845528455,10.56910569,16.47744,RAL,ALBE,209647280,108070
0,0,0,0,0,0,0,0,0,0,0,0,0,0,0,0,0,0,0,0,0,0,0,0,0,0,0,0,73,0,0,0,0,0,0,0,0,0,0,0,0,0,0,0,0,0,0,0,0,0,0,0,0,0,0,0,0,0,85.58371482,58.09717944,96.812749,2.390438247,0.398406375,0.796812749,42.46524,RAL,ALBE,209647295,108098
0,0,0,0,0,0,0,0,0,0,0,0,0,0,0,0,0,0,0,0,0,0,0,0,0,0,0,0,1190,0,0,0,0,0,0,0,0,0,0,0,0,0,0,0,0,0,0,0,0,0,0,0,0,0,0,0,0,0,71.62290712,48.45816469,92.63157895,3.157894737,1.052631579,2.631578947,32.03849,RAL,ALBE,209651815,108108
0,0,0,0,0,0,0,0,0,1,0,0,0,0,0,0,0,0,0,0,0,0,0,0,0,0,0,0,17,0,17,0,0,0,0,0,0,0,0,0,0,0,0,0,0,0,0,0,0,0,0,0,49,0,0,0,0,17,12.31732186,10.11983032,20.66666667,44.44444444,3.777777778,27.11111111,3.518827,RAL,ALBE,209665940,108313
0,0,0,1,0,0,0,0,0,163,0,0,0,0,0,0,0,0,0,0,0,0,0,0,0,0,0,0,0,0,0,0,0,0,0,0,0,0,118,0,0,0,0,0,0,0,0,0,24,0,0,1,0,0,0,0,0,25,4.703119869,5.397745201,7.278165503,45.16450648,4.287138584,37.0887338,1.118742,RAL,ALBE,209665990,108206
0,0,0,0,0,0,0,0,0,0,0,0,0,0,0,0,0,0,0,0,0,0,0,0,0,0,0,0,65,0,0,0,0,0,0,0,0,0,0,0,0,0,0,0,0,0,0,0,0,0,0,0,0,0,0,0,0,0,64.07519257,43.73165506,82.12058212,10.3950104,2.148302148,4.296604297,27.7402,RAL,ALBE,209679804,108088
0,0,0,0,0,0,0,0,0,0,0,0,0,0,0,0,0,0,0,0,0,0,0,0,0,0,0,0,30,0,0,0,0,0,0,0,0,0,1119,0,0,0,0,0,0,0,0,0,48,0,0,0,3,0,0,0,0,33,2.401591991,3.957466165,3.141928494,75.8396533,6.500541712,8.559046587,0.2759335,RAL,ALBE,209695780,108247
0,0,0,0,0,0,0,0,0,0,0,0,9,0,0,0,0,0,0,0,5,0,0,0,0,0,0,0,0,0,0,0,0,0,0,0,0,0,86,0,0,0,0,0,0,0,0,0,0,0,0,0,9,0,0,0,0,51,5.969803022,6.297844852,6,72.7826087,3.47826087,13.39130435,0.5986953,RAL,ALBE,209697900,108262
0,0,0,0,0,0,0,0,0,0,0,0,0,0,0,0,0,0,0,0,0,0,0,0,0,0,0,0,43,0,0,0,0,0,0,0,0,0,0,0,0,0,0,0,0,0,0,0,0,0,0,0,0,0,0,0,0,0,41.18783328,29.39323672,44.34782609,45.82608696,2.52173913,5.043478261,9.030488,RAL,ALBE,2097355,108389
0,0,0,3,0,0,0,0,0,1,0,0,0,0,0,0,0,0,0,0,0,0,0,0,0,0,0,0,0,0,0,0,0,0,0,0,0,0,97,0,0,0,0,0,0,0,0,0,53,0,0,0,11,0,0,0,0,20,6.207293763,6.473220728,5.193236715,68.47826087,3.743961353,19.3236715,0.4261931,RAL,ALBE,2097464,108306
0,0,0,0,0,0,0,0,0,1,0,0,0,0,0,0,0,0,0,0,0,0,0,0,0,0,0,0,62,0,0,0,0,0,0,0,0,0,0,0,0,0,0,0,0,0,0,0,0,0,0,0,0,0,0,0,0,0,24.35590486,18.46947032,23.72881356,61.86440678,2.824858757,9.604519774,6.676621,RAL,ALBE,209750881,108227
0,0,0,0,0,0,0,0,0,0,0,0,0,0,0,0,0,0,0,0,0,0,0,0,0,0,0,0,54,0,0,0,0,0,0,0,0,0,1,0,0,0,0,0,0,0,0,0,0,0,0,0,1,0,0,0,0,0,47.63922041,33.09308015,66.81096681,24.24242424,1.154401154,6.204906205,19.01651,RAL,ALBE,2099238,108199
0,0,0,0,0,0,0,0,0,0,0,0,0,0,0,0,0,0,0,0,0,0,0,0,0,0,0,0,346,139,0,0,0,0,0,0,0,0,0,0,0,0,0,0,0,0,0,0,0,0,0,0,2,0,0,0,0,0,56.85154485,38.88989256,76.3866878,15.05546751,1.18858954,5.467511886,31.35561,RAL,ALBE,2099480,108304
0,0,0,0,0,0,0,0,0,0,0,0,0,0,0,0,0,0,0,0,0,0,0,0,0,0,0,0,0,0,0,0,0,0,0,0,0,0,0,0,0,0,0,0,0,0,0,0,0,0,0,0,0,0,0,0,0,0,41.64167422,29.09538441,55.91489362,32.93617021,1.276595745,6.808510638,15.92734,RAL,ALBE,2100295,108194
0,0,0,0,0,0,0,0,0,0,0,0,0,0,0,0,0,0,0,0,0,0,0,0,0,0,0,0,0,0,0,0,0,0,0,0,0,0,377,0,0,0,0,0,0,0,0,0,0,0,0,55,55,0,0,0,0,1,29.02053559,21.00999464,38.7755102,45.99686028,1.569858713,11.14599686,11.28853,RAL,ALBE,2100634,108110
0,0,0,0,0,0,0,0,0,0,0,0,0,0,0,0,0,0,0,0,0,0,0,0,0,0,0,0,0,0,0,0,0,0,0,0,0,0,0,0,0,0,0,0,0,0,0,0,0,0,0,0,0,0,0,0,0,0,82.20597064,55.81926823,96.90721649,1.546391753,0.515463918,1.030927835,36.52467,RAL,ALBE,211583580,108113
0,0,0,0,0,0,0,0,0,0,0,0,0,0,0,0,0,0,0,0,0,0,0,0,0,0,0,0,0,0,0,170,0,0,0,0,0,0,0,0,0,0,0,0,0,0,0,0,0,0,0,0,0,0,0,0,0,0,71.89118666,69.99306582,90.833569,1.8898936,0,0.8856021,34.57783,SLC,GRSL,10167800,23581
0,0,0,0,0,0,0,0,0,0,0,0,0,0,0,0,0,0,0,0,0,0,0,0,0,0,0,0,0,0,0,6250,0,0,0,0,0,0,0,0,0,0,0,0,0,121,0,0,0,0,0,0,0,0,0,0,0,0,25.4273266,24.18330197,33.4110381,11.022006,4.401343,28.254383,9.120011,SLC,GRSL,400927000000000,23554
0,0,0,0,0,0,0,0,0,0,0,0,0,0,0,0,0,0,0,0,0,0,0,0,0,0,0,0,0,0,0,95,0,0,0,0,0,0,0,0,0,0,0,0,0,0,0,0,0,0,0,0,0,0,0,0,0,0,30.90583904,29.59354766,39.626308,9.993236,3.990531,25.617183,11.76108,SLC,GRSL,400959000000000,23552
0,0,0,0,0,0,0,0,0,0,0,0,0,0,0,0,0,0,0,0,0,0,0,0,0,0,0,0,0,0,0,8468,0,0,0,0,0,0,0,0,0,0,0,0,0,0,0,0,0,0,0,0,0,0,0,0,0,0,56.10857998,54.39406071,72.257535,5.8919737,0.7025761,3.6244007,30.35396,SLC,GRSL,401442000000000,23544
0,0,0,0,0,0,0,0,0,0,565,0,0,0,0,0,0,0,0,0,0,0,0,0,0,0,0,0,0,0,0,16089,0,0,0,0,0,0,0,0,0,0,0,0,0,423,0,0,0,0,0,0,0,0,0,0,0,0,31.45383,30.03927106,43.25798,16.6724599,0.7768116,6.0869567,16.47397,SLC,GRSL,401653000000000,23549
0,0,0,0,0,0,0,0,0,0,1,0,0,0,0,0,0,0,0,0,0,0,0,0,0,0,0,0,0,0,0,3529,0,0,0,0,0,0,0,0,0,0,0,0,0,0,0,0,0,0,0,0,0,0,0,0,0,0,16.43953952,15.44227945,20.5439563,34.288494,0,0.3399709,4.604177,SLC,GRSL,401850000000000,23546
0,0,0,0,765,37,0,0,0,0,0,0,0,0,0,139,0,0,0,0,0,0,0,0,0,0,0,0,0,0,0,678,0,0,0,0,0,0,0,0,0,0,678,0,0,613,0,0,0,0,0,0,0,0,0,0,0,0,18.43687518,16.17361217,48.148152,22.222222,0,0,12.44444,SLC,GRSL,403707000000000,23562
0,0,0,0,0,0,0,0,0,0,0,0,0,0,0,0,0,0,0,0,0,0,0,0,0,0,0,0,0,0,0,189,0,0,0,0,0,0,0,0,0,0,0,0,0,0,0,0,0,0,0,0,0,0,0,0,0,0,75.73761881,74.10108913,93.373816,1.3661564,0,0.6401795,37.27191,SLC,GRSL,403755000000000,23575
0,0,0,0,0,0,0,0,0,0,0,0,0,0,0,0,0,71,0,0,0,0,0,0,0,0,0,0,0,0,0,36,0,0,0,0,0,0,0,0,0,0,0,0,0,0,0,0,0,0,0,0,0,0,0,0,0,0,86.78076278,85.34035506,96.843248,0.6450608,0.02804612,0.3022749,42.2057,SLC,GRSL,403927000000000,23577
0,0,0,0,0,0,0,0,0,0,0,0,0,0,0,0,0,377,0,0,0,0,0,0,0,0,0,0,0,0,0,94,0,0,0,0,0,0,0,0,0,0,0,0,0,0,0,0,0,0,0,0,0,0,0,0,0,0,67.4892483,65.29099755,85.289041,4.07370984,0.2588438,0.09244423,34.14267,SLC,GRSL,403945000000000,23567
0,0,0,0,0,0,0,0,0,0,0,0,0,0,0,0,0,121,0,0,0,0,0,0,0,0,0,0,0,0,0,404,0,0,0,0,0,0,0,0,0,0,0,0,0,0,0,0,0,0,0,0,0,0,0,0,0,0,79.01494255,77.33029665,91.938534,2.23235371,0.141844,0.05065856,37.0825,SLC,GRSL,404000000000000,23565
0,0,0,0,0,26,0,0,0,0,0,0,0,0,0,0,0,0,0,0,0,0,0,0,0,0,0,0,0,0,0,253,0,0,0,0,0,0,0,0,0,0,0,0,0,0,0,0,0,0,0,0,0,0,0,0,0,0,65.37395584,64.22440298,67.716996,4.637336,0,5.350773,31.8365,SLC,GRSL,404140000000000,23571
0,0,0,0,0,0,0,0,0,0,0,0,0,0,0,54,0,0,0,0,0,0,0,0,0,0,0,0,0,0,0,897,0,0,0,0,0,0,0,0,0,0,0,0,0,37,0,0,0,0,0,0,0,0,0,0,0,0,68.22758748,67.53791803,65.264094,3.491495,0,5.19248,29.39884,SLC,GRSL,404143000000000,23573
0,0,0,0,0,0,0,0,0,0,0,0,0,0,0,0,0,0,0,0,0,0,0,0,0,0,0,0,0,0,0,678,0,0,0,0,0,0,0,0,0,0,0,0,0,0,0,0,0,0,0,0,0,0,0,0,0,0,100,100,96.911811,0.2963228,0,0.4712602,42.98283,SLC,GRSL,404218000000000,23569
0,0,0,0,0,0,0,0,0,0,0,0,0,0,0,0,0,0,0,0,0,0,0,0,0,0,0,0,0,0,0,1632,0,0,0,0,0,0,0,0,0,0,0,0,0,0,0,0,0,0,0,0,0,0,0,0,0,0,52.59406378,51.04873559,65.464314,8.7106683,2.513431,0.9017652,24.86473,SLC,GRSL,404317000000000,23583
0,0,0,0,0,0,0,0,0,0,0,0,0,0,0,0,0,0,0,0,0,0,0,0,0,0,0,0,0,0,0,9597,0,0,0,0,0,0,0,0,0,0,0,0,0,0,0,0,0,0,0,0,0,0,0,0,0,0,60.93773862,60.06623992,67.7535572,9.1890739,0.3387677,6.796528,23.16917,SLC,GRSL,404349000000000,23556
0,0,0,0,0,0,0,0,0,0,0,0,0,0,0,0,0,0,0,0,0,0,0,0,0,0,0,0,0,0,0,706,0,0,0,0,0,0,0,0,0,0,0,0,0,0,0,0,0,0,0,0,0,0,0,0,0,0,41.78295787,40.19933984,56.6794474,12.7985844,0.4718372,9.053376,18.43556,SLC,GRSL,404430000000000,23560
0,0,0,0,0,0,0,0,0,0,0,0,0,0,0,0,0,0,0,0,0,0,0,0,0,0,0,0,0,0,0,0,0,0,0,0,0,0,0,0,0,0,0,0,0,0,0,0,0,0,0,0,0,0,0,0,0,0,36.60932006,34.59566124,50.516911,26.9349006,0.1955854,1.08969,15.56329,SLC,GRSL,405854000000000,23558
0,0,0,0,0,0,0,0,0,0,0,0,0,0,0,0,0,0,0,0,0,0,0,0,0,0,0,0,0,0,0,0,0,0,0,0,0,0,0,0,0,0,0,0,0,0,0,0,0,0,0,0,0,0,0,0,0,0,43.64112944,41.12781156,76.7704721,3.2898041,0.1506781,7.810146,17.97363,SLC,GRSL,410041000000000,23601
0,0,0,0,0,0,0,0,0,0,0,0,0,0,0,0,0,0,0,0,0,0,0,0,0,0,0,0,0,0,0,421,0,0,0,0,0,0,0,0,0,1,0,0,0,2,0,0,0,0,0,0,0,0,0,0,0,0,0,0,0,21.62162,0,4.504505,0,SLC,GRSL,410148000000000,23588
0,0,0,0,0,0,0,0,0,0,0,0,0,0,0,0,0,27,0,0,0,0,0,0,0,0,0,0,0,0,0,1129,0,0,0,0,0,0,0,0,0,0,0,0,0,0,0,0,0,0,0,0,0,0,0,0,0,0,59.37161075,57.58799899,65.285368,0.4300235,0,11.1806078,24.40383,SLC,GRSL,410231000000000,23593
0,0,0,0,0,0,0,0,0,0,0,0,0,0,0,0,0,41,0,0,0,0,0,0,0,0,0,0,0,0,0,1533,0,0,0,0,0,0,0,0,0,0,0,0,0,0,0,0,0,0,0,0,0,0,0,0,0,0,42.31969949,40.71245061,58.6494521,1.277539,0,18.524311,19.11159,SLC,GRSL,410250000000000,23599
0,0,0,0,0,0,0,0,0,0,0,0,0,0,0,0,0,0,0,0,0,0,0,0,0,0,0,0,0,0,0,177,0,0,0,0,0,0,0,0,0,0,0,0,0,0,0,0,0,0,0,0,0,0,0,0,0,0,54.57004294,52.61128742,67.625397,0.6482472,0.1069923,16.1873024,25.63912,SLC,GRSL,410342000000000,23098
0,0,0,0,0,0,0,0,0,0,0,0,0,0,0,0,0,0,0,0,0,0,0,0,0,0,0,0,0,0,0,4388,0,0,0,0,0,0,0,0,0,0,0,0,0,0,0,0,0,0,0,0,0,0,0,0,0,0,48.81161358,46.79937072,62.2529995,0.8203952,0.09703599,16.07268436,23.01306,SLC,GRSL,410453000000000,23590
0,0,0,0,0,0,0,0,0,0,0,0,0,0,0,0,0,0,0,0,0,0,0,0,0,0,0,0,0,0,0,16,0,0,0,0,0,0,0,0,0,0,0,0,0,0,0,0,0,0,0,0,0,0,0,0,0,0,54.14065928,51.93928872,69.5829751,1.25401,0.3207932,6.590843,22.41791,SLC,GRSL,410501000000000,23597
0,0,0,0,65,32,0,0,0,0,0,0,0,0,0,32,0,0,0,0,0,0,0,0,0,0,0,0,0,0,0,1352,0,0,0,0,0,0,0,0,0,0,93,0,0,32,0,0,0,0,0,0,0,0,0,0,0,0,0.093272092,0.108501804,0,87.4343205,0,0,0,SLC,GRSL,410522000000000,23595
0,0,0,0,0,0,0,0,0,0,0,0,0,0,0,0,0,265,0,0,0,0,0,0,0,0,0,0,0,0,0,4764,0,0,0,0,0,0,0,0,0,0,0,0,0,0,0,0,0,0,0,0,0,0,0,0,0,0,50.55416612,49.98598905,57.6339792,8.149646,0,7.765419,19.28797,SLC,GRSL,411407000000000,23329
0,0,0,0,0,0,0,0,0,0,0,0,0,0,0,0,0,0,0,0,0,0,0,0,0,0,0,0,0,0,0,2823,0,0,0,0,0,0,0,0,0,0,0,0,0,0,0,0,0,0,0,0,0,0,0,0,0,0,22.62256101,20.99427189,26.7732323,21.478517,0,4.995005,4.867133,SLC,GRSL,411413000000000,23325
0,0,0,0,0,0,0,0,0,0,0,0,0,0,0,0,0,89,0,0,0,0,0,0,0,0,0,0,0,0,0,8821,0,0,0,0,0,0,0,0,0,0,0,0,0,0,0,0,0,0,0,0,0,0,0,0,0,0,34.41965431,33.71289216,39.9708471,11.749271,0,10.52478,12.65,SLC,GRSL,411413000000000,23327
0,0,0,0,0,0,0,0,0,0,0,0,0,0,0,0,0,0,0,0,904,0,0,0,0,0,0,0,0,0,0,3839,0,0,0,0,0,0,0,0,0,0,0,0,0,1581,0,0,0,0,0,0,0,0,0,0,0,0,63.63528102,62.42425216,74.350403,2.7165354,0.09842519,9.1338584,26.2374,SLC,GRSL,414258000000000,23322
0,0,47,0,0,0,0,0,0,0,0,0,24,0,0,0,0,0,0,0,0,0,0,0,0,0,0,0,70,0,0,0,0,0,0,0,0,0,0,0,0,0,0,0,0,0,0,0,0,0,0,0,0,54,54,54,0,94,1.738647635,4.569745794,4.303844986,70.683585,3.411661,19.181957,0.27,BIR,MOBL,2397939,17624
0,0,0,0,0,0,0,0,0,0,0,0,0,0,0,0,0,0,0,0,0,0,0,0,0,0,0,0,157,0,0,0,0,0,0,0,0,0,0,0,0,0,0,0,0,0,0,0,0,0,0,0,0,0,0,0,0,0,46.69217555,35.09997468,57.720303,31.704989,0.2298851,6.0727967,12.82,BIR,MOBL,2398001,17172
0,0,0,0,0,0,0,0,0,0,0,0,0,0,0,0,0,0,0,0,0,0,0,0,0,0,0,0,34,0,0,0,0,0,0,0,0,0,0,0,0,0,0,0,0,0,0,0,57,0,0,0,0,0,0,0,0,0,40.23063074,30.68328505,49.271698,45.905171,1.203924,2.9577882,17.93,BIR,MOBL,2400675,17032
0,0,0,0,0,0,0,0,0,0,0,0,0,0,0,0,0,0,0,0,70,0,0,0,829,0,0,0,514,617,0,0,0,0,0,0,0,0,0,0,0,0,0,0,0,0,0,0,194,0,0,0,0,97,97,97,0,141,0,3.198818143,5.289682,69.99816,2.089387,17.480233,0.48,BIR,MOBL,2400725,17063
0,0,242,0,0,0,0,0,0,0,0,0,0,0,0,0,0,0,0,0,0,0,0,0,485,0,0,0,3270,78,0,0,0,0,0,0,0,0,0,0,0,0,0,0,0,0,0,0,112,0,112,0,0,0,0,906,0,323,3.928630147,5.910283099,8.86607288,62.146463,2.143872,22.59783,1.8,BIR,MOBL,2400800,17095
0,0,166,0,0,0,0,0,0,0,0,0,0,0,0,0,0,0,0,0,0,0,0,0,0,0,0,0,0,0,0,0,0,0,0,0,0,0,0,0,19,0,0,0,0,0,0,0,50,0,50,0,0,17,17,17,0,37,1.026846524,4.129185243,2.76890498,73.759123,2.674567,16.479368,0.17,BIR,MOBL,2401350,17276
0,0,0,0,0,0,0,0,0,0,0,0,54,0,0,0,0,0,0,0,0,0,0,0,1392,0,0,0,652,0,0,0,0,0,0,0,0,0,0,0,0,0,0,0,0,0,0,0,0,0,0,0,0,10,10,10,0,0,10.32258467,10.43881754,12.670379,64.114877,2.434633,18.0625788,1.06,BIR,MOBL,2401355,17284
0,0,0,0,0,0,0,0,0,0,0,0,0,0,0,0,0,0,0,0,0,0,0,0,0,0,0,0,942,26,0,0,0,0,0,0,0,0,0,0,0,0,0,0,0,0,0,0,0,0,0,0,0,190,190,190,0,62,28.55275165,22.52502874,40.1828731,47.979387,1.256773,8.169025,11.35,BIR,MOBL,2401749,17157
0,0,0,0,0,0,0,0,0,0,0,0,0,0,0,0,0,0,0,0,0,0,0,0,67,0,0,0,681,0,0,0,0,0,0,0,0,0,0,0,0,0,0,0,0,0,0,0,0,0,0,0,0,20,20,20,0,163,7.966130536,8.910307166,9.62106056,73.353794,6.294416,8.381537,1.81,BIR,MOBL,2401760,17141
0,0,0,0,0,0,0,0,0,0,0,0,0,0,0,0,0,0,0,0,0,0,0,0,0,0,0,0,255,586,0,0,0,0,0,0,0,0,0,0,0,0,0,0,0,0,0,0,0,0,0,0,0,0,0,0,0,0,42.51498362,32.37815387,52.163587,43.863465,1.684579,1.0043071,15.04,BIR,MOBL,2403380,17126
0,0,0,0,0,0,0,0,0,0,0,0,0,0,0,0,0,0,138,0,0,0,0,0,0,0,0,0,23,0,0,0,0,0,0,0,0,0,0,0,0,0,0,0,0,0,0,0,0,0,0,0,0,0,0,0,0,0,29.64524802,23.22088031,42.426386,37.946007,4.285031,8.619938,11.17,BIR,MOBL,2406930,17270
0,0,0,0,0,0,0,0,0,0,0,0,0,0,0,0,0,0,323,0,0,0,0,0,0,0,0,0,0,0,0,0,0,0,0,0,0,0,0,0,0,0,0,0,0,0,0,0,0,0,0,0,0,0,0,0,0,0,19.11086715,16.25039242,26.51888,38.954977,5.328352,20.345062,7.34,BIR,MOBL,242339580,17413
0,0,0,0,0,0,0,0,0,0,0,0,0,0,0,0,0,0,194,0,0,0,0,0,0,0,0,0,108,0,0,0,0,0,0,0,0,0,0,0,0,0,0,0,0,0,0,0,0,0,0,0,0,51,51,51,0,65,21.7748407,17.70512578,36.33199,41.410519,4.576823,11.412364,8.45,BIR,MOBL,2423397,17263
0,0,0,0,0,0,0,0,0,0,0,0,0,0,0,0,0,0,0,0,0,0,0,0,0,0,0,0,830,139,0,0,0,0,0,0,0,0,0,0,0,0,0,0,0,0,0,0,0,0,0,0,0,131,0,0,0,0,66.95768654,48.99479606,83.437643,15.119845,0.2002628,1.0983165,18.9,BIR,MOBL,2423515,17219
0,0,0,0,0,0,0,0,0,0,0,0,0,0,0,0,0,0,0,0,0,0,0,0,0,0,0,0,34,0,0,0,0,0,0,0,0,0,0,0,0,0,0,0,0,0,0,0,0,0,0,0,0,0,0,0,0,0,21.63341259,17.78009346,33.2829253,42.153255,6.858047,4.347927,9.33,BIR,MOBL,2423536,17231
0,0,65,0,0,0,0,0,0,0,0,0,0,0,0,0,0,0,65,0,0,0,0,0,0,0,0,0,0,0,0,0,0,0,0,0,0,0,0,0,0,0,0,0,0,0,0,0,0,0,0,0,0,0,0,0,0,2,22.18416701,18.30300556,31.7192517,54.720514,1.502094,8.64982,5.85,BIR,MOBL,242354650,17245
0,0,0,0,0,0,0,0,0,0,0,0,0,0,0,0,0,0,33,0,0,0,0,0,0,0,0,0,97,0,0,0,0,0,0,0,0,0,0,0,0,0,0,0,0,0,0,0,65,0,0,0,0,0,0,0,0,65,20.37877858,17.05299046,30.0990216,58.466922,1.530897,6.884951,6.81,BIR,MOBL,242354750,17196
0,0,10,0,0,0,0,0,0,0,0,0,0,0,0,0,0,0,0,0,0,0,0,0,0,0,0,0,213,0,0,0,0,0,0,0,0,0,0,0,0,0,0,0,0,0,0,0,0,0,0,0,0,0,0,0,0,0,40.56050425,30.85588293,53.933327,43.16933,0.7719118,1.1610751,15.26,BIR,MOBL,2423576,17260
0,0,0,0,0,0,0,0,0,0,0,0,0,0,0,0,0,0,81,0,0,0,0,0,0,0,0,0,226,0,0,0,0,0,0,0,0,0,0,0,0,0,0,0,0,0,0,0,0,0,0,0,0,0,0,0,0,17,33.94175098,25.73210314,59.304327,38.035009,0.621247,1.1945828,15.94,BIR,MOBL,2423581,17251
0,0,0,0,0,0,0,0,0,0,0,0,0,0,0,0,0,0,0,0,0,0,0,0,0,0,0,0,61,0,0,0,0,0,0,0,0,0,0,0,0,0,0,0,0,0,0,0,0,0,0,0,0,0,0,0,0,0,63.67672394,46.50774303,85.15015,10.33033,0.7057057,3.0330325,39.16,BIR,MOBL,2423590,17239
0,0,0,0,0,0,0,0,0,0,0,0,0,0,0,0,0,0,0,0,0,0,0,0,0,0,535,0,93,0,0,0,0,0,0,0,0,0,0,0,0,0,0,0,0,0,0,0,1348,0,0,0,0,92,92,92,0,19,8.946016553,8.639722421,26.5639306,63.047275,1.503697,1.61169761,2.55,BIR,MOBL,2423620,17396
0,0,0,0,0,0,0,0,0,0,0,0,34,0,0,0,0,0,45,0,0,0,0,0,0,0,0,0,404,0,0,0,0,0,0,0,0,0,0,0,0,0,0,0,0,0,0,0,0,0,0,0,0,15,15,15,0,135,8.120310263,8.804797235,13.469473,44.557466,8.033421,15.42593,4.96,BIR,MOBL,2423729,17212
0,0,924,0,0,0,0,0,0,0,0,0,309,0,0,0,0,0,0,0,0,0,34,0,0,0,0,0,103,0,0,0,0,0,0,0,0,0,0,0,0,0,0,0,0,0,0,0,0,0,0,0,0,0,139,0,0,755,6.076684668,7.379889381,11.7373322,43.112178,2.911881,34.74392,2.12,BIR,MOBL,242372950,17225
0,0,0,0,0,0,0,0,0,0,0,0,0,0,0,0,0,0,97,0,0,0,0,0,0,0,0,0,484,0,0,0,0,0,0,0,0,0,0,0,0,0,0,0,0,0,0,0,0,0,0,0,0,0,0,0,0,0,63.52270377,46.85412967,76.531456,20.734383,0.4742572,1.1030072,15.05,BIR,MOBL,2456900,17378
0,0,0,0,0,0,0,0,0,0,0,0,0,0,0,0,0,0,0,0,0,0,0,0,0,0,0,0,692,46,0,0,0,0,0,0,0,0,0,0,0,0,0,0,0,0,0,0,0,0,0,0,0,0,0,0,0,84,46.58805103,34.63097788,69.854973,26.961637,0.5567682,1.1782768,12.7,BIR,MOBL,2456980,17384
0,0,0,0,0,0,0,0,0,0,0,0,0,0,0,0,0,0,0,0,0,0,0,0,0,0,0,0,740,0,0,0,0,0,0,0,0,0,0,0,0,0,0,0,0,0,0,0,0,0,0,0,0,0,0,0,0,0,65.22429547,47.88237794,79.229991,16.166412,0.2912867,4.0653493,16.97,BIR,MOBL,2458150,17408
0,0,0,0,0,0,0,0,0,0,0,0,0,0,0,0,0,0,0,0,0,0,0,0,0,0,0,0,0,0,0,0,0,0,0,0,0,0,0,0,0,0,0,0,0,0,0,0,0,0,0,0,0,0,0,0,0,0,100,73.34595504,95.71527,3.4986173,0.06738079,0.4975812,41.96,BIR,MOBL,2461200,17390
0,0,0,0,0,0,0,0,0,0,0,0,0,0,0,0,0,0,29,0,0,0,0,0,0,0,71,0,95,0,0,0,0,0,0,0,0,0,0,0,0,0,0,0,0,0,0,0,0,0,84,0,0,0,0,0,0,180,20.40963032,16.64705939,36.4576604,39.759708,2.201358,16.271479,6.89,BIR,MOBL,2461670,17402
0,0,0,0,0,0,0,0,0,0,0,0,528,0,441,0,0,0,0,0,202,0,0,0,0,0,108,0,108,0,0,0,0,0,0,0,0,0,108,0,0,0,0,0,0,0,0,0,0,0,0,0,444,0,0,0,0,1,1.399760174,3.444231257,2.445823219,67.89219,0.4730685,11.5656405,0.9468436,BOS,NECB,1072540,24070
0,0,0,0,0,0,0,0,0,0,0,0,212,0,177,0,0,0,0,0,162,0,0,0,0,0,0,0,259,0,0,0,0,0,0,0,0,0,0,0,0,0,0,140,0,0,0,0,0,0,0,0,509,0,0,0,0,1,10.41641476,7.87758681,8.0394945,65.86282,0.2303837,9.715012,3.067933,BOS,NECB,1072650,24187
0,0,0,0,0,0,0,0,0,0,0,0,141,0,118,0,0,0,0,0,258,0,0,0,0,0,504,0,56,0,0,0,0,0,0,0,0,0,0,0,0,0,0,0,0,0,0,0,0,0,0,0,216,0,0,0,0,2,1.697780521,3.578282739,1.83457013,74.15543,0.2257234,5.7158004,0.7225875,BOS,NECB,1072845,24251
0,0,0,0,0,0,0,0,0,0,0,0,74,0,62,0,0,0,0,0,0,0,0,0,0,0,0,0,512,0,0,0,0,0,0,0,0,0,0,0,0,0,0,0,0,0,0,0,0,0,0,0,350,0,0,0,0,0,8.828236573,7.110296296,7.9791215,58.49516,0.6547377,9.452939,2.876599,BOS,NECB,1072904,24224
0,0,0,0,0,0,0,0,0,0,0,0,264,0,220,0,0,0,0,0,81,0,0,0,0,0,0,0,134,0,0,270,0,0,0,0,0,0,0,0,0,0,0,0,0,0,0,0,0,0,0,0,485,0,0,0,0,444,0,2.748252038,1.149562304,78.57437,0.5774898,6.3068823,0.9402574,BOS,NECB,1073260,24280
0,0,0,0,0,0,0,0,0,0,0,0,31,0,26,0,0,0,0,0,305,0,0,0,0,0,0,0,0,0,0,0,0,0,0,0,0,0,195,0,0,0,0,165,0,0,0,0,0,0,0,0,0,0,0,0,170,0,2.435071884,3.941891258,2.55022913,79.19778,0.3029975,6.2992223,1.004064,BOS,NECB,1073458,24213
0,0,0,0,0,0,0,0,0,0,0,0,34,0,28,0,0,0,0,0,81,0,0,0,0,0,0,0,181,0,0,0,0,0,0,0,0,0,0,0,0,0,0,123,0,0,0,0,0,0,0,0,0,0,0,0,0,0,3.606511143,4.506298654,2.388960744,78.63735,0.4726175,3.5360065,0.8762915,BOS,NECB,10734833,24200
0,0,0,0,0,0,0,0,0,0,0,0,181,0,151,0,0,0,0,0,333,0,0,0,0,0,0,0,672,0,0,0,0,0,0,0,0,0,158,0,0,0,0,143,0,0,0,0,0,0,0,0,394,0,0,0,0,185,3.046050625,4.251560063,3.28127921,73.10345,0.2974103,7.9075633,1.23681,BOS,NECB,1089743,24265
0,0,0,0,0,0,0,0,0,0,0,0,806,0,673,0,0,0,0,0,431,0,0,0,0,0,0,0,108,0,0,0,0,0,0,0,0,0,0,0,0,0,0,0,0,0,0,0,0,0,0,0,0,0,0,0,432,28,2.835558426,4.119552099,0.93083317,80.398828,0.05199249,6.0495775,0.3373977,BOS,NECB,1090477,24293
0,0,0,0,0,0,0,0,0,0,0,0,103,0,86,0,0,0,0,0,0,0,0,0,0,0,0,0,457,0,0,0,0,0,0,0,0,0,0,0,0,0,0,0,0,0,0,0,0,0,0,0,28,0,0,0,0,0,8.598301123,6.960313546,4.92146863,76.642753,0.2502651,7.2798776,1.014745,BOS,NECB,1094005,24237
0,0,0,0,0,0,0,0,0,0,0,0,55,0,46,0,0,0,0,0,21,0,0,0,86,0,200,0,372,0,0,0,0,0,0,0,0,0,29,0,0,0,0,0,0,0,0,0,0,0,0,0,242,0,0,0,0,205,4.184401828,4.797683067,3.16038716,74.44925,0.221902,9.0728164,0.8155469,BOS,NECB,1095220,23494
0,0,0,0,0,0,0,0,0,0,0,0,194,0,0,0,0,0,0,0,0,0,0,0,0,0,0,0,217,0,0,76,0,0,0,0,0,0,0,0,0,0,0,0,0,0,0,0,0,0,0,0,33,0,0,0,0,33,25.34485993,15.28047994,21.4953259,50.156319,0.4121178,9.944327,8.245749,BOS,NECB,1096544,23456
0,0,0,0,0,0,0,0,0,0,0,0,0,0,0,0,0,0,0,0,0,0,0,0,0,0,0,0,202,0,0,0,0,0,0,0,0,0,0,0,0,0,0,0,0,0,0,0,0,0,0,0,121,0,0,0,0,364,34.85769594,20.01894684,30.634108,48.454468,0.1419478,9.249525,10.71015,BOS,NECB,10965852,24309
0,0,0,0,0,0,0,0,0,0,0,0,53,0,45,0,0,0,0,0,0,0,0,0,0,0,0,0,711,0,0,0,0,0,0,0,0,0,0,0,0,0,0,0,0,0,0,0,0,0,0,0,0,0,0,0,0,0,37.61672732,21.42243372,35.688707,44.775222,1.009613,5.8738983,11.29142,BOS,NECB,1096710,23538
0,0,0,0,0,0,0,0,0,0,0,0,0,0,0,0,0,0,0,0,0,0,0,0,0,0,0,0,396,0,0,0,0,0,0,0,0,0,0,0,0,0,0,0,0,0,0,0,0,0,0,0,58,0,0,0,0,0,12.71385511,9.013780944,10.3421438,66.784678,0.4244356,12.336432,4.407477,BOS,NECB,1096945,23480
0,0,0,0,0,0,0,0,0,0,0,0,0,0,0,0,0,0,0,0,28,0,0,0,0,0,190,0,361,0,0,0,0,0,0,0,0,0,0,0,0,0,0,0,0,0,0,0,0,0,0,0,81,0,0,0,0,1,24.67175841,14.92005594,18.3430181,52.8238714,0.2210204,8.5544939,6.768431,BOS,NECB,1097270,23467
0,0,0,0,0,0,0,0,0,0,0,0,0,0,0,0,0,0,0,0,0,0,0,0,0,0,431,0,108,0,0,0,0,0,0,0,0,0,0,0,0,0,0,0,0,0,0,0,0,0,0,0,1,0,0,0,0,163,26.44543359,15.86171639,24.402596,49.710597,0.06129791,6.253392,9.442641,BOS,NECB,1097476,23440
0,0,0,0,0,0,0,0,0,0,0,0,0,0,0,0,0,0,0,0,0,0,0,0,0,0,0,0,0,0,0,0,0,0,0,0,0,0,65,0,0,0,0,0,0,0,0,0,0,0,0,0,0,0,0,0,0,0,48.77398493,26.9215113,43.292865,30.788866,0.4371755,3.1796713,14.88179,BOS,NECB,1101500,24043
0,0,0,0,0,0,0,0,0,0,0,0,0,0,0,0,0,0,0,0,0,0,0,0,0,0,0,0,0,0,0,0,0,0,0,0,0,0,0,0,0,0,0,0,0,0,0,0,0,0,0,0,0,0,0,0,0,0,84.29761242,44.45625518,64.445639,19.6672919,0.1594968,1.77831456,25.73046,BOS,NECB,1102345,24057
0,0,0,0,0,0,0,0,0,0,0,0,0,0,0,0,0,0,0,0,0,0,0,0,0,0,0,0,0,0,0,0,0,0,0,0,0,0,0,0,0,0,0,0,0,0,0,0,0,0,0,0,0,0,0,0,0,0,100,52.23849223,76.432741,15.8385562,0.1491503,1.902796,36.31153,BOS,NECB,1102500,23988
0,0,0,0,0,0,0,0,0,0,0,0,0,0,0,0,0,0,0,0,0,0,0,0,0,0,0,0,113,0,0,0,0,0,0,0,0,0,0,0,0,0,0,0,0,0,0,0,0,0,0,0,170,0,0,0,0,0,45.35122869,25.18357793,34.735115,42.541747,1.145259,5.487977,13.99762,BOS,NECB,11032058,23424
0,0,0,0,0,0,0,0,0,0,0,0,0,0,0,0,0,0,0,0,0,0,0,0,0,0,0,0,323,0,0,0,0,0,0,0,0,0,0,0,0,0,0,0,0,0,0,0,0,0,0,0,117,0,0,0,0,0,44.72264306,24.91564839,38.561609,40.459533,0.2353839,4.6928345,13.85466,BOS,NECB,1105000,23032
0,0,0,0,0,0,0,0,0,0,0,0,0,0,0,0,0,0,0,0,0,0,0,0,0,0,0,0,0,0,0,0,0,0,0,0,0,0,0,0,0,0,0,0,0,0,0,0,0,0,0,0,21,0,0,0,0,0,55.64405832,30.29793962,44.684823,35.775533,0.08030839,2.7391336,16.52175,BOS,NECB,1105500,23046
0,0,0,0,0,0,0,0,0,0,0,0,0,0,0,0,0,0,0,0,0,0,0,0,0,0,0,0,33,0,0,0,0,0,0,0,0,0,0,0,0,0,0,0,0,0,0,0,0,0,0,0,0,0,0,0,0,0,67.29715499,36.06921205,53.677826,29.1206528,0.02905875,3.0397974,22.80174,BOS,NECB,1105581,22800
0,0,0,0,0,0,0,0,0,0,0,0,0,0,0,0,0,0,0,0,0,0,0,0,0,0,0,0,0,0,0,0,0,0,0,0,0,0,0,0,0,0,0,0,0,0,0,0,0,0,0,0,0,0,0,0,0,0,86.60395646,45.56308686,60.130919,25.9251738,0.14559,3.0336892,26.25313,BOS,NECB,1106468,23377
0,0,0,0,0,0,0,0,0,0,0,0,0,0,0,0,0,0,0,0,0,0,0,0,0,0,0,0,975,0,0,0,0,0,0,0,0,0,0,0,0,0,0,0,0,0,0,0,0,0,0,0,499,0,0,0,0,2,23.98423473,14.65698258,23.489882,49.638435,0.302503,5.9702449,8.114034,BOS,NECB,1109000,23393
0,0,0,0,0,0,0,0,0,0,0,0,0,0,0,0,0,0,0,0,0,0,0,0,0,0,0,0,394,0,0,0,0,0,0,0,0,0,37,0,0,0,0,0,0,0,0,0,0,0,0,0,0,0,0,0,0,0,42.83730801,23.89327768,28.525129,54.269707,0.07940289,5.616672,8.653955,BOS,NECB,1109595,23508
0,0,0,0,0,0,0,0,0,0,0,0,0,0,0,0,0,0,0,0,0,0,0,0,0,0,0,0,484,0,0,0,0,0,0,0,0,0,0,0,0,0,0,0,0,0,0,0,0,0,0,0,190,0,0,0,0,0,69.18971107,36.95955902,50.200234,33.138548,0.4154408,2.5198868,17.83079,BOS,NECB,1110000,23523
0,0,0,0,0,0,0,0,0,0,0,0,0,0,0,0,0,0,0,0,0,0,0,0,0,0,0,0,565,0,0,0,0,0,0,0,0,0,0,0,0,0,0,0,0,0,0,0,0,0,0,0,283,0,0,0,0,920,19.38858358,12.32753747,15.4401893,58.026405,0.6065266,9.310244,5.586,BOS,NECB,1112262,23407
0,0,0,0,0,0,0,0,0,0,0,0,0,0,243,0,0,0,81,0,81,0,0,0,31,0,61,0,0,0,0,31,0,0,0,0,0,0,364,0,0,0,0,734,0,0,0,0,43,0,0,0,131,0,0,0,0,444,7.194640911,6.29895223,6.3800606,67.5200195,0.1846908,9.5508899,0.8171744,BOS,NECB,1193340,23347
0,0,0,0,0,0,0,0,0,0,0,0,0,0,0,0,0,0,0,0,0,0,0,1067,0,0,0,0,0,0,0,23,0,0,0,0,0,0,0,0,0,0,0,0,0,0,0,0,0,0,0,0,0,0,0,0,0,0,97.33771068,87.21571384,79.60947503,0.512163892,11.36363636,0,41.1,DEN,SPLT,6713500,117417
0,0,0,0,0,0,0,0,0,0,0,0,0,0,0,0,0,0,61,0,0,0,0,33,0,0,0,0,45,0,0,408,0,0,0,0,0,0,0,0,0,0,0,0,0,0,0,0,0,0,0,0,0,0,0,0,0,0,66.60868357,57.77652442,72.01946472,3.527980535,21.89781022,0,34.15,DEN,SPLT,393557000000000,119314
0,0,0,0,0,0,0,0,0,0,0,0,0,0,0,0,0,0,0,0,0,0,0,0,0,0,0,0,0,0,0,121,0,0,0,0,0,0,0,0,0,0,0,0,0,0,0,0,0,0,0,0,0,0,0,0,0,0,36.29701606,30.92495671,59.05172414,0.574712644,36.7816092,0,27.93,DEN,SPLT,393613000000000,117411
0,0,0,0,0,0,0,0,0,0,0,0,0,0,0,0,0,0,283,0,0,0,0,6910,0,0,0,0,0,0,0,470,0,0,0,0,0,0,0,0,0,0,0,0,0,0,0,0,0,0,0,0,0,0,0,0,0,0,35.40889146,31.62472846,38.00904977,2.385849445,53.96955985,1.275195393,16.71,DEN,SPLT,393948000000000,119409
0,0,0,0,0,0,0,0,0,0,0,0,0,0,0,0,0,0,0,0,0,0,0,32,0,0,0,0,881,0,0,79,0,0,0,0,0,0,0,0,0,0,0,0,0,0,0,0,0,0,0,0,0,0,0,0,0,0,100,87.08560358,90.42357274,2.025782689,2.394106814,0,42.25,DEN,SPLT,394107000000000,119267
0,0,0,0,0,0,0,0,0,0,0,0,0,0,0,0,0,0,0,0,0,0,0,25,0,0,0,0,97,0,0,298,0,0,0,0,0,0,0,0,0,0,0,0,0,0,0,0,0,0,0,0,0,0,0,0,0,0,92.90888846,80.98804871,89.25619835,1.843610935,8.582326764,0.063572791,46.21,DEN,SPLT,394409000000000,119298
0,0,0,0,0,0,0,0,0,0,0,0,0,0,0,0,0,0,0,0,0,0,0,0,0,0,0,0,12,0,0,23,0,0,0,0,0,0,0,0,0,0,0,0,0,0,0,0,0,0,0,0,0,0,0,0,0,0,61.29765593,52.46215354,68.76404494,1.348314607,28.76404494,0.112359551,37.63,DEN,SPLT,394553000000000,117443
0,0,0,0,0,0,0,0,0,0,0,0,0,0,0,0,0,0,1452,0,0,0,0,840,0,0,0,0,94,0,0,746,0,0,0,379,0,0,0,0,0,0,0,0,0,0,0,0,0,0,0,0,0,0,0,0,0,0,52.68326783,45.24647411,62.56916996,2.529644269,30.67193676,0.158102767,31.5,DEN,SPLT,394629000000000,117065
0,0,0,0,0,0,0,0,0,0,0,0,0,0,0,0,0,0,0,0,0,0,0,0,0,0,0,0,175,0,0,368,0,0,0,0,0,0,0,0,0,0,0,0,0,0,0,0,0,0,0,0,0,0,0,0,0,0,33.31933239,29.25455901,41.40386572,3.662258393,45.16785351,1.932858596,17.23,DEN,SPLT,394919000000000,119254
0,0,0,0,0,0,0,0,0,0,0,0,0,0,0,0,0,0,0,0,0,0,0,105,0,0,0,0,3,0,0,740,0,0,0,0,0,0,0,0,0,0,0,0,0,0,0,0,0,0,0,0,0,0,0,0,0,0,91.60311774,79.1241125,90.36827195,2.407932011,6.798866856,0,42.08,DEN,SPLT,394921000000000,119243
0,0,0,0,0,0,0,0,0,0,0,0,0,0,0,0,0,0,162,0,0,0,0,272,0,0,0,0,0,0,0,90,0,0,0,242,0,0,0,0,0,0,0,0,0,0,0,0,0,0,0,0,0,0,0,0,0,0,28.59619889,25.95356245,33.2673827,0.9044658,58.62068966,1.554550594,15.96,DEN,SPLT,395324000000000,117385
0,0,0,0,0,0,0,0,0,0,0,0,0,0,0,0,0,0,2588,0,0,0,0,0,0,0,0,0,0,0,0,120,0,0,0,0,0,0,0,0,0,0,0,0,0,0,0,0,0,0,0,0,0,0,0,0,0,0,13.13102409,12.80102468,17.40331492,0.414364641,78.86740331,1.657458564,8.35,DEN,SPLT,395554000000000,117468
0,0,0,0,0,0,0,0,0,0,0,0,0,0,0,0,0,0,0,0,0,0,0,0,0,0,0,0,0,0,0,570,0,0,0,76,0,0,0,0,0,0,0,0,0,0,0,0,0,0,0,0,0,0,0,0,0,0,2.657378582,4.289846562,2.796420582,2.460850112,91.61073826,2.572706935,0.94,DEN,SPLT,395707000000000,119213
0,0,0,0,0,0,0,0,7,0,0,0,0,0,0,0,7,0,0,0,7,0,0,225,61,0,0,0,7,0,0,44,0,0,0,0,0,0,0,0,0,0,0,0,4,4,0,0,0,0,0,0,0,0,0,0,0,0,14.59105146,13.76629579,19.21182266,4.679802956,57.63546798,17.98029557,6.61,DEN,SPLT,395958000000000,117427
0,0,0,0,0,0,15,0,23,0,0,0,0,0,0,0,0,0,0,0,69,0,0,33,33,0,0,0,36,0,0,90,0,0,0,0,0,0,0,0,0,0,0,0,52,49,0,0,0,0,0,0,0,0,0,0,0,0,4.358349243,5.975130458,5.815831987,9.369951535,68.41680129,11.06623586,1.87,DEN,SPLT,400000000000000,117435
0,0,0,0,0,0,0,0,0,0,0,0,0,0,0,0,0,0,0,0,0,0,0,74,0,0,0,0,518,0,0,537,0,0,0,0,0,0,0,0,0,0,0,0,0,0,0,0,0,0,0,0,0,0,0,0,0,0,61.79910883,54.24727308,58.89830508,7.203389831,25,0.423728814,24.92,DEN,SPLT,400023000000000,119154
0,0,0,0,0,0,0,0,41,0,0,0,0,0,0,0,0,0,81,0,14,0,0,192,0,0,0,0,58,0,0,692,0,0,0,0,0,0,0,0,0,0,0,0,15,14,0,0,0,0,0,0,0,0,0,0,0,0,50.71239574,45.33113444,49.37906564,6.06150207,32.02247191,6.771141336,24.25,DEN,SPLT,400217000000000,117148
0,0,0,0,0,0,0,0,0,0,0,0,0,0,0,0,0,0,33,0,0,0,0,0,0,0,0,0,0,0,0,196,0,0,0,154,0,0,0,22,0,0,0,0,17,16,0,0,0,0,0,0,0,0,0,0,0,0,16.09563274,15.29299537,22.17592593,1.944444444,42.36111111,25.13888889,10.01,DEN,SPLT,400607000000000,117397
0,0,0,0,0,0,0,0,0,0,0,0,0,28,0,0,0,0,109,0,0,0,0,289,0,0,0,0,0,0,0,2882,0,0,0,0,0,0,0,0,0,0,0,0,0,0,0,0,0,0,0,0,0,0,0,0,0,0,9.767426338,10.03459839,10.44142615,3.310696095,32.25806452,52.29202037,3.37,DEN,SPLT,400810000000000,117341
0,0,0,0,0,0,0,0,0,0,0,0,0,0,0,0,0,0,49,0,0,0,0,0,0,0,0,0,0,0,0,436,0,0,0,0,0,0,0,0,0,0,0,0,0,0,0,0,0,0,0,0,0,0,0,0,0,0,4.841974856,5.974961855,8.6846543,0.674536256,41.98988196,45.36256324,3.54,DEN,SPLT,400855000000000,117357
0,0,0,0,0,0,0,0,0,0,0,0,0,0,0,0,0,0,995,0,0,0,0,0,0,0,0,0,0,0,0,300,0,0,0,77,0,0,0,0,0,0,0,0,0,0,0,0,0,0,0,0,0,0,0,0,0,0,17.88307787,16.68962401,25.15212982,1.352265044,11.76470588,53.41446924,11.06,DEN,SPLT,400925000000000,117371
0,21,0,0,0,0,0,0,0,0,0,0,0,0,0,0,0,0,61,0,0,0,0,0,0,0,0,0,0,0,0,865,0,0,0,24,0,0,0,0,0,0,0,0,11,10,0,0,0,0,0,0,0,0,0,0,0,0,19.18239665,18.32014403,20.93704246,0.878477306,15.37335286,62.51830161,11.03,DEN,SPLT,402549000000000,117131
0,0,0,0,0,0,0,0,0,0,0,0,0,0,0,0,0,0,210,0,0,0,0,23,0,0,0,0,0,0,0,1705,0,0,0,46,0,0,0,0,0,0,0,0,9,8,0,0,0,0,0,0,0,0,0,0,0,0,72.63340266,61.06561251,88.05031447,4.402515723,6.918238994,0.628930818,41.22,DEN,SPLT,403035000000000,117280
0,0,0,0,0,0,0,0,0,0,0,0,0,0,0,0,0,0,0,0,0,0,0,0,0,0,0,0,0,0,0,0,0,0,0,57,0,0,0,0,0,0,0,0,0,0,0,0,0,0,0,0,0,0,0,0,0,0,12.69040333,12.41974084,16.60194175,1.359223301,65.14563107,14.36893204,6.54,DEN,SPLT,403048000000000,117302
0,0,0,0,0,0,0,0,0,0,0,0,0,0,0,0,0,0,0,0,0,0,0,0,0,0,0,0,0,0,0,54,0,0,0,0,0,0,0,0,0,0,0,0,0,0,0,0,0,0,0,0,0,0,0,0,0,0,2.593178606,4.201524185,4.423219585,0.389465875,66.15819733,22.99239614,1.73,DEN,SPLT,403308000000000,117246
0,0,0,0,0,0,0,0,0,0,0,0,0,0,0,0,0,0,0,0,0,0,0,68,0,0,0,0,0,0,0,2513,0,0,0,0,0,0,0,0,0,0,0,0,0,0,0,0,0,0,0,0,0,0,0,0,0,0,67.49896892,59.45681326,63.4902411,4.362801378,29.62112514,1.148105626,28.5,DEN,SPLT,403356000000000,117328
0,0,0,0,0,0,0,0,0,0,0,0,0,0,0,0,0,0,0,0,28,0,0,28,0,0,0,0,0,0,0,0,0,0,0,0,0,0,0,0,0,0,0,0,0,0,0,0,0,0,0,0,0,0,0,0,0,0,4.639170235,5.837005127,8.721314812,0.803948507,80.76629522,1.557014196,2.89,DEN,SPLT,410714000000000,117205
0,0,0,0,0,0,0,0,0,0,0,0,0,0,0,0,0,0,28,0,0,0,0,0,0,0,0,0,0,0,0,0,0,0,0,0,0,0,0,0,0,0,0,0,0,0,0,0,0,0,0,0,0,0,0,0,0,0,0,2.142257546,1.457133175,0.022591212,88.55190331,6.478030046,0.32,DEN,SPLT,413659000000000,117240
0,130,0,0,0,0,0,0,0,0,0,0,0,0,0,0,0,0,0,0,0,0,0,0,0,0,0,0,0,0,0,0,184,0,0,62,0,0,0,0,0,0,0,0,0,0,0,0,0,0,0,0,0,0,0,0,0,0,100,78.78261143,88.79568604,7.24985021,0.419412822,3.055721989,43.9,DFW,TRIN,8049490,138803
0,353,0,0,0,0,0,0,0,0,0,0,0,0,0,0,0,0,0,0,0,0,16,0,0,0,0,0,0,0,0,0,0,0,0,72,0,0,0,0,0,0,0,0,0,0,0,0,0,0,0,5,0,3,0,0,0,0,5.26853519,6.790527756,4.785643071,9.571286142,22.03389831,57.4775673,1,DFW,TRIN,8049580,133778
0,226,0,0,0,0,0,0,0,0,0,0,0,0,0,0,0,0,0,0,0,0,0,0,0,0,0,0,0,33,0,0,0,0,0,970,0,0,0,0,0,0,0,0,0,0,0,0,0,0,0,0,0,0,0,0,0,0,77.11325623,60.93172771,70.22222222,13.33333333,3.955555556,11.6,29.26,DFW,TRIN,8049955,138795
0,59,0,0,0,0,0,0,0,0,0,0,0,0,0,0,0,0,0,0,0,0,0,0,0,0,0,0,0,11,0,0,0,0,0,40,0,0,0,0,0,0,0,0,0,0,0,0,0,0,0,0,0,0,0,0,0,0,5.451877007,6.851003943,6.712328767,6.931506849,14.2739726,68.93150685,2.02,DFW,TRIN,8052740,131643
0,104,0,0,0,0,0,0,0,0,0,0,0,0,0,0,0,0,0,0,0,0,0,0,0,0,0,0,0,0,0,0,0,722,0,1879,0,0,0,0,0,0,0,0,0,0,0,0,0,0,0,0,0,0,0,0,0,0,96.94737878,76.91857256,83.93712575,5.479041916,1.706586826,8.248502994,40.15,DFW,TRIN,8057200,138832
0,153,0,0,0,0,0,0,0,0,0,0,0,0,0,0,0,0,145,0,0,0,19,0,0,0,0,0,0,0,0,0,0,0,0,36,0,0,0,0,0,0,0,0,0,0,0,0,0,0,0,0,0,0,0,0,0,0,67.29720275,53.68702335,61.59695817,24.80988593,3.517110266,9.149239544,21.92,DFW,TRIN,8057431,138787
0,239,0,0,0,0,0,0,0,0,0,0,0,0,0,0,0,0,17,0,0,0,0,0,0,0,0,0,0,0,0,0,0,0,0,0,0,0,0,0,0,0,0,0,0,0,0,0,0,0,0,6,0,4,0,0,0,0,21.88443209,19.25939523,21.28469114,24.3733214,6.110116383,36.59355416,6.57,DFW,TRIN,8057475,138820
0,306,0,0,0,0,0,0,0,0,0,0,0,0,0,0,0,0,0,0,0,0,0,0,0,0,0,0,0,0,0,0,0,0,0,3,0,0,0,0,0,0,0,0,0,0,0,0,0,0,0,3,0,0,0,0,0,0,8.518339434,9.196763253,9.371980676,10.53140097,16.90821256,60,2.93,DFW,TRIN,8059530,131635
0,38,0,0,0,0,0,0,0,0,0,0,0,0,0,0,0,0,0,0,0,0,0,0,0,0,0,0,0,0,0,0,0,0,0,179,0,0,0,0,0,0,0,0,0,0,0,0,0,0,0,0,0,103,0,0,0,0,4.532093527,6.210198534,6.493921945,12.85988484,22.13691619,53.80678183,2.32,DFW,TRIN,8059571,131637
0,348,0,0,0,0,0,0,0,0,0,0,0,0,0,0,0,0,0,0,0,0,0,0,0,0,0,0,0,0,0,0,0,0,0,390,0,0,0,0,0,0,0,0,0,0,0,0,0,0,0,0,0,0,0,0,0,0,94.81210804,74.35815197,86.01080466,5.487631504,2.672732442,5.08956497,40.29,DFW,TRIN,8061536,131629
0,137,0,0,0,0,0,0,0,0,0,0,0,0,0,0,0,0,146,0,0,0,0,0,0,0,0,0,0,0,0,0,0,0,0,14,0,14,0,0,0,0,0,0,0,0,0,0,0,0,0,0,0,0,0,0,0,0,85.24995358,67.54177017,78.89141989,8.428246014,1.948873703,9.769678562,36.36,DFW,TRIN,8061740,138799
0,0,0,0,0,0,0,0,0,0,0,0,0,0,0,0,0,0,0,0,0,0,0,0,0,0,0,0,0,731,0,0,0,0,0,142,0,0,0,0,0,0,0,0,0,0,0,0,0,0,0,224,0,0,0,0,0,0,12.04709167,11.73327663,15.1586369,15.77555817,14.89424207,49.58871915,6.02,DFW,TRIN,8061780,131623
0,443,0,0,0,0,0,0,0,0,0,0,0,0,0,0,0,0,5,0,0,0,6,0,0,0,0,0,0,0,0,0,0,0,0,50,0,0,0,0,0,0,0,0,0,0,0,0,0,0,0,0,0,0,0,0,0,0,78.4048131,62.1182228,71.94388778,11.06212425,3.166332665,13.18637275,29.79,DFW,TRIN,8061952,131617
0,13,0,0,0,0,0,0,0,0,0,0,0,0,0,0,0,0,0,0,0,0,0,0,0,0,0,0,0,153,0,0,0,0,0,0,0,0,0,0,0,0,0,0,0,0,0,0,0,0,0,26,0,0,0,0,0,0,13.75487696,12.95135769,17.34939759,6.325301205,20.42168675,50.42168675,6.14,DFW,TRIN,8061995,138899
0,170,0,0,0,0,0,0,0,0,0,0,0,0,0,0,0,0,0,0,0,0,0,0,0,0,0,0,0,0,0,0,0,0,0,138,0,0,0,0,0,0,0,0,0,0,0,0,0,0,0,41,0,25,0,0,0,0,5.498536923,6.913048717,7.205623902,6.151142355,20.16695958,59.8857645,1.77,DFW,TRIN,8062020,138807
0,167,0,0,0,0,0,0,0,0,0,0,0,0,0,0,0,0,1002,16,0,0,0,0,0,0,0,0,0,0,0,0,0,0,0,198,0,0,0,0,0,0,0,0,0,0,0,0,0,0,0,0,0,0,0,0,0,0,18.21362336,16.39614659,15.25505294,26.22714148,21.70356112,27.95957652,4.93,DFW,TRIN,8062090,133881
0,535,0,0,0,0,0,0,0,0,0,0,0,0,0,0,0,0,0,0,0,0,3,0,0,0,0,0,0,0,0,0,0,0,0,0,0,0,0,0,0,0,0,0,0,0,0,0,0,0,0,38,0,0,0,0,0,0,1.09444866,3.693540487,2.316433566,9.222027972,27.70979021,56.99300699,0.62,DFW,TRIN,8062525,133774
0,149,0,0,0,0,0,0,0,0,0,0,0,0,0,0,0,0,0,0,0,0,5,0,0,0,5,0,0,83,0,0,0,0,0,9,0,0,0,172,0,0,0,0,0,0,0,0,0,0,0,84,0,0,0,0,0,0,0,2.894214917,2.477027567,15.78106272,25.92888534,44.34678386,0.24,DFW,TRIN,8062600,133869
0,496,0,0,0,0,0,0,0,0,0,0,0,0,0,0,0,0,0,0,0,0,77,0,0,0,0,0,0,0,0,0,20,0,0,0,0,0,0,0,0,0,0,0,0,0,0,0,0,0,0,12,0,8,0,0,0,0,0.155006771,3.025649384,1.560715645,19.98477351,15.37875904,52.49333841,0.12,DFW,TRIN,8062805,131561
0,19,0,0,0,0,0,0,0,0,0,0,0,0,0,0,0,0,0,0,0,0,0,0,0,0,0,0,0,0,0,0,3,0,0,109,0,0,0,0,0,0,0,0,0,0,0,0,0,0,0,2,0,2,0,0,0,0,1.806641807,4.170878589,2.747791953,3.287536801,12.4141315,73.30716389,0.33,DFW,TRIN,8063047,133863
0,20,0,0,0,0,0,0,0,0,0,0,0,0,0,0,0,0,0,0,0,0,0,0,0,0,0,0,0,0,0,0,6,0,0,0,0,0,0,0,0,0,0,0,0,0,0,0,0,0,0,14,0,0,0,0,0,0,2.147183214,4.434737883,3.107488538,6.520631686,12.14977076,70.55527254,0.4,DFW,TRIN,8063300,131627
0,397,0,0,0,0,0,0,0,0,0,0,0,0,0,0,0,0,0,0,0,0,0,0,0,0,0,0,0,0,0,0,16,0,0,4,0,0,0,0,0,0,0,0,0,0,0,0,0,0,0,0,0,7,0,0,0,0,2.71840304,4.833875448,5.133079848,7.794676806,25.15842839,42.96577947,0.46,DFW,TRIN,8063510,133873
0,147,0,0,0,0,0,0,0,0,0,0,0,0,0,0,0,0,0,0,0,0,24,0,0,0,0,0,0,0,0,0,0,0,0,0,0,0,0,0,0,0,0,0,0,0,0,0,0,0,0,198,0,0,0,0,0,0,2.331872527,4.577113738,3.342222222,17.23555556,17.28888889,56.08888889,0.61,DFW,TRIN,8063555,133772
0,18,0,0,0,0,0,0,0,0,0,0,0,0,0,0,0,0,63,0,0,0,0,0,0,0,0,11,0,44,0,0,0,0,0,502,0,0,0,0,0,0,0,0,0,0,0,0,0,0,0,263,0,16,0,0,0,0,1.42062741,3.897665294,2.803738318,9.893651305,35.41733806,36.44859813,0.42,DFW,TRIN,8063565,133865
0,2060,0,0,0,0,0,0,0,0,0,0,0,0,0,0,0,0,414,0,0,0,87,0,0,0,0,0,0,0,0,0,0,0,0,87,0,0,0,51,0,0,0,0,0,0,0,0,0,0,0,0,0,31,0,0,0,0,0.522357838,3.266235573,2.545276554,4.405286344,23.34801762,55.70239843,0.4,DFW,TRIN,8063574,133883
0,42,0,0,0,0,0,0,0,0,0,0,0,0,0,0,0,0,637,0,0,0,0,0,0,0,0,0,0,0,0,0,0,0,0,582,0,0,0,0,0,0,0,0,0,0,0,0,0,0,0,42,0,63,0,0,0,0,0.76627965,3.483378593,2.279340446,14.16100873,17.50727449,53.39476237,0.48,DFW,TRIN,8063595,133877
0,331,0,0,0,0,0,0,0,0,0,0,0,0,0,0,0,0,0,0,0,0,7,0,0,0,0,0,0,18,0,0,0,0,0,527,0,0,0,0,0,0,0,0,0,0,0,0,0,0,0,88,0,19,0,0,0,0,11.901795,11.78155788,13.86827458,6.400742115,17.81076067,54.3135436,4.83,DFW,TRIN,8063692,133887
0,740,0,0,0,0,0,0,0,0,0,0,0,0,0,0,0,0,0,0,0,0,0,0,0,0,385,0,0,15,0,0,0,0,0,299,0,0,0,143,0,0,0,0,0,0,0,0,0,0,0,0,0,236,0,0,0,0,4.347384947,6.060160068,6.935052681,12.47051423,25.33417204,34.37647429,1.34,DFW,TRIN,8064695,133790
0,0,0,0,0,0,0,0,24,0,0,0,0,0,0,0,0,0,0,0,208,0,0,0,0,0,0,0,0,0,0,508,0,0,24,0,0,0,0,0,0,0,0,0,0,0,0,0,0,2465,0,0,0,0,0,0,0,0,4.389488184,5.203316276,1.893597836,64.20198377,13.34535618,11.99278629,0.5559801,POR,WILL,14199710,147549
0,0,0,0,71,0,0,0,0,0,0,0,0,0,0,0,0,0,0,0,212,0,0,0,870,0,0,0,0,0,0,3083,0,0,0,0,0,0,0,0,0,0,0,0,0,0,0,0,0,2541,0,0,0,0,0,0,0,0,1.535227742,3.006284679,0.532701983,68.57058301,7.191476768,0.76945842,0.2438475,POR,WILL,14205400,147511
0,0,0,0,0,0,0,0,0,0,0,0,0,0,0,0,0,0,0,0,61,0,0,0,0,0,0,0,0,0,0,71,0,0,0,0,0,0,0,0,0,0,0,0,0,0,0,0,0,0,0,0,0,0,0,0,0,0,28.21061588,24.14988096,28.2210977,27.83184118,13.58505255,26.08018684,13.37391,POR,WILL,14206347,147637
0,0,0,0,0,0,0,0,0,0,0,0,0,0,0,0,0,0,0,0,0,0,0,0,0,0,0,0,0,0,0,333,0,0,0,0,0,0,0,0,0,0,0,0,0,0,0,0,0,0,0,0,0,0,0,0,0,0,86.80161389,70.5802863,82.89045553,11.36117137,2.738611714,1.409978308,39.94248,POR,WILL,14206435,147385
0,0,0,0,0,0,0,0,0,0,0,0,0,0,0,0,0,0,0,0,269,0,0,0,0,0,0,0,0,0,0,108,0,0,0,0,0,0,0,0,0,0,0,0,0,0,0,0,0,0,0,0,0,0,0,0,0,0,20.50435398,17.78104739,22.03499676,29.29358393,8.684381076,35.6448477,8.920218,POR,WILL,14206750,147394
0,0,0,0,0,0,0,0,0,0,0,0,0,0,0,0,0,0,0,0,0,0,0,0,0,0,0,0,0,0,0,202,0,0,0,0,0,0,0,0,0,0,0,0,0,0,0,0,0,0,0,0,0,0,0,0,0,0,93.59937099,75.81614896,84.31876607,10.08997429,2.63496144,1.060411311,38.69931,POR,WILL,14206950,147517
0,0,0,0,0,0,0,0,0,0,0,0,0,0,0,0,0,0,0,0,33,0,0,0,0,0,0,0,0,0,0,1709,0,0,0,0,0,0,0,0,0,0,0,0,0,0,0,0,0,113,0,0,0,0,0,0,0,0,75.01274565,60.85133778,59.54545455,35,2.727272727,0,22.74978,POR,WILL,14211315,147670
0,0,0,0,0,0,0,0,0,0,0,0,0,0,0,0,0,0,0,0,223,0,0,0,24,0,0,0,0,0,0,215,0,0,24,0,0,0,0,0,0,0,0,0,0,0,0,0,0,525,0,0,0,0,0,0,0,0,8.15553344,8.061865361,3.461063041,59.88875155,7.787391842,10.56860321,1.42683,POR,WILL,434745000000000,147649
0,0,0,0,0,0,0,0,0,0,0,0,0,0,0,0,0,97,0,0,65,0,0,0,1456,0,0,0,0,0,0,192,0,0,0,0,0,0,0,0,0,0,0,556,0,0,0,0,0,3057,0,0,0,0,0,0,0,0,2.313142645,3.564611942,0.155231295,86.7742937,2.049053089,0.58987892,0.1970011,POR,WILL,435212000000000,147533
0,0,0,0,0,0,0,0,0,0,0,0,0,0,0,0,0,0,0,0,0,0,0,0,0,0,0,0,0,0,0,0,0,0,0,0,0,0,0,0,0,0,0,0,0,0,0,0,0,28,0,0,0,0,0,0,0,0,74.98072885,61.19076424,61.93952033,23.04483837,3.962460897,7.87278415,28.66896,POR,WILL,440257000000000,147377
0,0,0,0,0,0,0,0,0,0,0,0,0,0,0,0,0,0,0,0,0,0,0,0,0,0,0,0,0,0,0,13,0,0,0,0,0,0,0,0,0,0,0,0,0,0,0,0,0,7,0,0,0,0,0,0,0,0,9.71124349,9.480389797,7.12570056,55.16413131,8.566853483,18.89511609,2.59009,POR,WILL,443326000000000,147571
0,0,0,0,0,0,0,0,0,0,0,0,0,0,0,0,0,0,0,0,15,0,0,0,0,0,0,0,0,0,0,0,0,0,0,0,0,0,0,0,0,0,0,0,0,0,0,0,0,0,0,0,0,0,0,0,0,0,33.09261967,27.97677461,32.98611111,17.96875,7.118055556,39.58333333,13.21243,POR,WILL,445029000000000,147379
0,0,0,0,0,0,0,0,0,0,0,0,0,0,0,0,0,0,0,0,0,0,0,0,0,0,0,0,0,0,0,370,0,0,0,0,0,0,0,0,0,0,0,0,0,0,0,6,0,0,0,0,0,0,0,0,0,0,85.95340354,69.76122115,88.71473354,2.089864159,2.194357367,5.851619645,41.94899,POR,WILL,445551000000000,147635
0,0,0,0,29,0,0,0,0,0,0,0,0,0,0,0,0,0,0,0,108,0,0,0,962,0,0,0,0,0,0,787,0,0,0,0,0,0,0,0,0,0,0,0,0,0,0,0,0,673,0,0,0,0,0,0,0,0,6.993028561,7.098888196,2.272727273,73.001998,6.043956044,8.641358641,0.8213406,POR,WILL,450955000000000,147535
0,65,0,0,0,0,0,0,0,0,0,0,0,0,0,0,0,0,0,0,0,0,0,0,0,0,0,0,0,0,0,0,0,0,0,0,0,0,0,0,0,0,0,0,0,0,0,0,0,0,0,0,0,0,0,0,0,0,9.216991267,8.982421431,8.604155567,26.53169952,13.47895578,44.27277571,3.067341,POR,WILL,451734000000000,147387
0,0,0,0,258,0,66,0,0,0,0,0,0,0,0,0,0,0,0,0,0,0,0,0,0,0,0,0,0,0,0,968,0,0,0,0,0,0,0,0,0,0,0,0,0,0,0,146,0,823,0,0,0,0,0,0,0,0,3.413438948,4.39211419,0.62992126,77.71653543,6.141732283,0.433070866,0.2820478,POR,WILL,452149000000000,147543
0,0,0,0,202,0,0,0,0,0,0,0,0,0,0,0,0,0,0,0,242,0,0,0,170,0,0,0,0,0,0,3000,0,0,57,0,0,0,0,0,0,0,0,0,0,0,0,0,0,1573,0,0,0,0,0,0,0,0,5.864765861,6.364954852,4.380165289,53.30578512,5.371900826,29.66942149,1.40348,POR,WILL,452231000000000,147445
0,0,0,0,0,0,0,0,0,0,0,0,0,0,0,0,0,0,0,0,57,0,0,0,0,0,0,0,0,0,0,1177,0,0,0,0,0,0,0,0,0,0,0,0,0,0,0,0,0,0,0,0,0,0,0,0,0,0,17.78295366,15.7611129,27.05551651,12.22768798,10.96275474,47.50527056,9.572405,POR,WILL,452337000000000,147541
0,0,0,0,0,0,0,0,0,0,0,0,0,0,0,0,0,0,0,0,0,0,0,0,0,0,0,0,0,0,0,2315,0,0,0,0,0,0,0,0,0,0,0,0,0,0,0,0,0,0,0,0,0,0,0,0,0,0,18.32070301,16.12245998,19.02587519,34.09436834,9.284627093,33.86605784,7.890214,POR,WILL,452414000000000,147668
0,0,0,0,0,0,0,0,0,0,0,0,0,0,0,0,0,0,0,0,12,0,0,0,0,0,0,0,0,0,0,773,0,0,0,0,0,0,0,0,0,0,0,0,0,0,0,0,0,0,0,0,0,0,0,0,0,0,72.92782228,59.55063995,81.00303951,9.498480243,4.027355623,2.127659574,38.88863,POR,WILL,452526000000000,147529
0,0,0,0,0,0,0,0,0,0,0,0,0,0,0,0,0,0,0,0,13,0,0,0,0,0,0,0,0,0,0,128,0,0,0,0,0,0,0,0,0,0,0,0,0,0,0,0,0,0,0,0,0,0,0,0,0,0,39.85198566,33.19216879,41.93548387,22.20663862,9.350163628,23.60916316,17.19934,POR,WILL,452912000000000,147523
0,0,0,0,0,0,0,0,0,0,0,0,0,0,0,0,0,0,0,0,161,0,0,0,81,0,0,0,0,0,0,226,0,0,17,0,0,0,0,0,0,0,0,0,0,0,0,46,0,1616,0,0,0,0,0,0,0,0,0,1.861121315,0.411522634,73.04526749,3.703703704,4.938271605,0.2240332,POR,WILL,453506000000000,147521
0,0,0,0,0,0,0,0,0,0,0,0,0,0,0,0,0,0,0,0,17,0,0,0,0,0,0,0,0,0,0,340,0,0,0,0,0,0,0,81,0,0,0,0,0,0,0,0,0,17,0,0,0,0,0,0,0,0,53.73012999,44.17448211,72.42268041,1.804123711,6.013745704,16.32302405,29.03417,POR,WILL,454321000000000,147411
0,0,0,0,0,0,0,0,0,0,0,0,0,0,0,0,0,0,0,0,673,0,0,0,0,0,0,0,0,0,0,968,0,0,0,0,0,0,0,0,0,0,0,0,0,0,0,0,0,0,0,0,0,0,0,0,0,0,26.24100965,22.48838661,37.55868545,17.6056338,13.96713615,19.24882629,13.63816,POR,WILL,454510000000000,147676
0,0,0,0,0,0,0,0,0,0,0,0,0,0,0,0,0,0,0,0,65,0,0,0,117,0,0,0,0,0,0,335,0,0,0,0,0,0,0,0,0,0,0,0,0,0,0,0,0,1001,0,0,0,0,0,0,0,0,5.034182942,5.71456646,3.253968254,63.92857143,8.611111111,2.5,1.22274,POR,WILL,454543000000000,147657
0,0,0,0,0,0,0,0,0,0,0,0,0,0,0,0,0,0,0,0,21,0,0,0,516,0,0,0,0,0,0,67,0,0,23,0,0,0,0,0,0,0,0,0,0,0,0,0,0,2037,0,0,0,0,0,0,0,0,11.56824045,10.79165194,13.20671378,46.51060071,8.303886926,2.429328622,3.48997,POR,WILL,454549000000000,147645
0,0,0,0,0,0,0,0,0,0,0,0,0,0,0,0,0,0,0,0,258,0,0,0,0,0,0,0,0,0,0,0,0,0,34,0,0,0,0,0,0,0,0,0,0,0,0,83,0,165,0,0,0,0,0,0,0,0,10.14754122,9.585482528,7.507507508,43.24324324,12.51251251,6.806806807,2.177732,POR,WILL,455122000000000,147643
0,0,0,0,0,0,0,0,0,0,0,0,0,0,0,0,0,0,0,0,0,0,0,0,0,0,0,0,388,0,0,0,0,0,0,0,0,0,0,0,0,0,0,0,0,0,0,0,33,0,0,17,0,0,0,0,0,0,9.967891028,13.07595339,11.66299182,22.6160624,1.318425162,58.8220457,2.8609,MGB,WMIC,4072233,138568
0,0,0,0,0,0,0,0,0,0,0,0,0,0,0,0,0,0,0,0,0,0,0,0,0,0,0,0,227,0,0,0,0,0,0,0,0,0,0,0,0,0,0,0,0,0,0,0,0,0,0,0,0,0,0,0,0,0,2.569345346,6.760220231,5.363786975,8.582059161,0.631033762,77.80646283,1.8727,MGB,WMIC,4078085,138428
0,0,0,0,0,0,0,0,0,0,0,0,0,0,0,0,0,0,0,0,0,0,0,0,0,0,0,0,41,0,0,0,0,0,0,0,0,0,0,0,0,0,0,0,0,0,0,0,0,0,0,0,0,0,0,0,0,0,6.409537662,10.04940288,13.79583854,2.539111387,1.438829786,79.89737166,4.7754,MGB,WMIC,4081897,138347
0,0,0,0,0,0,0,0,0,0,0,0,0,0,0,0,0,0,0,0,0,0,0,0,0,0,0,0,242,0,0,0,0,0,0,0,0,0,0,0,0,0,0,0,0,0,0,0,0,0,0,365,0,0,0,0,0,0,40.22149748,39.3547884,58.8308492,4.357840682,1.245097338,34.24017679,30.3332,MGB,WMIC,4084429,138301
0,0,0,0,0,0,0,0,0,0,0,0,0,0,0,0,0,0,0,0,0,0,0,0,0,0,0,0,1642,0,0,0,0,0,0,0,0,0,0,0,0,0,0,0,0,0,0,0,0,0,0,109,0,0,0,0,0,0,46.57987017,44.73140601,68.94825059,4.496625038,0.124906251,25.35596897,25.9124,MGB,WMIC,4084468,138457
0,0,0,0,0,0,0,0,0,0,0,0,0,0,0,0,0,0,0,0,0,0,0,0,0,0,0,0,1001,0,0,0,0,0,0,0,0,0,0,0,0,0,0,0,0,0,0,0,0,0,0,0,0,0,0,0,0,0,11.48127777,14.33546169,17.59284191,4.730665048,0.93741289,74.53522488,7.6353,MGB,WMIC,4085046,138452
0,0,0,0,0,0,0,0,0,0,0,0,0,0,0,0,0,0,0,0,0,0,0,0,0,0,0,0,12,0,0,0,0,0,0,0,0,0,0,0,0,0,0,0,0,0,0,0,0,0,0,0,0,0,0,0,0,0,2.109197363,6.255529291,5.697450588,4.8978084,0.649709278,87.31093138,2.432,MGB,WMIC,40850683,138461
0,17,0,0,0,0,0,0,0,0,0,0,0,0,0,0,0,0,0,0,0,0,0,0,0,0,0,0,973,0,0,0,0,0,0,0,0,0,0,0,0,0,0,0,0,0,0,0,0,0,0,0,0,35,0,0,0,0,15.90182768,18.16033356,24.39763359,6.475915089,0.677712044,66.64168435,7.9956,MGB,WMIC,40851235,138444
0,0,0,0,0,0,0,0,0,0,0,0,0,0,0,0,0,0,0,0,0,0,0,0,0,0,0,0,1323,0,0,0,0,0,0,0,0,0,0,0,0,0,0,0,0,0,0,0,0,0,0,0,0,325,0,0,0,0,1.809460276,6.156670806,5.478087649,4.432270916,0.846613546,84.4123506,1.5606,MGB,WMIC,40851325,138283
0,95,0,0,0,0,0,0,0,0,0,0,0,0,0,0,0,0,0,0,0,0,0,0,0,0,0,0,2541,0,0,0,0,0,0,0,0,0,0,0,0,0,0,0,0,0,0,0,0,0,0,330,0,330,0,0,0,0,0,4.481071392,3.526789495,9.513050613,0.603266624,77.63577403,0.8926,MGB,WMIC,4085188,138557
0,0,0,0,0,0,0,0,0,0,0,0,0,0,0,0,0,0,0,0,0,0,0,0,0,0,0,0,0,0,0,0,95,0,0,0,0,0,0,0,0,0,0,0,0,0,0,0,0,0,0,377,0,0,0,0,0,0,2.38467102,6.508681185,4.373271097,5.784003709,0.634829675,86.33683585,1.0985,MGB,WMIC,40851932,138476
0,0,0,0,0,0,0,0,0,0,0,0,0,0,0,0,0,0,0,0,0,0,148,0,0,0,0,0,1922,0,0,0,0,0,296,0,0,0,0,0,0,0,0,0,0,0,0,0,1758,0,0,0,0,0,0,0,877,0,0.934944652,5.245667653,3.712615539,11.88036973,0.583411013,67.94086437,0.94,MGB,WMIC,4085270,138221
0,0,0,0,0,0,0,0,0,0,0,0,0,0,0,0,0,0,0,0,0,0,0,0,0,0,0,0,0,0,0,0,0,0,0,0,0,0,0,0,0,0,0,0,0,0,0,0,0,0,0,0,0,0,0,0,0,0,0.313153691,4.722091664,3.230127747,16.61208556,0.599880867,72.72401899,0.9159,MGB,WMIC,40853145,138591
0,0,0,0,0,0,0,0,0,0,0,0,0,0,0,0,0,0,0,0,0,0,0,0,0,0,0,0,1366,21,0,0,0,0,19,0,0,0,0,0,0,0,0,0,0,0,0,0,1178,0,0,0,0,57,0,0,397,1,2.046754096,6.22883046,3.997502125,8.841932666,0.71141987,79.34025403,1.0073,MGB,WMIC,4085322,138236
0,0,0,0,0,0,0,0,0,0,0,0,0,0,0,0,0,0,0,0,0,0,0,0,0,0,0,0,1452,0,0,0,0,0,0,0,0,0,0,0,0,0,0,0,0,0,0,0,0,0,0,65,0,0,0,0,0,0,1.227293406,5.519371277,5.020325946,5.922856453,0.902530507,81.67901089,1.4183,MGB,WMIC,40854395,138705
0,0,0,0,0,0,0,0,0,0,0,0,0,0,0,0,0,0,0,0,0,0,0,0,0,0,0,0,1847,2217,0,0,0,0,0,0,0,0,0,0,0,0,0,0,0,0,0,0,0,0,0,340,0,0,0,0,0,0,1.52759874,5.734432902,5.035113287,10.9950433,1.901012159,75.16704835,1.429,MGB,WMIC,4085455,138692
0,0,0,0,0,0,0,0,0,0,0,0,0,0,0,0,0,0,0,0,0,0,0,0,0,0,0,0,703,122,0,0,0,0,0,0,0,0,0,0,0,0,0,0,0,0,0,0,0,0,0,0,0,0,0,0,0,0,9.87816384,13.19171783,14.91865208,21.42387828,1.387781589,54.81737277,3.5394,MGB,WMIC,4086699,138052
0,0,0,0,0,0,0,0,0,0,0,0,0,0,0,0,0,0,0,0,0,0,0,0,0,0,0,0,107,700,0,0,0,0,0,0,0,0,0,0,0,0,0,0,0,0,0,0,0,0,0,0,0,0,0,0,0,0,91.25860036,88.28317034,97.55620597,0.997507219,0.099750722,0,44.611,MGB,WMIC,40869415,138200
0,0,0,0,0,0,0,0,0,0,0,0,0,0,0,0,0,0,0,0,0,0,0,0,0,0,0,0,966,623,0,0,0,0,0,0,0,0,0,0,0,0,0,0,0,0,0,0,0,0,0,9,0,0,0,0,0,0,22.35428209,24.03865902,30.39494038,12.02825963,1.090798054,44.39842891,10.4601,MGB,WMIC,4087030,138116
0,0,0,0,0,0,0,0,0,0,0,0,0,0,0,0,0,0,0,0,0,0,0,0,0,0,0,0,1517,0,0,0,0,0,0,0,0,0,0,0,0,0,0,0,0,0,0,0,0,0,0,161,0,0,0,0,0,0,48.90559308,46.0296962,77.99254437,4.384196281,0.230747173,14.76781905,24.9462,MGB,WMIC,408703164,138084
0,0,0,0,0,0,0,0,0,0,0,0,0,0,0,0,0,0,0,0,0,0,0,0,0,0,14,0,442,1483,0,0,0,0,0,0,0,0,0,0,0,0,0,0,0,0,0,0,0,0,0,23,0,0,0,0,0,0,30.7589612,31.7419049,44.28480057,9.468130438,0.601151139,38.22319325,18.8006,MGB,WMIC,4087070,138062
0,0,0,0,0,0,0,0,0,0,0,0,0,0,0,0,0,0,0,0,0,0,0,0,0,0,0,0,1742,0,0,0,0,0,0,0,0,0,0,0,0,0,0,0,0,0,0,0,0,0,0,0,0,0,0,0,0,0,55.85447672,52.33369472,86.04639389,5.905144679,0.105449012,0.843592097,19.9629,MGB,WMIC,40870856,138168
0,0,0,0,0,0,0,0,0,0,0,0,0,0,0,0,0,0,0,0,0,0,0,0,0,0,0,0,308,0,0,0,0,0,0,0,0,0,0,0,0,0,0,0,0,0,0,0,0,0,0,0,0,0,0,0,0,0,100,96.85643008,99.05598949,0.560165822,0,0,47.5827,MGB,WMIC,4087118,138682
0,0,0,0,0,0,0,0,0,0,0,0,0,0,0,0,0,0,0,0,0,0,0,0,0,0,0,0,605,0,0,0,0,0,0,0,0,0,0,0,0,0,0,0,0,0,0,0,0,0,0,0,0,0,0,0,0,0,41.36687255,40.87986215,62.93412274,9.810433182,0.814304731,21.01681733,27.4252,MGB,WMIC,4087204,138609
0,0,0,0,0,0,0,0,0,0,0,0,0,0,0,0,0,0,0,0,0,0,0,0,0,0,0,0,1109,0,0,0,0,0,0,0,0,0,0,0,0,0,0,0,0,0,0,0,0,0,0,0,0,0,0,0,0,0,73.02859402,69.56109535,92.84302504,4.296728019,0.084249569,0.252748707,32.369,MGB,WMIC,4087213,138623
0,0,0,0,0,0,0,0,0,0,0,0,0,0,0,0,0,0,0,0,0,0,0,0,0,0,0,0,173,230,0,0,0,0,0,0,0,0,0,0,0,0,0,0,0,0,0,0,0,0,0,33,0,0,0,0,0,0,8.97458851,12.13814219,16.30028736,4.391097819,0.731849636,75.1809172,5.9795,MGB,WMIC,40872393,138676
0,0,0,0,0,0,0,0,0,0,0,0,0,0,0,0,0,0,0,0,0,0,0,0,0,0,0,0,1322,1542,0,0,0,0,0,0,0,0,0,0,0,0,0,0,0,0,0,0,81,0,0,0,0,0,0,0,0,0,14.88203261,17.42817788,27.32250583,4.803389495,0.748915566,63.99354391,11.4661,MGB,WMIC,4087258,138669
0,0,0,0,0,0,0,0,0,0,0,0,0,0,0,0,0,0,0,0,0,0,0,0,0,0,0,0,78,0,0,0,0,0,0,0,0,0,0,0,0,0,0,0,0,0,0,0,0,0,0,20,0,0,0,0,0,0,2.981565182,6.986043838,7.426470787,5.593965008,1.060924398,81.78762632,3.8912,MGB,WMIC,5527729,138639
0,0,0,0,0,0,0,0,0,0,0,0,0,0,0,0,0,0,0,0,0,0,0,0,0,0,0,0,3175,794,0,0,0,0,0,0,0,0,0,0,0,0,0,0,0,0,0,0,0,0,0,65,0,0,0,0,0,0,11.77616363,14.73963693,20.15151306,18.6603863,1.405919516,41.53853115,5.5496,MGB,WMIC,55437901,138153
