DATE,INSTITUTION,TP,SECCHI,LAT,LONG,YEAR,SEASON,DISTANCE
5/16/2013,OEPA,0.01,,41.7267,-83.15,2013,Early,0.3483
5/16/2013,OEPA,0.01,,41.86035,-83.072948,2013,Early,0.4546
6/4/2013,OEPA,0.01,,41.7267,-83.15,2013,Early,0.3483
6/4/2013,OEPA,0.01,,41.86035,-83.072948,2013,Early,0.4546
6/4/2013,OEPA,0.01,,41.685,-82.9333,2013,Early,0.5638
6/24/2013,OEPA,0.01,,41.76832,-83.3008,2013,Early,0.209
6/26/2013,OEPA,0.01,,41.7267,-83.15,2013,Early,0.3483
6/26/2013,OEPA,0.01,,41.685,-82.9333,2013,Early,0.5638
7/10/2013,OEPA,0.01,,41.7267,-83.15,2013,Mid,0.3483
7/10/2013,OEPA,0.01,,41.86035,-83.072948,2013,Mid,0.4546
7/10/2013,OEPA,0.01,,41.685,-82.9333,2013,Mid,0.5638
7/23/2013,OEPA,0.01,,41.7267,-83.15,2013,Mid,0.3483
7/23/2013,OEPA,0.01,,41.86035,-83.072948,2013,Mid,0.4546
8/5/2013,OEPA,0.01,,41.76832,-83.3008,2013,Mid,0.209
8/6/2013,OEPA,0.01,,41.7267,-83.15,2013,Mid,0.3483
8/6/2013,OEPA,0.01,,41.86035,-83.072948,2013,Mid,0.4546
8/6/2013,OEPA,0.01,,41.685,-82.9333,2013,Mid,0.5638
8/6/2013,OEPA,0.01,,41.685,-82.9333,2013,Mid,0.5638
8/19/2013,OEPA,0.01,,41.76832,-83.3008,2013,Mid,0.209
8/20/2013,OEPA,0.01,,41.7267,-83.15,2013,Mid,0.3483
8/20/2013,OEPA,0.01,,41.86035,-83.072948,2013,Mid,0.4546
8/20/2013,OEPA,0.01,,41.685,-82.9333,2013,Mid,0.5638
9/11/2012,Toledo,5.1,4.25,41.821,-83.186,2012,Late,0.3351
9/26/2013,OEPA,5.8,,41.86035,-83.072948,2013,Late,0.4546
10/9/2013,OEPA,7.2,,41.86035,-83.072948,2013,Late,0.4546
5/15/2012,NOAA,8.25,2.4,41.827,-83.193,2012,Early,0.3305
7/15/2013,OSU,8.53,4,41.619,-82.933,2013,Mid,0.5695
10/9/2013,OEPA,9,,41.7267,-83.15,2013,Late,0.3483
5/1/2012,Toledo,9.2,2.6,41.821,-83.185,2012,Early,0.3356
6/11/2012,NOAA,9.35,2.4,41.827,-83.193,2012,Early,0.3309
10/9/2013,OEPA,9.6,,41.685,-82.9333,2013,Late,0.5638
10/3/2012,OEPA,10,,41.685,-82.9333,2012,Late,0.5638
7/12/2011,NOAA,10.45,4,41.691,-83.126,2011,Mid,0.3713
10/18/2010,NOAA,10.46,9.2,41.834,-83.191,2010,Late,0.3352
5/23/2012,OEPA,11,,41.7267,-83.15,2012,Early,0.3483
10/8/2013,OEPA,11,,41.76832,-83.3008,2013,Late,0.209
8/27/2012,Toledo,11.7,1.9,41.821,-83.185,2012,Mid,0.3356
6/24/2013,Toledo,11.7,2.8,41.75,-83.103,2013,Early,0.3974
10/18/2010,NOAA,11.78,8.4,41.804,-83.257,2010,Late,0.2633
6/3/2013,OEPA,12,,41.76832,-83.3008,2013,Early,0.209
7/9/2013,OEPA,12,,41.76832,-83.3008,2013,Mid,0.209
5/5/2011,ODNR,12.39999962,,41.839,-83.055,2011,Early,0.4645
8/13/2012,NOAA,12.44,3.6,41.825,-83.194,2012,Mid,0.3294
5/15/2012,Toledo,12.7,2.6,41.75,-83.104,2012,Early,0.3964
5/31/2012,NOAA,12.81,0.5,41.827,-83.193,2012,Early,0.3303
9/12/2012,NOAA,12.86,2.7,41.827,-83.194,2012,Late,0.3299
10/18/2010,NOAA,13,7.5,41.861,-83.264,2010,Late,0.2852
3/20/2012,OEPA,13,,41.685,-82.9333,2012,Early,0.5638
5/24/2012,OEPA,13,,41.685,-82.9333,2012,Early,0.5638
8/27/2012,Toledo,13.2,1.65,41.75,-83.104,2012,Mid,0.3969
7/12/2011,NOAA,13.25,3,41.636,-83.107,2011,Mid,0.3951
7/12/2011,NOAA,13.25,2.5,41.913,-83.108,2011,Mid,0.4453
7/12/2010,NOAA,13.32,3,41.834,-83.192,2010,Mid,0.3348
8/20/2012,NOAA,13.67,2.4,41.827,-83.194,2012,Mid,0.3295
4/25/2012,OEPA,14,,41.76832,-83.3008,2012,Early,0.209
5/23/2012,OEPA,14,,41.733,-83.416237,2012,Early,0.0887
7/23/2013,OEPA,14,,41.685,-82.9333,2013,Mid,0.5638
7/15/2013,OSU,14.1,1.98,41.705,-83.264,2013,Mid,0.233
8/23/2011,NOAA,14.45,1.9,41.904,-82.65,2011,Mid,0.8717
5/11/2012,ODNR,14.5,,41.839,-83.055,2012,Early,0.4645
7/6/2010,NOAA,14.83,3.4,41.834,-83.191,2010,Mid,0.3353
5/1/2012,Toledo,15,1.7,41.75,-83.104,2012,Early,0.3964
6/20/2012,OEPA,15,,41.685,-82.9333,2012,Early,0.5638
6/26/2013,OEPA,15,,41.86035,-83.072948,2013,Early,0.4546
6/22/2012,NOAA,15.19,1.8,41.707,-83.385,2012,Early,0.1129
8/2/2012,Toledo,15.3,2.2,41.821,-83.186,2012,Mid,0.3352
6/21/2010,NOAA,15.43,1.9,41.834,-83.192,2010,Early,0.3347
7/6/2010,NOAA,15.44,2.4,41.804,-83.256,2010,Mid,0.2643
7/12/2010,NOAA,15.49,3.5,41.86,-83.264,2010,Mid,0.2846
6/22/2012,NOAA,15.5,2.1,41.827,-83.193,2012,Early,0.3307
7/2/2012,Toledo,15.5,3.4,41.751,-83.104,2012,Mid,0.3972
7/12/2012,NOAA,15.5,2.2,41.827,-83.194,2012,Mid,0.3304
10/11/2011,Toledo,15.7,2.6,41.821,-83.186,2011,Late,0.3352
8/13/2012,ODNR,15.8,,41.839,-83.055,2012,Mid,0.4645
8/1/2011,NOAA,15.85,2.3,41.895,-83.15,2011,Mid,0.3998
9/10/2012,ODNR,15.9,,41.839,-83.055,2012,Late,0.4645
10/7/2010,NOAA,15.97,1.5,41.834,-83.192,2010,Late,0.3346
6/28/2011,NOAA,15.98,3.2,41.832,-83.191,2011,Early,0.335
7/22/2013,OSU,15.99,2.3,41.649,-83.099,2013,Mid,0.4012
5/23/2012,OEPA,16,,41.76832,-83.3008,2012,Early,0.209
4/8/2013,OEPA,16,,41.86035,-83.072948,2013,Early,0.4546
5/16/2013,OEPA,16,,41.685,-82.9333,2013,Early,0.5638
5/15/2012,NOAA,16.21,1.8,41.762,-83.33,2012,Early,0.1795
8/5/2013,OSU,16.27,3.76,41.622,-82.938,2013,Mid,0.5639
8/1/2011,NOAA,16.35,2,41.697,-83.155,2011,Mid,0.3422
7/12/2010,NOAA,16.37,2,41.805,-83.257,2010,Mid,0.2634
7/12/2011,NOAA,16.37,1.6,41.677,-83.22,2011,Mid,0.2779
9/17/2012,NOAA,16.42,2.2,41.826,-83.194,2012,Late,0.3301
4/13/2012,Toledo,16.5,1.6,41.75,-83.105,2012,Early,0.3959
7/2/2012,Toledo,16.5,4,41.821,-83.186,2012,Mid,0.3355
7/12/2011,NOAA,16.58,2.4,41.804,-83.254,2011,Mid,0.2655
5/15/2012,Toledo,16.6,1.2,41.789,-83.355,2012,Early,0.1692
6/28/2010,NOAA,16.69,6,41.804,-83.256,2010,Early,0.2638
5/15/2012,Toledo,16.7,3,41.821,-83.185,2012,Early,0.3356
6/8/2010,NOAA,16.73,2,41.834,-83.191,2010,Early,0.3351
8/13/2012,Toledo,16.8,2.7,41.821,-83.186,2012,Mid,0.3348
9/11/2012,Toledo,16.8,1.45,41.75,-83.104,2012,Late,0.3969
6/14/2010,NOAA,16.91,1.7,41.834,-83.191,2010,Early,0.3354
3/19/2012,OEPA,17,,41.7267,-83.15,2012,Early,0.3483
7/25/2012,Toledo,17,2.4,41.821,-83.186,2012,Mid,0.3352
8/14/2012,OEPA,17,,41.76832,-83.3008,2012,Mid,0.209
8/15/2012,OEPA,17,,41.685,-82.9333,2012,Mid,0.5638
6/21/2010,NOAA,17.02,1.9,41.805,-83.255,2010,Early,0.2648
6/8/2010,NOAA,17.05,1.5,41.804,-83.256,2010,Early,0.264
8/27/2010,Toledo,17.1,1.5,41.821,-83.185,2010,Mid,0.3357
10/25/2011,NOAA,17.1,1.9,41.693,-82.132,2011,Late,1.3652
7/6/2010,NOAA,17.26,3.1,41.835,-83.364,2010,Mid,0.192
6/27/2011,Toledo,17.4,2.51,41.821,-83.185,2011,Early,0.3356
6/28/2010,NOAA,17.69,6.6,41.834,-83.191,2010,Early,0.3355
4/13/2012,Toledo,17.9,2.1,41.821,-83.186,2012,Early,0.3349
9/27/2010,NOAA,17.91,1.8,41.86,-83.318,2010,Late,0.2425
4/25/2012,OEPA,18,,41.7267,-83.15,2012,Early,0.3483
7/25/2012,OEPA,18,,41.7267,-83.15,2012,Mid,0.3483
6/20/2012,ODNR,18.4,,41.839,-83.055,2012,Early,0.4645
8/30/2012,ODNR,18.4,,41.839,-83.055,2012,Mid,0.4645
9/27/2010,NOAA,18.65,1.2,41.804,-83.249,2010,Late,0.2708
7/26/2010,NOAA,18.66,2.1,41.859,-83.264,2010,Mid,0.2845
3/5/2012,NOAA,18.71,0.7,41.848,-83.221,2012,Early,0.3151
9/27/2010,NOAA,18.76,1.1,41.833,-83.204,2010,Late,0.3236
7/8/2010,Toledo,18.8,3.1,41.82,-83.185,2010,Mid,0.3359
4/26/2012,OEPA,19,,41.685,-82.9333,2012,Early,0.5638
7/22/2013,OEPA,19,,41.76832,-83.3008,2013,Mid,0.209
7/19/2010,NOAA,19.29,3.2,41.835,-83.362,2010,Mid,0.1929
10/18/2010,NOAA,19.29,5,41.885,-83.319,2010,Late,0.2598
8/1/2011,NOAA,19.43,1.7,41.747,-83.208,2011,Mid,0.2938
6/8/2010,NOAA,19.56,1.5,41.859,-83.264,2010,Early,0.2845
9/29/2010,Toledo,19.6,1.6,41.751,-83.104,2010,Late,0.3965
7/19/2010,NOAA,19.77,1.8,41.764,-83.402,2010,Mid,0.1161
7/29/2013,OSU,19.8,2.74,41.649,-83.098,2013,Mid,0.4014
7/12/2010,NOAA,19.85,1.5,41.754,-83.318,2010,Mid,0.1876
4/13/2012,Toledo,19.9,1.3,41.733,-83.297,2012,Early,0.2032
8/16/2010,NOAA,19.94,1.4,41.834,-83.19,2010,Mid,0.3366
7/24/2012,OEPA,20,,41.685,-82.9333,2012,Mid,0.5638
6/24/2013,Toledo,20.2,3.8,41.733,-83.295,2013,Early,0.2053
7/19/2010,NOAA,20.25,2.1,41.859,-83.264,2010,Mid,0.2845
10/25/2011,NOAA,20.27,1.2,41.81,-82.395,2011,Late,1.1082
8/1/2011,NOAA,20.33,1.5,41.743,-83.15,2011,Mid,0.3502
6/3/2010,ODNR,20.60000038,,41.839,-83.055,2010,Early,0.4645
5/31/2011,Toledo,20.7,2.1,41.75,-83.104,2011,Early,0.397
10/25/2011,NOAA,20.89,1.9,41.593,-82.212,2011,Late,1.2894
7/31/2012,NOAA,20.94,1.5,41.631,-83.152,2012,Mid,0.351
6/24/2013,Toledo,21,3.1,41.821,-83.185,2013,Early,0.3357
6/21/2010,NOAA,21.05,2.3,41.861,-83.268,2010,Early,0.2817
6/4/2010,Toledo,21.1,2,41.822,-83.186,2010,Early,0.3352
9/14/2011,Toledo,21.1,1.75,41.821,-83.185,2011,Late,0.3356
7/30/2013,Toledo,21.2,4.2,41.789,-83.355,2013,Mid,0.1699
6/15/2012,Toledo,21.3,2.98,41.821,-83.186,2012,Early,0.3355
8/23/2011,NOAA,21.33,1.6,41.814,-82.876,2011,Mid,0.6322
7/26/2010,NOAA,21.48,2.6,41.804,-83.256,2010,Mid,0.2638
10/25/2011,NOAA,21.5,2.3,41.675,-82.727,2011,Late,0.7699
6/7/2012,ODNR,21.5,,41.839,-83.055,2012,Early,0.4645
9/26/2013,OEPA,21.5,,41.685,-82.9333,2013,Late,0.5638
8/10/2010,Toledo,21.7,2,41.75,-83.104,2010,Mid,0.3969
7/2/2012,Toledo,21.7,2.7,41.789,-83.356,2012,Mid,0.1688
6/14/2010,NOAA,21.75,1.4,41.886,-83.319,2010,Early,0.2598
9/5/2012,NOAA,21.75,2,41.826,-83.194,2012,Late,0.3302
10/8/2013,Toledo,21.8,2.4,41.751,-83.103,2013,Late,0.3973
7/15/2013,OSU,21.84,2,41.56,-82.913,2013,Mid,0.6001
9/5/2013,OEPA,21.9,,41.7267,-83.15,2013,Late,0.3483
5/14/2013,OEPA,22,,41.70163,-83.37407,2013,Early,0.123
10/7/2010,NOAA,22.06,1.7,41.805,-83.255,2010,Late,0.2653
7/12/2011,NOAA,22.09,2,41.754,-83.319,2011,Mid,0.1873
8/29/2013,Toledo,22.1,2.5,41.75,-83.104,2013,Mid,0.3965
7/12/2011,NOAA,22.2,3.7,41.834,-83.191,2011,Mid,0.3356
8/2/2010,NOAA,22.26,1.9,41.805,-83.256,2010,Mid,0.2644
8/23/2011,NOAA,22.36,1.6,41.886,-82.874,2011,Mid,0.6515
8/1/2011,NOAA,22.51,1.5,41.921,-83.205,2011,Mid,0.3678
5/15/2012,NOAA,22.52,2.1,41.705,-83.385,2012,Early,0.1121
10/7/2010,NOAA,22.53,4.3,41.834,-83.364,2010,Late,0.191
8/29/2013,Toledo,22.8,2.2,41.733,-83.297,2013,Mid,0.2033
7/31/2012,NOAA,22.82,2.1,41.826,-83.193,2012,Mid,0.3306
9/25/2013,OEPA,22.9,,41.76832,-83.3008,2013,Late,0.209
8/5/2011,Toledo,23,2.9,41.821,-83.186,2011,Mid,0.3348
7/16/2012,Toledo,23,1.8,41.789,-83.356,2012,Mid,0.1688
4/4/2013,OEPA,23,,41.76832,-83.3008,2013,Early,0.209
9/19/2013,Toledo,23,1.6,41.821,-83.186,2013,Late,0.3347
9/12/2011,NOAA,23.01,2,41.806,-83.169,2011,Late,0.3455
8/27/2012,Toledo,23.1,1.4,41.734,-83.297,2012,Mid,0.2034
6/22/2012,NOAA,23.11,1,41.763,-83.33,2012,Early,0.1798
5/15/2012,NOAA,23.16,1.2,41.834,-83.364,2012,Early,0.1913
9/10/2010,NOAA,23.21,1.1,41.834,-83.192,2010,Late,0.3347
7/19/2010,NOAA,23.32,1.6,41.804,-83.319,2010,Mid,0.208
9/15/2010,Toledo,23.4,1.7,41.75,-83.104,2010,Late,0.3968
9/5/2012,NOAA,23.41,1.9,41.561,-82.907,2012,Late,0.6052
7/22/2013,OSU,23.42,1.98,41.569,-82.768,2013,Mid,0.74
7/6/2010,NOAA,23.48,2.5,41.859,-83.264,2010,Mid,0.2846
7/22/2011,Toledo,23.5,2.3,41.75,-83.104,2011,Mid,0.3966
10/25/2011,NOAA,23.55,1.2,41.742,-82.639,2011,Late,0.8593
6/25/2010,Toledo,23.6,1.5,41.821,-83.186,2010,Early,0.3349
7/16/2012,Toledo,23.6,1.2,41.734,-83.297,2012,Mid,0.2036
7/29/2013,OSU,23.61,1.76,41.562,-82.892,2013,Mid,0.6192
7/26/2010,NOAA,23.67,1.3,41.804,-83.256,2010,Mid,0.2638
7/6/2010,NOAA,23.78,1.9,41.765,-83.401,2010,Mid,0.1177
10/18/2010,NOAA,23.85,4.7,41.834,-83.364,2010,Late,0.1917
8/29/2012,NOAA,23.9,2.7,41.829,-83.198,2012,Mid,0.3273
6/11/2013,Toledo,23.9,1.6,41.734,-83.297,2013,Early,0.2032
10/1/2012,OEPA,24,,41.7267,-83.15,2012,Late,0.3483
4/29/2013,OEPA,24,,41.86035,-83.072948,2013,Early,0.4546
9/28/2012,Toledo,24.1,1.4,41.75,-83.104,2012,Late,0.3969
7/8/2010,Toledo,24.3,2.81,41.789,-83.356,2010,Mid,0.1684
10/18/2010,NOAA,24.36,6.1,41.753,-83.386,2010,Late,0.1246
9/14/2010,Toledo,24.4,1.95,41.75,-83.104,2010,Late,0.3968
8/23/2011,NOAA,24.41,1.2,41.757,-83.053,2011,Mid,0.4477
8/27/2010,Toledo,24.5,1.2,41.75,-83.103,2010,Mid,0.3976
7/11/2011,Toledo,24.5,3.07,41.75,-83.104,2011,Mid,0.3964
8/27/2012,Toledo,24.5,1.15,41.789,-83.356,2012,Mid,0.1685
7/12/2010,NOAA,24.64,2.5,41.835,-83.362,2010,Mid,0.1936
6/25/2010,Toledo,24.8,2.5,41.789,-83.357,2010,Early,0.1681
8/12/2013,OSU,24.94,1.68,41.649,-83.098,2013,Mid,0.4018
10/12/2010,ODNR,25.10000038,,41.839,-83.055,2010,Late,0.4645
8/30/2010,NOAA,25.15,1.8,41.833,-83.191,2010,Mid,0.3351
10/7/2010,NOAA,25.16,1.8,41.858,-83.251,2010,Late,0.2949
8/10/2010,Toledo,25.2,1.4,41.821,-83.185,2010,Mid,0.3355
7/6/2010,NOAA,25.3,1.5,41.841,-83.372,2010,Mid,0.1911
8/1/2011,NOAA,25.3,1,41.841,-83.359,2011,Mid,0.1996
7/3/2012,ODNR,25.4,,41.702,-83.248,2012,Mid,0.2492
8/5/2013,OSU,25.47,1.41,41.569,-82.768,2013,Mid,0.7399
9/20/2010,Toledo,25.7,1.3,41.75,-83.104,2010,Late,0.3967
5/15/2012,Toledo,25.7,1.6,41.733,-83.297,2012,Early,0.2032
5/24/2012,ODNR,26,,41.839,-83.055,2012,Early,0.4645
6/4/2012,Toledo,26,1.4,41.821,-83.186,2012,Early,0.3355
6/20/2012,Toledo,26,3.8,41.821,-83.186,2012,Early,0.3355
9/28/2012,Toledo,26,1.7,41.821,-83.186,2012,Late,0.3351
10/1/2012,OEPA,26,,41.76832,-83.3008,2012,Late,0.209
4/29/2013,OEPA,26,,41.685,-82.9333,2013,Early,0.5638
5/14/2013,OEPA,26,,41.76832,-83.3008,2013,Early,0.209
8/9/2010,NOAA,26.08,1.4,41.754,-83.317,2010,Mid,0.1896
6/21/2010,NOAA,26.23,2.4,41.885,-83.319,2010,Early,0.2593
7/12/2010,NOAA,26.23,2,41.886,-83.318,2010,Mid,0.2607
6/15/2012,Toledo,26.3,1.65,41.751,-83.104,2012,Early,0.3972
7/30/2013,Toledo,26.3,2.1,41.821,-83.186,2013,Mid,0.3354
8/2/2010,NOAA,26.33,2,41.834,-83.191,2010,Mid,0.3357
10/18/2010,NOAA,26.39,4.1,41.764,-83.403,2010,Late,0.1161
8/6/2012,NOAA,26.4,1.7,41.827,-83.194,2012,Mid,0.3295
6/22/2012,NOAA,26.61,3,41.838,-83.365,2012,Early,0.1937
5/11/2012,ODNR,26.7,,41.702,-83.248,2012,Early,0.2492
9/10/2010,NOAA,26.88,1.3,41.81,-83.256,2010,Late,0.2668
7/15/2013,OSU,26.89,2.37,41.648,-83.099,2013,Mid,0.401
8/14/2012,OEPA,27,,41.733,-83.416237,2012,Mid,0.0887
8/19/2013,OEPA,27,,41.70163,-83.37407,2013,Mid,0.123
7/11/2011,Toledo,27.2,1.35,41.734,-83.297,2011,Mid,0.2038
7/19/2010,NOAA,27.26,1.8,41.885,-83.318,2010,Mid,0.2599
10/11/2011,Toledo,27.5,2.1,41.75,-83.104,2011,Late,0.3964
8/16/2013,Toledo,27.5,1.9,41.733,-83.297,2013,Mid,0.2034
8/20/2012,NOAA,27.51,1.2,41.762,-83.33,2012,Mid,0.1793
8/19/2013,OSU,27.57,1.83,41.648,-83.098,2013,Mid,0.4019
7/6/2010,NOAA,27.58,2.5,41.886,-83.318,2010,Mid,0.2605
8/5/2013,OSU,27.6,0.3,41.648,-83.099,2013,Mid,0.401
7/22/2010,Toledo,27.8,1.9,41.75,-83.104,2010,Mid,0.3967
7/19/2010,NOAA,27.83,1.4,41.804,-83.256,2010,Mid,0.2643
8/1/2011,NOAA,27.88,1.75,41.947,-83.151,2011,Mid,0.4273
10/7/2010,NOAA,27.9,1.5,41.885,-83.319,2010,Late,0.2595
9/27/2011,Toledo,27.9,1.45,41.75,-83.104,2011,Late,0.397
4/8/2013,OEPA,28,,41.7267,-83.15,2013,Early,0.3483
9/4/2013,OEPA,28,,41.76832,-83.3008,2013,Late,0.209
10/8/2013,Toledo,28,2.1,41.821,-83.186,2013,Late,0.335
7/26/2010,NOAA,28.05,1.6,41.885,-83.318,2010,Mid,0.26
8/6/2012,NOAA,28.2,1.1,41.763,-83.33,2012,Mid,0.18
8/11/2010,ODNR,28.20000076,,41.839,-83.055,2010,Mid,0.4645
6/27/2011,Toledo,28.7,1.92,41.752,-83.103,2011,Early,0.3979
5/30/2013,Toledo,28.8,2,41.716,-83.456,2013,Early,0.0455
5/1/2012,Toledo,28.9,1.3,41.733,-83.298,2012,Early,0.2028
6/24/2013,Toledo,28.9,1.3,41.716,-83.455,2013,Early,0.0461
7/15/2010,Toledo,29,2.5,41.751,-83.103,2010,Mid,0.3973
9/27/2011,Toledo,29,2.2,41.821,-83.185,2011,Late,0.3356
8/14/2012,OEPA,29,,41.7267,-83.15,2012,Mid,0.3483
8/5/2013,OEPA,29,,41.733,-83.416237,2013,Mid,0.0887
10/8/2013,OEPA,29,,41.70163,-83.37407,2013,Late,0.123
7/22/2010,Toledo,29.2,0.8,41.733,-83.297,2010,Mid,0.203
7/16/2012,Toledo,29.3,2.5,41.751,-83.104,2012,Mid,0.3972
7/15/2013,Toledo,29.3,2.2,41.733,-83.297,2013,Mid,0.2033
8/27/2012,Toledo,29.4,1.3,41.743,-83.401,2012,Mid,0.1061
7/12/2012,NOAA,29.41,1.3,41.833,-83.364,2012,Mid,0.1909
8/12/2013,OSU,29.49,0.67,41.69,-83.265,2013,Mid,0.2318
7/16/2012,Toledo,29.8,1.2,41.742,-83.401,2012,Mid,0.1066
9/25/2013,OEPA,29.8,,41.733,-83.416237,2013,Late,0.0887
9/2/2013,OSU,29.82,1.52,41.648,-83.098,2013,Late,0.4017
8/16/2013,Toledo,29.9,1.5,41.751,-83.104,2013,Mid,0.3968
8/19/2011,Toledo,30,2.75,41.821,-83.186,2011,Mid,0.3348
4/25/2012,OEPA,30,,41.733,-83.416237,2012,Early,0.0887
6/19/2012,OEPA,30,,41.7267,-83.15,2012,Early,0.3483
3/5/2012,NOAA,30.02,0.4,41.844,-83.266,2012,Early,0.2741
7/12/2011,NOAA,30.1,2.5,41.949,-83.158,2011,Mid,0.4228
8/9/2010,NOAA,30.17,1.5,41.86,-83.267,2010,Mid,0.2818
8/13/2012,Toledo,30.4,1.8,41.789,-83.356,2012,Mid,0.1685
9/26/2013,OEPA,30.4,,41.7267,-83.15,2013,Late,0.3483
7/31/2012,NOAA,30.41,1.3,41.739,-83.114,2012,Mid,0.385
7/19/2010,NOAA,30.42,2.1,41.833,-83.192,2010,Mid,0.334
8/9/2010,NOAA,30.51,1.1,41.806,-83.254,2010,Mid,0.2662
6/20/2012,Toledo,30.7,2.6,41.751,-83.104,2012,Early,0.3972
7/11/2011,ODNR,30.89999962,,41.702,-83.248,2011,Mid,0.2492
6/19/2012,OEPA,31,,41.76832,-83.3008,2012,Early,0.209
7/16/2012,Toledo,31,2.7,41.821,-83.186,2012,Mid,0.3355
7/25/2012,OEPA,31,,41.76832,-83.3008,2012,Mid,0.209
4/15/2013,OEPA,31,,41.685,-82.9333,2013,Early,0.5638
8/10/2010,Toledo,31.1,1.4,41.734,-83.298,2010,Mid,0.2029
5/24/2012,ODNR,31.3,,41.702,-83.248,2012,Early,0.2492
8/2/2010,NOAA,31.34,0.6,41.706,-83.387,2010,Mid,0.1109
7/8/2010,Toledo,31.4,3.7,41.751,-83.103,2010,Mid,0.3973
8/10/2010,Toledo,31.4,1.5,41.79,-83.357,2010,Mid,0.1686
6/28/2010,NOAA,31.45,6.4,41.86,-83.264,2010,Early,0.2843
8/23/2011,NOAA,31.45,1.5,41.86,-83.217,2011,Mid,0.3242
6/11/2012,NOAA,31.57,1,41.763,-83.329,2012,Early,0.1805
7/12/2010,NOAA,31.6,1.5,41.764,-83.403,2010,Mid,0.116
8/1/2011,NOAA,31.66,0.75,41.761,-83.264,2011,Mid,0.2414
7/29/2013,OSU,31.72,2,41.704,-83.242,2013,Mid,0.2553
8/2/2010,NOAA,31.81,1.5,41.859,-83.265,2010,Mid,0.2837
8/16/2010,NOAA,32.08,1.5,41.834,-83.19,2010,Mid,0.3366
7/1/2010,ODNR,32.09999847,,41.839,-83.055,2010,Mid,0.4645
9/5/2013,OEPA,32.1,,41.685,-82.9333,2013,Late,0.5638
7/2/2012,Toledo,32.2,1.8,41.734,-83.297,2012,Mid,0.2036
7/18/2012,ODNR,32.4,,41.702,-83.248,2012,Mid,0.2492
7/29/2013,OSU,32.4,1.27,41.574,-82.945,2013,Mid,0.5653
7/12/2011,NOAA,32.49,3.1,41.858,-83.269,2011,Mid,0.2799
7/22/2010,Toledo,32.5,1.2,41.789,-83.356,2010,Mid,0.1691
7/22/2010,Toledo,32.7,1.3,41.742,-83.402,2010,Mid,0.1058
6/14/2010,NOAA,32.89,1.4,41.859,-83.242,2010,Early,0.303
8/26/2013,OSU,32.96,1.52,41.649,-83.098,2013,Mid,0.4014
9/12/2011,NOAA,32.97,1.4,41.859,-83.284,2011,Late,0.2681
8/11/2010,ODNR,33,,41.702,-83.248,2010,Mid,0.2492
8/30/2012,ODNR,33,,41.702,-83.248,2012,Mid,0.2492
7/14/2010,ODNR,33.09999847,,41.839,-83.055,2010,Mid,0.4645
8/31/2010,Toledo,33.1,1.34,41.751,-83.104,2010,Mid,0.3969
7/2/2012,Toledo,33.3,1.9,41.742,-83.401,2012,Mid,0.1066
8/12/2013,OSU,33.36,1.63,41.597,-82.92,2013,Mid,0.5857
8/1/2011,NOAA,33.46,1.1,41.79,-83.149,2011,Mid,0.3599
10/8/2013,OEPA,34,,41.733,-83.416237,2013,Late,0.0887
8/23/2010,NOAA,34.13,1.4,41.834,-83.191,2010,Mid,0.3353
6/8/2010,NOAA,34.15,1.1,41.886,-83.333,2010,Early,0.2502
6/20/2011,Toledo,34.2,1.35,41.75,-83.104,2011,Early,0.3971
9/19/2013,Toledo,34.2,0.6,41.75,-83.104,2013,Late,0.3967
7/25/2012,Toledo,34.4,0.9,41.734,-83.297,2012,Mid,0.2036
9/9/2013,OSU,34.54,1.1,41.595,-82.937,2013,Late,0.5688
8/13/2012,NOAA,34.58,1.4,41.763,-83.33,2012,Mid,0.1796
5/24/2010,ODNR,35,,41.839,-83.055,2010,Early,0.4645
6/24/2013,OEPA,35,,41.733,-83.416237,2013,Early,0.0887
7/3/2013,Toledo,35.1,0.9,41.751,-83.104,2013,Mid,0.3964
7/11/2011,Toledo,35.4,1.67,41.789,-83.355,2011,Mid,0.1694
8/19/2011,Toledo,35.4,0.95,41.75,-83.104,2011,Mid,0.3962
5/30/2013,Toledo,35.4,1,41.716,-83.455,2013,Early,0.0461
8/9/2010,NOAA,35.46,1.6,41.833,-83.192,2010,Mid,0.3347
4/13/2012,Toledo,35.5,1.5,41.79,-83.356,2012,Early,0.1692
6/20/2012,ODNR,35.5,,41.702,-83.248,2012,Early,0.2492
7/15/2013,Toledo,35.5,2.1,41.75,-83.104,2013,Mid,0.3969
8/16/2013,Toledo,35.5,1.4,41.716,-83.455,2013,Mid,0.0463
9/21/2010,NOAA,35.53,1.2,41.833,-83.192,2010,Late,0.3342
6/4/2012,Toledo,35.8,1.1,41.751,-83.104,2012,Early,0.3972
6/20/2012,Toledo,36.1,2.3,41.789,-83.356,2012,Early,0.1688
7/30/2013,Toledo,36.3,1.2,41.75,-83.103,2013,Mid,0.3973
9/11/2012,Toledo,36.5,1.1,41.733,-83.297,2012,Late,0.2034
8/30/2010,NOAA,36.54,1.5,41.852,-83.264,2010,Mid,0.2802
9/23/2013,OSU,37.21,2,41.66,-82.697,2013,Late,0.8013
8/10/2010,Toledo,37.4,0.9,41.743,-83.403,2010,Mid,0.1049
8/13/2012,Toledo,37.4,1.7,41.751,-83.104,2012,Mid,0.3972
8/19/2013,OSU,37.42,2,41.594,-83.833,2013,Mid,0.3515
7/22/2011,Toledo,37.6,0.95,41.815,-83.183,2011,Mid,0.3354
8/30/2010,NOAA,37.7,1.2,41.639,-83.256,2010,Mid,0.2476
6/28/2011,NOAA,37.77,1.5,41.859,-83.263,2011,Early,0.2848
6/28/2010,NOAA,37.89,4,41.763,-83.4,2010,Early,0.1174
7/6/2010,NOAA,37.9,1.4,41.754,-83.319,2010,Mid,0.1873
8/2/2012,Toledo,38,0.7,41.716,-83.455,2012,Mid,0.0463
6/17/2010,ODNR,38.09999847,,41.839,-83.055,2010,Early,0.4645
9/12/2012,NOAA,38.35,1,41.762,-83.329,2012,Late,0.1806
8/19/2013,OSU,38.35,1.38,41.696,-83.275,2013,Mid,0.2216
10/11/2011,Toledo,38.4,1.25,41.789,-83.355,2011,Late,0.1692
7/8/2010,Toledo,38.5,1.3,41.733,-83.297,2010,Mid,0.2034
7/14/2010,ODNR,38.5,,41.702,-83.248,2010,Mid,0.2492
9/15/2010,Toledo,38.6,1.35,41.819,-83.185,2010,Late,0.3353
6/11/2013,Toledo,38.6,1.3,41.75,-83.099,2013,Early,0.4021
8/23/2011,NOAA,38.77,0.9,41.787,-83.306,2011,Mid,0.2113
9/28/2012,Toledo,38.8,0.55,41.733,-83.297,2012,Late,0.2034
8/23/2010,NOAA,38.86,1.3,41.805,-83.256,2010,Mid,0.2646
10/7/2010,NOAA,38.99,0.8,41.765,-83.402,2010,Late,0.117
7/23/2012,NOAA,39,2.5,41.826,-83.195,2012,Mid,0.3287
4/4/2013,OEPA,39,,41.70163,-83.37407,2013,Early,0.123
7/25/2012,Toledo,39.2,1.3,41.751,-83.104,2012,Mid,0.3972
8/1/2011,NOAA,39.22,1,41.881,-83.279,2011,Mid,0.2851
5/23/2012,Toledo,39.3,1.2,41.742,-83.401,2012,Early,0.1066
8/26/2013,OSU,39.34,1.25,41.569,-82.768,2013,Mid,0.7402
8/9/2010,NOAA,39.55,1,41.764,-83.402,2010,Mid,0.1169
7/3/2013,Toledo,39.6,0.8,41.733,-83.297,2013,Mid,0.2034
9/26/2012,ODNR,39.7,,41.702,-83.248,2012,Late,0.2492
8/2/2012,Toledo,39.9,1.3,41.734,-83.297,2012,Mid,0.2036
9/17/2012,NOAA,39.98,1,41.764,-83.327,2012,Late,0.1826
8/16/2010,NOAA,40.02,1.3,41.807,-83.255,2010,Mid,0.266
6/8/2010,NOAA,40.06,1.5,41.835,-83.364,2010,Early,0.1921
8/23/2011,NOAA,40.09,0.75,41.712,-83.206,2011,Mid,0.2914
8/13/2012,Toledo,40.2,1.1,41.743,-83.401,2012,Mid,0.1061
8/9/2010,NOAA,40.24,1.4,41.835,-83.363,2010,Mid,0.1928
7/30/2013,Toledo,40.3,2.5,41.743,-83.401,2013,Mid,0.1061
8/26/2013,OSU,40.33,1.11,41.582,-82.689,2013,Mid,0.8162
7/26/2010,NOAA,40.42,3.2,41.819,-83.362,2010,Mid,0.182
5/31/2011,Toledo,40.8,0.6,41.821,-83.185,2011,Early,0.3356
8/5/2013,OSU,40.89,1.83,41.561,-82.888,2013,Mid,0.6244
8/26/2013,OSU,40.98,1.5,41.688,-83.227,2013,Mid,0.2702
6/3/2013,OEPA,41,,41.733,-83.416237,2013,Early,0.0887
8/12/2013,OSU,41.01,1.12,41.569,-82.768,2013,Mid,0.7398
8/13/2012,ODNR,41.1,,41.702,-83.248,2012,Mid,0.2492
9/9/2013,OSU,41.32,0.98,41.649,-83.099,2013,Late,0.4013
8/16/2013,Toledo,41.5,1,41.819,-83.184,2013,Mid,0.3366
7/23/2012,NOAA,41.92,1.5,41.836,-83.365,2012,Mid,0.1926
9/3/2013,OSU,41.97,1,41.59,-82.766,2013,Late,0.7388
5/31/2012,NOAA,42.01,1.8,41.762,-83.329,2012,Early,0.1809
7/31/2012,NOAA,42.03,1,41.763,-83.33,2012,Mid,0.1798
8/29/2012,NOAA,42.31,1,41.835,-83.365,2012,Mid,0.1913
6/14/2010,NOAA,42.42,1.3,41.805,-83.257,2010,Early,0.2637
5/31/2012,NOAA,42.54,0.7,41.835,-83.364,2012,Early,0.1923
9/10/2012,ODNR,42.6,,41.702,-83.248,2012,Late,0.2492
6/8/2010,NOAA,42.7,1,41.754,-83.319,2010,Early,0.1872
9/16/2013,OSU,42.9,1.42,41.568,-82.696,2013,Late,0.8114
5/1/2012,Toledo,43,0.72,41.789,-83.355,2012,Early,0.1692
7/25/2012,OEPA,43,,41.733,-83.416237,2012,Mid,0.0887
6/24/2013,OEPA,43,,41.70163,-83.37407,2013,Early,0.123
6/14/2010,NOAA,43.01,1.3,41.754,-83.319,2010,Early,0.1869
8/12/2011,ODNR,43.09999847,,41.702,-83.248,2011,Mid,0.2492
6/28/2010,NOAA,43.19,5.7,41.835,-83.363,2010,Early,0.1926
6/20/2012,Toledo,43.2,0.6,41.716,-83.455,2012,Early,0.0465
5/10/2010,ODNR,43.59999847,,41.839,-83.055,2010,Early,0.4645
8/25/2010,ODNR,43.59999847,,41.839,-83.055,2010,Mid,0.4645
6/27/2012,Toledo,43.7,0.8,41.742,-83.401,2012,Early,0.1066
9/11/2012,Toledo,44,1.2,41.789,-83.356,2012,Late,0.1685
10/1/2012,OEPA,44,,41.733,-83.416237,2012,Late,0.0887
8/5/2013,OEPA,44,,41.70163,-83.37407,2013,Mid,0.123
8/1/2011,NOAA,44.1,1,41.905,-83.244,2011,Mid,0.3282
5/5/2011,ODNR,44.20000076,,41.702,-83.248,2011,Early,0.2492
9/5/2012,NOAA,44.45,0.6,41.712,-83.383,2012,Late,0.1149
8/16/2010,NOAA,44.66,0.9,41.754,-83.285,2010,Mid,0.2198
9/27/2010,NOAA,44.75,0.9,41.885,-83.318,2010,Late,0.2596
7/12/2012,NOAA,44.86,0.5,41.705,-83.47,2012,Mid,0.0287
8/19/2013,OEPA,45,,41.733,-83.416237,2013,Mid,0.0887
9/12/2011,NOAA,45.08,1.2,41.697,-83.602,2011,Late,0.1054
6/13/2012,Toledo,45.1,0.8,41.742,-83.401,2012,Early,0.1066
6/4/2010,Toledo,45.2,2.5,41.75,-83.104,2010,Early,0.3968
7/22/2011,Toledo,45.3,1.43,41.733,-83.298,2011,Mid,0.2029
8/5/2011,Toledo,45.3,0.85,41.75,-83.105,2011,Mid,0.396
9/15/2010,Toledo,45.6,0.75,41.734,-83.297,2010,Late,0.2032
6/25/2010,Toledo,46,2.2,41.75,-83.104,2010,Early,0.397
4/13/2012,Toledo,46.1,1,41.742,-83.402,2012,Early,0.106
8/1/2011,NOAA,46.49,1,41.859,-83.321,2011,Mid,0.2393
8/16/2010,NOAA,46.53,0.9,41.885,-83.319,2010,Mid,0.2593
5/31/2012,Toledo,46.8,0.76,41.742,-83.401,2012,Early,0.1066
7/15/2013,Toledo,46.8,1.3,41.715,-83.455,2013,Mid,0.046
9/26/2010,Toledo,46.9,0.8,41.733,-83.297,2010,Late,0.2035
5/30/2013,Toledo,47.1,1.2,41.821,-83.186,2013,Early,0.3354
8/2/2010,NOAA,47.16,0.8,41.885,-83.319,2010,Mid,0.2594
5/1/2012,Toledo,47.5,0.7,41.742,-83.401,2012,Early,0.1063
6/8/2011,Toledo,47.7,0.89,41.75,-83.104,2011,Early,0.3971
9/30/2013,OSU,47.7,1.2,41.638,-82.659,2013,Late,0.8397
6/17/2010,Toledo,47.8,1.05,41.733,-83.298,2010,Early,0.2028
9/29/2010,Toledo,47.8,1.55,41.743,-83.402,2010,Late,0.1056
5/30/2013,Toledo,47.8,1.4,41.751,-83.104,2013,Early,0.3971
8/1/2011,NOAA,48.18,0.5,41.846,-83.151,2011,Mid,0.3774
10/21/2013,OSU,48.45,1.6,41.702,-83.261,2013,Late,0.2356
8/20/2012,NOAA,48.66,0.8,41.84,-83.366,2012,Mid,0.1944
9/10/2010,NOAA,48.71,1.2,41.859,-83.264,2010,Late,0.2847
5/10/2010,ODNR,48.90000153,,41.702,-83.248,2010,Early,0.2492
8/12/2013,OSU,49.13,1.02,41.561,-82.723,2013,Mid,0.7856
10/8/2010,Toledo,49.2,0.65,41.735,-83.296,2010,Late,0.2051
7/12/2011,NOAA,49.33,2.5,41.834,-83.364,2011,Mid,0.1915
7/26/2010,NOAA,49.51,0.9,41.763,-83.402,2010,Mid,0.1163
8/23/2010,NOAA,50.15,1.2,41.891,-83.277,2010,Mid,0.2937
7/29/2013,OSU,50.15,1.07,41.569,-82.768,2013,Mid,0.7403
5/15/2012,Toledo,50.2,0.8,41.742,-83.401,2012,Early,0.1063
8/16/2010,NOAA,50.29,1.2,41.834,-83.361,2010,Mid,0.1933
9/14/2011,Toledo,50.3,0.72,41.75,-83.104,2011,Late,0.397
9/25/2013,OEPA,50.3,,41.70163,-83.37407,2013,Late,0.123
9/14/2011,Toledo,50.5,0.55,41.789,-83.356,2011,Late,0.1689
8/2/2012,Toledo,50.5,1.2,41.789,-83.356,2012,Mid,0.1688
8/29/2013,Toledo,50.5,0.9,41.821,-83.186,2013,Mid,0.3351
7/22/2011,Toledo,50.6,0.87,41.743,-83.402,2011,Mid,0.106
9/15/2010,Toledo,50.9,1,41.789,-83.355,2010,Late,0.1692
9/6/2013,OSU,50.92,1.52,41.649,-83.1,2013,Late,0.3999
7/31/2012,NOAA,51.06,1.3,41.834,-83.368,2012,Mid,0.1885
7/14/2012,Toledo,51.2,0.85,41.742,-83.401,2012,Mid,0.1066
7/25/2012,Toledo,51.2,0.7,41.789,-83.356,2012,Mid,0.1688
9/3/2013,OSU,51.39,0.96,41.578,-82.944,2013,Late,0.5656
7/11/2011,Toledo,51.5,2.63,41.821,-83.186,2011,Mid,0.3355
6/21/2010,Toledo,51.6,2.3,41.75,-83.104,2010,Early,0.3968
9/9/2011,ODNR,51.90000153,,41.839,-83.055,2011,Late,0.4645
9/3/2013,OSU,52.07,0.65,41.561,-82.791,2013,Late,0.7188
7/12/2011,NOAA,52.35,1.7,41.763,-83.402,2011,Mid,0.116
7/1/2010,ODNR,52.5,,41.702,-83.248,2010,Mid,0.2492
9/10/2010,NOAA,52.74,0.07,41.834,-83.363,2010,Late,0.1917
9/10/2010,NOAA,52.81,0.9,41.754,-83.318,2010,Late,0.1875
6/4/2010,Toledo,53.3,0.7,41.789,-83.357,2010,Early,0.1683
7/15/2010,Toledo,54,1.3,41.741,-83.401,2010,Mid,0.1061
8/27/2010,Toledo,54,1.3,41.789,-83.356,2010,Mid,0.1691
8/23/2010,NOAA,54.15,0.9,41.885,-83.318,2010,Mid,0.26
10/8/2013,Toledo,54.3,0.6,41.733,-83.297,2013,Late,0.2031
8/19/2013,OSU,54.49,0.58,41.642,-82.778,2013,Mid,0.7209
8/29/2013,Toledo,54.6,0.8,41.715,-83.456,2013,Mid,0.0453
8/12/2011,Toledo,54.8,0.9,41.789,-83.356,2011,Mid,0.1687
10/8/2013,Toledo,54.8,0.6,41.789,-83.356,2013,Late,0.1688
6/25/2010,Toledo,54.9,1.6,41.733,-83.296,2010,Early,0.2044
7/27/2011,ODNR,54.90000153,,41.702,-83.248,2011,Mid,0.2492
6/21/2010,NOAA,55.15,0.4,41.835,-83.364,2010,Early,0.1923
8/2/2010,NOAA,55.61,0.9,41.835,-83.364,2010,Mid,0.192
9/21/2010,NOAA,55.7,0.9,41.806,-83.255,2010,Late,0.2655
7/26/2010,ODNR,56.09999847,,41.702,-83.248,2010,Mid,0.2492
8/27/2010,Toledo,56.4,0.7,41.734,-83.298,2010,Mid,0.2029
7/12/2012,NOAA,56.62,0.9,41.763,-83.33,2012,Mid,0.1801
8/6/2012,NOAA,56.77,1.3,41.838,-83.364,2012,Mid,0.1946
7/22/2013,OEPA,57,,41.733,-83.416237,2013,Mid,0.0887
7/11/2011,Toledo,57.1,1.12,41.742,-83.402,2011,Mid,0.106
8/13/2012,Toledo,57.6,0.5,41.734,-83.297,2012,Mid,0.2034
8/23/2010,NOAA,57.67,1.1,41.833,-83.364,2010,Mid,0.1913
8/6/2012,NOAA,57.67,0.6,41.709,-83.383,2012,Mid,0.1145
8/29/2012,NOAA,57.68,0.8,41.73,-83.329,2012,Mid,0.1708
4/4/2013,OEPA,58,,41.733,-83.416237,2013,Early,0.0887
7/26/2010,NOAA,58.9,0.6,41.753,-83.318,2010,Mid,0.1874
6/4/2012,Toledo,58.9,0.6,41.742,-83.401,2012,Early,0.1066
6/11/2013,Toledo,59,0.6,41.821,-83.184,2013,Early,0.3368
10/7/2010,NOAA,59.38,0.4,41.754,-83.319,2010,Late,0.1874
6/15/2012,Toledo,59.5,0.52,41.734,-83.297,2012,Early,0.2036
8/9/2010,NOAA,59.51,0.8,41.885,-83.319,2010,Mid,0.2597
5/30/2013,Toledo,59.6,1,41.789,-83.356,2013,Early,0.1693
10/18/2010,NOAA,59.77,2.1,41.718,-83.424,2010,Late,0.076
9/29/2010,Toledo,59.9,1.4,41.821,-83.186,2010,Late,0.3355
8/16/2010,NOAA,60,0.6,41.765,-83.403,2010,Mid,0.1163
6/25/2010,Toledo,60.1,1.2,41.743,-83.402,2010,Early,0.106
9/19/2013,Toledo,60.4,0.6,41.733,-83.297,2013,Late,0.2031
8/5/2011,Toledo,60.5,0.8,41.733,-83.297,2011,Mid,0.2033
8/6/2012,NOAA,60.64,0.8,41.836,-83.337,2012,Mid,0.2122
6/7/2012,ODNR,60.9,,41.702,-83.248,2012,Early,0.2492
7/23/2012,NOAA,60.98,0.5,41.758,-83.33,2012,Mid,0.1777
9/17/2012,NOAA,60.99,0.6,41.838,-83.364,2012,Late,0.1945
8/5/2011,Toledo,61.7,0.85,41.789,-83.356,2011,Mid,0.1687
9/28/2012,Toledo,61.7,0.4,41.789,-83.356,2012,Late,0.1685
7/26/2010,ODNR,61.70000076,,41.839,-83.055,2010,Mid,0.4645
7/30/2012,ODNR,62,,41.702,-83.248,2012,Mid,0.2492
9/27/2010,NOAA,62.14,0.6,41.753,-83.214,2010,Late,0.2888
6/8/2010,NOAA,63.05,1.5,41.764,-83.403,2010,Early,0.1163
8/2/2012,Toledo,63.2,1.8,41.751,-83.104,2012,Mid,0.3972
9/29/2010,Toledo,63.3,0.5,41.735,-83.296,2010,Late,0.2051
9/16/2013,OSU,63.34,0.96,41.648,-83.099,2013,Late,0.4009
10/7/2010,NOAA,63.43,0.7,41.704,-83.385,2010,Late,0.112
7/19/2010,NOAA,63.72,0.8,41.718,-83.424,2010,Mid,0.0762
10/18/2010,NOAA,63.73,2.5,41.704,-83.386,2010,Late,0.1111
7/12/2011,NOAA,64.61,2,41.918,-83.277,2011,Mid,0.3121
7/12/2011,NOAA,64.66,1.9,41.852,-83.331,2011,Mid,0.2273
6/28/2011,NOAA,64.7,1.5,41.754,-83.319,2011,Early,0.1871
9/23/2013,OSU,64.83,0.63,41.569,-82.768,2013,Late,0.74
7/6/2010,NOAA,65.21,1.1,41.818,-83.226,2010,Mid,0.2971
9/27/2011,Toledo,65.7,0.3,41.733,-83.296,2011,Late,0.2041
9/30/2013,OSU,65.76,0.51,41.633,-82.934,2013,Late,0.5666
6/14/2010,NOAA,65.88,1.8,41.765,-83.402,2010,Early,0.1167
6/14/2010,NOAA,66.18,1,41.669,-83.363,2010,Early,0.1368
8/27/2010,Toledo,66.3,0.6,41.742,-83.402,2010,Mid,0.1056
5/1/2012,Toledo,66.4,0.5,41.716,-83.455,2012,Early,0.0467
7/22/2011,Toledo,66.6,1.45,41.789,-83.357,2011,Mid,0.1682
8/2/2010,NOAA,66.73,0.6,41.706,-83.387,2010,Mid,0.1109
8/23/2011,NOAA,66.91,0.5,41.631,-83.099,2011,Mid,0.4032
7/12/2011,NOAA,67.16,2.5,41.706,-83.385,2011,Mid,0.1128
9/23/2013,OSU,67.4,0.74,41.621,-82.936,2013,Late,0.5663
7/8/2010,Toledo,68.1,1,41.742,-83.401,2010,Mid,0.106
9/17/2012,NOAA,68.27,0.7,41.707,-83.385,2012,Late,0.1125
7/18/2012,ODNR,68.6,,41.839,-83.055,2012,Mid,0.4645
7/19/2010,NOAA,68.72,1.3,41.753,-83.319,2010,Mid,0.1869
8/12/2011,Toledo,69.1,0.63,41.742,-83.402,2011,Mid,0.1057
10/8/2013,Toledo,69.4,0.5,41.742,-83.402,2013,Late,0.1058
8/19/2011,Toledo,69.6,0.45,41.733,-83.296,2011,Mid,0.2042
9/9/2013,OSU,69.6,0.82,41.568,-82.768,2013,Late,0.7398
7/27/2011,ODNR,70,,41.839,-83.055,2011,Mid,0.4645
8/30/2010,NOAA,70.12,0.9,41.885,-83.364,2010,Mid,0.2304
9/21/2010,NOAA,70.25,0.7,41.754,-83.319,2010,Late,0.1873
6/3/2010,ODNR,70.80000305,,41.702,-83.248,2010,Early,0.2492
6/24/2013,Toledo,71,1,41.789,-83.356,2013,Early,0.1686
6/4/2012,Toledo,71.5,0.3,41.789,-83.356,2012,Early,0.1688
7/12/2010,NOAA,71.66,1,41.705,-83.386,2010,Mid,0.111
6/20/2012,Toledo,71.8,1.4,41.742,-83.401,2012,Early,0.1066
5/20/2010,Toledo,71.9,0.32,41.821,-83.186,2010,Early,0.335
9/10/2010,NOAA,71.93,0.5,41.834,-83.363,2010,Late,0.1917
7/12/2010,NOAA,71.95,0.05,41.718,-83.423,2010,Mid,0.0773
6/4/2012,Toledo,72.1,0.5,41.734,-83.297,2012,Early,0.2036
10/8/2013,OSU,72.36,0.5,41.693,-83.278,2013,Late,0.219
6/21/2010,NOAA,72.85,1.8,41.754,-83.319,2010,Early,0.1867
7/12/2011,NOAA,72.98,0.5,41.718,-83.422,2011,Mid,0.0777
6/28/2011,NOAA,73.5,2,41.804,-83.256,2011,Early,0.2637
7/3/2013,Toledo,73.5,0.4,41.821,-83.186,2013,Mid,0.3352
6/21/2010,NOAA,73.57,2,41.764,-83.403,2010,Early,0.1157
9/12/2011,NOAA,74.29,0.6,41.639,-83.102,2011,Late,0.3996
9/21/2010,NOAA,74.7,0.9,41.861,-83.264,2010,Late,0.2855
8/2/2010,NOAA,74.88,0.6,41.764,-83.415,2010,Mid,0.1061
9/27/2010,NOAA,75.19,0.5,41.764,-83.392,2010,Late,0.1252
9/5/2012,NOAA,75.2,0.6,41.837,-83.36,2012,Late,0.1962
6/27/2011,Toledo,75.3,1.12,41.734,-83.299,2011,Early,0.202
9/26/2012,ODNR,75.4,,41.839,-83.055,2012,Late,0.4645
9/20/2010,Toledo,75.6,0.4,41.742,-83.402,2010,Late,0.1059
4/29/2013,OEPA,76,,41.7267,-83.15,2013,Early,0.3483
8/12/2011,Toledo,76.1,0.66,41.75,-83.104,2011,Mid,0.3966
6/17/2010,ODNR,76.59999847,,41.702,-83.248,2010,Early,0.2492
9/16/2013,OSU,76.94,1,41.575,-82.704,2013,Late,0.8025
9/12/2011,NOAA,76.95,0.3,41.752,-83.091,2011,Late,0.4094
5/31/2012,NOAA,77.08,0.5,41.704,-83.386,2012,Early,0.1113
8/19/2011,Toledo,77.2,0.48,41.789,-83.356,2011,Mid,0.1688
9/21/2010,NOAA,77.28,0.7,41.885,-83.318,2010,Late,0.2603
9/27/2011,Toledo,77.6,0.42,41.789,-83.356,2011,Late,0.1689
9/14/2011,Toledo,77.8,0.45,41.742,-83.401,2011,Late,0.1059
8/29/2013,Toledo,77.8,0.5,41.789,-83.356,2013,Mid,0.1689
8/19/2011,Toledo,78.1,0.51,41.742,-83.402,2011,Mid,0.1057
8/29/2012,NOAA,78.27,0.4,41.704,-83.388,2012,Mid,0.1091
8/20/2012,NOAA,79.74,0.9,41.705,-83.385,2012,Mid,0.1123
7/22/2013,OEPA,80,,41.70163,-83.37407,2013,Mid,0.123
6/11/2013,Toledo,80.5,0.7,41.716,-83.455,2013,Early,0.0464
10/14/2013,OSU,80.53,0.49,41.693,-83.26,2013,Late,0.237
6/20/2012,Toledo,80.7,0.9,41.734,-83.297,2012,Early,0.2036
7/9/2012,Toledo,80.7,0.65,41.742,-83.401,2012,Mid,0.1066
7/9/2013,OEPA,81,,41.70163,-83.37407,2013,Mid,0.123
7/26/2010,NOAA,81.61,0.7,41.704,-83.386,2010,Mid,0.1114
9/19/2013,Toledo,81.7,0.4,41.789,-83.356,2013,Late,0.1688
9/9/2013,OSU,82.11,0.92,41.555,-82.749,2013,Late,0.7614
7/6/2010,NOAA,82.51,0.6,41.751,-83.424,2010,Mid,0.0912
9/15/2010,Toledo,82.9,0.55,41.742,-83.402,2010,Late,0.1059
9/30/2013,OSU,82.95,0.25,41.658,-83.094,2013,Late,0.4046
9/27/2010,NOAA,83.52,0.6,41.834,-83.364,2010,Late,0.191
10/8/2013,OSU,83.85,1.5,41.636,-82.656,2013,Late,0.8429
8/20/2012,NOAA,84.18,,41.704,-83.386,2012,Mid,0.1112
8/5/2011,Toledo,84.2,0.46,41.742,-83.402,2011,Mid,0.1058
9/30/2013,OSU,84.47,0.45,41.695,-83.267,2013,Late,0.2304
9/21/2010,NOAA,85.02,0.4,41.704,-83.385,2010,Late,0.1127
9/12/2012,NOAA,85.27,0.5,41.839,-83.363,2012,Late,0.1957
6/3/2011,ODNR,86.30000305,,41.702,-83.248,2011,Early,0.2492
9/10/2010,NOAA,86.78,0.4,41.764,-83.402,2010,Late,0.1164
6/15/2011,ODNR,86.80000305,,41.839,-83.055,2011,Early,0.4645
5/24/2010,ODNR,87.5,,41.702,-83.248,2010,Early,0.2492
9/29/2010,Toledo,87.7,0.8,41.789,-83.357,2010,Late,0.1683
6/28/2011,NOAA,88.29,1.5,41.877,-83.378,2011,Early,0.2164
6/28/2011,NOAA,88.67,2,41.764,-83.403,2011,Early,0.116
5/15/2012,Toledo,89.7,0.6,41.716,-83.455,2012,Early,0.0467
10/25/2011,NOAA,89.74,0.2,41.69,-82.907,2011,Late,0.5905
8/16/2013,Toledo,89.8,0.5,41.789,-83.356,2013,Mid,0.1689
6/27/2011,Toledo,90.2,1.38,41.789,-83.355,2011,Early,0.1697
7/26/2010,NOAA,90.29,0.8,41.718,-83.424,2010,Mid,0.0757
10/12/2010,ODNR,90.5,,41.702,-83.248,2010,Late,0.2492
5/20/2010,Toledo,91,0.23,41.751,-83.103,2010,Early,0.3975
6/21/2010,Toledo,91,1.2,41.743,-83.403,2010,Early,0.105
9/12/2012,NOAA,91.01,0.5,41.708,-83.383,2012,Late,0.115
7/6/2010,NOAA,91.76,0.7,41.705,-83.385,2010,Mid,0.1121
7/30/2012,ODNR,92.1,,41.839,-83.055,2012,Mid,0.4645
9/27/2011,Toledo,92.9,0.75,41.742,-83.401,2011,Late,0.1059
6/28/2010,NOAA,93.69,5.7,41.754,-83.319,2010,Early,0.1872
9/22/2011,ODNR,93.90000153,,41.702,-83.248,2011,Late,0.2492
6/19/2012,OEPA,94,,41.733,-83.416237,2012,Early,0.0887
8/13/2012,NOAA,94.16,0.9,41.837,-83.366,2012,Mid,0.1919
10/4/2011,ODNR,94.80000305,,41.702,-83.248,2011,Late,0.2492
5/14/2013,OEPA,95,,41.733,-83.416237,2013,Early,0.0887
7/23/2012,NOAA,95.28,0.7,41.711,-83.382,2012,Mid,0.1158
6/11/2013,Toledo,96,0.6,41.789,-83.355,2013,Early,0.1696
6/4/2010,Toledo,96.1,0.75,41.733,-83.298,2010,Early,0.2028
6/27/2011,Toledo,96.1,0.77,41.743,-83.401,2011,Early,0.1066
8/9/2010,NOAA,96.27,0.5,41.718,-83.432,2010,Mid,0.0685
8/9/2010,NOAA,97.87,0.4,41.705,-83.386,2010,Mid,0.1113
10/7/2010,NOAA,98.95,0.9,41.718,-83.423,2010,Late,0.0775
7/2/2012,Toledo,99.2,0.6,41.716,-83.455,2012,Mid,0.0465
9/5/2012,NOAA,99.69,0.5,41.483,-82.698,2012,Late,0.8266
9/9/2013,OSU,99.92,0.5,41.692,-83.269,2013,Late,0.2279
6/24/2013,Toledo,100.3,0.7,41.742,-83.402,2013,Early,0.1058
9/11/2012,Toledo,100.4,0.6,41.743,-83.401,2012,Late,0.1061
7/25/2012,Toledo,100.8,0.6,41.742,-83.401,2012,Mid,0.1066
9/9/2011,ODNR,101.4000015,,41.702,-83.248,2011,Late,0.2492
7/25/2012,Toledo,102.9,0.5,41.716,-83.455,2012,Mid,0.0465
3/19/2012,OEPA,103,,41.76832,-83.3008,2012,Early,0.209
9/5/2012,NOAA,103.5,0.5,41.756,-83.322,2012,Late,0.1846
7/9/2013,OEPA,104,,41.733,-83.416237,2013,Mid,0.0887
7/22/2010,Toledo,104.5,0.65,41.715,-83.455,2010,Mid,0.0458
9/12/2011,NOAA,104.83,1,41.772,-82.9,2011,Late,0.6023
6/28/2011,NOAA,105.07,2,41.834,-83.363,2011,Early,0.1915
8/12/2011,ODNR,105.3000031,,41.839,-83.055,2011,Mid,0.4645
9/27/2010,NOAA,105.58,0.3,41.718,-83.424,2010,Late,0.0763
6/28/2011,NOAA,105.61,1,41.885,-83.332,2011,Early,0.2503
10/11/2011,Toledo,105.9,0.85,41.742,-83.401,2011,Late,0.106
9/12/2011,NOAA,105.97,0.1,41.722,-82.971,2011,Late,0.5271
9/12/2011,NOAA,105.97,0.6,41.765,-83.304,2011,Late,0.2051
6/3/2013,OEPA,107,,41.70163,-83.37407,2013,Early,0.123
8/5/2013,OSU,107.23,0.81,41.694,-83.264,2013,Mid,0.233
6/28/2010,NOAA,107.45,4.5,41.885,-83.318,2010,Early,0.2598
5/6/2013,Toledo,107.9,0.35,41.733,-83.297,2013,Early,0.2034
9/23/2013,OSU,107.91,0.33,41.648,-83.099,2013,Late,0.4011
7/3/2013,Toledo,108.8,0.5,41.789,-83.355,2013,Mid,0.1697
9/10/2010,NOAA,109.3,0.4,41.764,-83.402,2010,Late,0.1164
10/11/2011,Toledo,111.6,0.75,41.734,-83.297,2011,Late,0.2035
9/28/2012,Toledo,111.9,0.3,41.743,-83.401,2012,Late,0.1061
9/21/2010,NOAA,114.58,0.6,41.835,-83.361,2010,Late,0.1942
5/30/2013,Toledo,115.7,0.4,41.742,-83.401,2013,Early,0.106
9/21/2010,NOAA,115.75,0.5,41.764,-83.415,2010,Late,0.1062
7/22/2011,Toledo,117.5,0.45,41.716,-83.455,2011,Mid,0.0459
9/27/2011,Toledo,118.2,0.4,41.716,-83.455,2011,Late,0.0458
8/16/2010,NOAA,118.89,0.4,41.718,-83.423,2010,Mid,0.0772
9/19/2013,Toledo,118.9,0.35,41.742,-83.402,2013,Late,0.1058
8/2/2010,NOAA,120.4,0.5,41.718,-83.424,2010,Mid,0.0761
7/8/2010,Toledo,120.5,0.5,41.716,-83.455,2010,Mid,0.0463
9/16/2013,OSU,120.61,0.6,41.691,-83.264,2013,Late,0.2331
9/4/2013,OEPA,120.8,,41.733,-83.416237,2013,Late,0.0887
5/20/2010,Toledo,121.4,0.2,41.734,-83.296,2010,Early,0.2042
6/21/2010,NOAA,121.59,1,41.706,-83.386,2010,Early,0.1112
10/25/2011,NOAA,121.65,1.2,41.885,-82.746,2011,Late,0.7747
10/25/2011,NOAA,125.94,2,41.856,-82.532,2011,Late,0.978
6/8/2010,NOAA,126.8,1,41.704,-83.386,2010,Early,0.1111
8/16/2010,NOAA,127.94,0.3,41.705,-83.386,2010,Mid,0.1115
9/14/2011,Toledo,128,0.32,41.733,-83.296,2011,Late,0.2041
10/8/2013,Toledo,128.1,0.4,41.716,-83.456,2013,Late,0.0456
7/15/2011,Toledo,128.7,0.3,41.742,-83.402,2011,Mid,0.106
8/30/2010,NOAA,129.71,0.8,41.834,-83.364,2010,Mid,0.1914
9/27/2010,NOAA,129.77,0.3,41.705,-83.385,2010,Late,0.1122
7/15/2013,Toledo,130.2,0.9,41.821,-83.186,2013,Mid,0.3349
8/10/2010,Toledo,130.4,0.55,41.716,-83.456,2010,Mid,0.0457
6/4/2010,Toledo,130.8,0.65,41.742,-83.403,2010,Early,0.1048
9/29/2010,Toledo,131.2,0.25,41.716,-83.455,2010,Late,0.0463
8/30/2010,NOAA,132.04,0.5,41.762,-83.403,2010,Mid,0.1149
9/12/2011,NOAA,132.53,0.5,41.721,-83.236,2011,Late,0.262
6/4/2012,Toledo,132.8,0.4,41.716,-83.455,2012,Early,0.0465
3/19/2012,OEPA,133,,41.733,-83.416237,2012,Early,0.0887
6/28/2010,NOAA,134.38,2.1,41.717,-83.363,2010,Early,0.1354
4/13/2012,Toledo,134.6,0.45,41.716,-83.455,2012,Early,0.0462
7/3/2013,Toledo,135.7,0.4,41.742,-83.401,2013,Mid,0.106
5/19/2011,ODNR,136.8000031,,41.702,-83.248,2011,Early,0.2492
6/28/2010,NOAA,137.25,2.4,41.705,-83.385,2010,Early,0.112
9/14/2011,Toledo,137.4,0.42,41.716,-83.455,2011,Late,0.0458
9/10/2010,NOAA,138.98,0.3,41.705,-83.387,2010,Late,0.1102
7/11/2011,ODNR,139.5,,41.839,-83.055,2011,Mid,0.4645
9/1/2012,Toledo,140.4,0.95,41.743,-83.401,2012,Late,0.1061
5/20/2010,Toledo,141.8,0.2,41.743,-83.402,2010,Early,0.1055
5/31/2011,Toledo,143.3,0.3,41.789,-83.355,2011,Early,0.1697
10/11/2011,Toledo,144,0.7,41.716,-83.455,2011,Late,0.046
7/15/2013,Toledo,146.2,0.4,41.742,-83.402,2013,Mid,0.1057
8/27/2012,Toledo,148.3,1,41.715,-83.455,2012,Mid,0.0459
8/5/2011,Toledo,148.5,0.5,41.715,-83.456,2011,Mid,0.0455
9/11/2012,Toledo,150.3,1,41.715,-83.455,2012,Late,0.0458
8/30/2010,NOAA,150.44,0.4,41.705,-83.386,2010,Mid,0.1111
6/27/2011,Toledo,150.5,0.31,41.715,-83.455,2011,Early,0.0458
8/19/2011,Toledo,151.1,0.5,41.716,-83.455,2011,Mid,0.0461
10/4/2011,ODNR,151.6999969,,41.839,-83.055,2011,Late,0.4645
7/15/2013,Toledo,151.7,0.5,41.806,-83.27,2013,Mid,0.2519
8/13/2012,NOAA,152.08,0.3,41.71,-83.38,2012,Mid,0.1179
6/3/2011,ODNR,152.1000061,,41.839,-83.055,2011,Early,0.4645
7/11/2011,Toledo,152.4,0.5,41.716,-83.455,2011,Mid,0.0462
8/2/2012,Toledo,152.4,1,41.742,-83.401,2012,Mid,0.1066
9/21/2010,NOAA,153.99,0.3,41.718,-83.424,2010,Late,0.0765
8/30/2011,ODNR,157.3999939,,41.702,-83.248,2011,Mid,0.2492
6/28/2011,NOAA,157.58,0.5,41.717,-83.422,2011,Early,0.0782
7/16/2012,Toledo,157.6,0.6,41.716,-83.455,2012,Mid,0.0465
6/4/2010,Toledo,159.5,0.45,41.715,-83.456,2010,Early,0.045
6/8/2011,Toledo,160.4,0.5,41.789,-83.356,2011,Early,0.1684
6/14/2010,NOAA,161.27,0.5,41.704,-83.386,2010,Early,0.1113
7/30/2013,Toledo,166.2,0.4,41.733,-83.297,2013,Mid,0.2031
6/30/2011,ODNR,168.8999939,,41.702,-83.248,2011,Early,0.2492
9/4/2013,OEPA,169.5,,41.70163,-83.37407,2013,Late,0.123
8/30/2010,NOAA,170.89,0.3,41.717,-83.424,2010,Mid,0.0759
6/11/2013,Toledo,172.9,0.3,41.742,-83.401,2013,Early,0.1065
5/20/2010,Toledo,173.4,0.2,41.789,-83.357,2010,Early,0.168
8/16/2013,Toledo,173.7,0.5,41.743,-83.402,2013,Mid,0.1057
6/15/2011,ODNR,179.5,,41.702,-83.248,2011,Early,0.2492
8/30/2011,ODNR,179.6999969,,41.839,-83.055,2011,Mid,0.4645
8/30/2010,NOAA,181.72,0.5,41.754,-83.319,2010,Mid,0.1874
6/8/2011,Toledo,182.8,0.85,41.743,-83.401,2011,Early,0.1066
8/13/2012,Toledo,184.3,0.9,41.715,-83.455,2012,Mid,0.0459
6/8/2010,NOAA,187.15,0.5,41.718,-83.424,2010,Early,0.0762
9/15/2010,Toledo,189.9,0.25,41.715,-83.455,2010,Late,0.0459
6/20/2011,Toledo,190.9,0.28,41.743,-83.401,2011,Early,0.1066
8/27/2010,Toledo,194.1,0.3,41.716,-83.456,2010,Mid,0.0456
4/25/2013,OEPA,198,,41.76832,-83.3008,2013,Early,0.209
6/8/2011,Toledo,208.4,0.31,41.715,-83.455,2011,Early,0.0458
6/25/2010,Toledo,209.7,0.4,41.716,-83.456,2010,Early,0.0449
6/21/2010,NOAA,218.87,0.2,41.718,-83.424,2010,Early,0.0765
5/26/2010,Toledo,219.5,0.25,41.742,-83.402,2010,Early,0.1053
8/29/2013,Toledo,220.9,0.4,41.742,-83.402,2013,Mid,0.1059
6/14/2010,NOAA,227.25,0.2,41.717,-83.425,2010,Early,0.0753
5/6/2013,Toledo,230.9,0.2,41.734,-83.296,2013,Early,0.204
5/20/2010,Toledo,231.7,0.19,41.715,-83.455,2010,Early,0.0457
7/30/2013,Toledo,239.7,0.5,41.715,-83.456,2013,Mid,0.0452
5/6/2013,Toledo,252.3,0.19,41.789,-83.357,2013,Early,0.1681
4/25/2013,OEPA,255,,41.70163,-83.37407,2013,Early,0.123
4/25/2013,OEPA,256,,41.733,-83.416237,2013,Early,0.0887
5/31/2011,Toledo,273.8,0.12,41.743,-83.401,2011,Early,0.1064
9/19/2013,Toledo,277.9,0.25,41.715,-83.456,2013,Late,0.0452
5/6/2013,Toledo,314.5,0.11,41.742,-83.402,2013,Early,0.1058
5/31/2011,Toledo,326,0.1,41.734,-83.299,2011,Early,0.202
8/25/2010,ODNR,333.1000061,,41.702,-83.248,2010,Mid,0.2492
5/3/2010,HU,137.4,,41.7711,-83.3833,2010,Early,0.1187
5/5/2010,HU,175.5,,41.7524,-83.3466,2010,Early,0.1383
5/12/2010,HU,192.8,,41.7297,-83.3011,2010,Early,0.1735
4/28/2010,HU,507.0,,41.7711,-83.3833,2010,Early,0.1187
4/21/2010,HU,41.0,,41.7149,-83.4268,2010,Early,0.0499
5/1/2010,HU,293.2,,41.7362,-83.4169,2010,Early,0.0704
5/19/2010,HU,275.7,,41.7149,-83.4268,2010,Early,0.0499
9/15/2010,HU,77.4,,41.7283,-83.3968,2010,Early,0.0826
7/29/2010,HU,54.7,,41.7136,-83.3635,2010,Early,0.1091
4/30/2010,HU,265.8,,41.7283,-83.3968,2010,Early,0.0826
4/21/2010,HU,35.0,,41.7524,-83.3466,2010,Early,0.1383
5/5/2010,HU,168.5,,41.7297,-83.3011,2010,Early,0.1735
5/3/2010,HU,95.7,,41.7149,-83.4268,2010,Early,0.0499
5/19/2010,HU,215.4,,41.7149,-83.4268,2010,Early,0.0499
4/30/2010,HU,107.5,,41.7149,-83.4268,2010,Early,0.0499
5/3/2010,HU,102.4,,41.7711,-83.3833,2010,Early,0.1187
5/19/2010,HU,232.1,,41.7711,-83.3833,2010,Early,0.1187
5/1/2010,HU,162.6,,41.7149,-83.4268,2010,Early,0.0499
4/21/2010,HU,22.0,,41.7283,-83.3968,2010,Early,0.0826
7/29/2010,HU,37.7,,41.7136,-83.3635,2010,Early,0.1091
4/27/2010,HU,431.0,,41.7362,-83.4169,2010,Early,0.0704
4/30/2010,HU,350.4,,41.7283,-83.3968,2010,Early,0.0826
4/28/2010,HU,156.0,,41.7297,-83.3011,2010,Early,0.1735
5/12/2010,HU,198.1,,41.7297,-83.3011,2010,Early,0.1735
7/29/2010,HU,112.9,,41.7524,-83.3466,2010,Early,0.1383
4/28/2010,HU,53.0,,41.7524,-83.3466,2010,Early,0.1383
4/28/2010,HU,443.0,,41.7711,-83.3833,2010,Early,0.1187
5/12/2010,HU,182.9,,41.7711,-83.3833,2010,Early,0.1187
5/12/2010,HU,197.4,,41.7283,-83.3968,2010,Early,0.0826
5/3/2010,HU,160.1,,41.7149,-83.4268,2010,Early,0.0499
9/15/2010,HU,69.1,,41.7136,-83.3635,2010,Early,0.1091
7/29/2010,HU,97.9,,41.7149,-83.4268,2010,Early,0.0499
4/21/2010,HU,65.0,,41.7362,-83.4169,2010,Early,0.0704
5/3/2010,HU,115.9,,41.7297,-83.3011,2010,Early,0.1735
5/1/2010,HU,158.7,,41.7283,-83.3968,2010,Early,0.0826
4/29/2010,HU,54.4,,41.7524,-83.3466,2010,Early,0.1383
4/28/2010,HU,429.0,,41.7297,-83.3011,2010,Early,0.1735
5/3/2010,HU,37.5,,41.7524,-83.3466,2010,Early,0.1383
5/5/2010,HU,212.2,,41.7136,-83.3635,2010,Early,0.1091
4/29/2010,HU,51.6,,41.7711,-83.3833,2010,Early,0.1187
4/21/2010,HU,100.0,,41.7283,-83.3968,2010,Early,0.0826
4/30/2010,HU,314.4,,41.7149,-83.4268,2010,Early,0.0499
7/29/2010,HU,93.6,,41.7297,-83.3011,2010,Early,0.1735
9/15/2010,HU,96.1,,41.7362,-83.4169,2010,Early,0.0704
5/19/2010,HU,280.4,,41.7149,-83.4268,2010,Early,0.0499
4/28/2010,HU,352.0,,41.7297,-83.3011,2010,Early,0.1735
4/30/2010,HU,54.3,,41.7524,-83.3466,2010,Early,0.1383
5/19/2010,HU,275.0,,41.7136,-83.3635,2010,Early,0.1091
9/15/2010,HU,69.7,,41.7711,-83.3833,2010,Early,0.1187
4/29/2010,HU,371.4,,41.7711,-83.3833,2010,Early,0.1187
5/19/2010,HU,459.8,,41.7297,-83.3011,2010,Early,0.1735
4/29/2010,HU,362.0,,41.7149,-83.4268,2010,Early,0.0499
5/1/2010,HU,114.0,,41.7362,-83.4169,2010,Early,0.0704
4/29/2010,HU,320.5,,41.7283,-83.3968,2010,Early,0.0826
5/5/2010,HU,204.1,,41.7283,-83.3968,2010,Early,0.0826
5/5/2010,HU,183.0,,41.7149,-83.4268,2010,Early,0.0499
4/29/2010,HU,382.8,,41.7524,-83.3466,2010,Early,0.1383
5/1/2010,HU,262.9,,41.7524,-83.3466,2010,Early,0.1383
5/1/2010,HU,200.9,,41.7297,-83.3011,2010,Early,0.1735
5/5/2010,HU,40.6,,41.7283,-83.3968,2010,Early,0.0826
5/12/2010,HU,193.9,,41.7711,-83.3833,2010,Early,0.1187
5/3/2010,HU,265.5,,41.7711,-83.3833,2010,Early,0.1187
4/21/2010,HU,82.0,,41.7149,-83.4268,2010,Early,0.0499
7/29/2010,HU,137.6,,41.7136,-83.3635,2010,Early,0.1091
5/5/2010,HU,135.8,,41.7297,-83.3011,2010,Early,0.1735
4/21/2010,HU,99.0,,41.7362,-83.4169,2010,Early,0.0704
4/21/2010,HU,76.0,,41.7283,-83.3968,2010,Early,0.0826
4/28/2010,HU,104.0,,41.7149,-83.4268,2010,Early,0.0499
4/30/2010,HU,171.2,,41.7524,-83.3466,2010,Early,0.1383
5/12/2010,HU,191.6,,41.7297,-83.3011,2010,Early,0.1735
4/29/2010,HU,256.9,,41.7524,-83.3466,2010,Early,0.1383
4/30/2010,HU,310.0,,41.7283,-83.3968,2010,Early,0.0826
5/3/2010,HU,141.4,,41.7711,-83.3833,2010,Early,0.1187
4/21/2010,HU,58.0,,41.7149,-83.4268,2010,Early,0.0499
4/27/2010,HU,347.2,,41.7362,-83.4169,2010,Early,0.0704
5/1/2010,HU,244.9,,41.7283,-83.3968,2010,Early,0.0826
5/1/2010,HU,211.3,,41.7297,-83.3011,2010,Early,0.1735
4/29/2010,HU,208.8,,41.7136,-83.3635,2010,Early,0.1091
9/15/2010,HU,97.8,,41.7149,-83.4268,2010,Early,0.0499
4/28/2010,HU,474.0,,41.7297,-83.3011,2010,Early,0.1735
4/28/2010,HU,147.0,,41.7524,-83.3466,2010,Early,0.1383
4/21/2010,HU,279.0,,41.7524,-83.3466,2010,Early,0.1383
7/29/2010,HU,150.4,,41.7711,-83.3833,2010,Early,0.1187
9/15/2010,HU,101.3,,41.7283,-83.3968,2010,Early,0.0826
5/19/2010,HU,201.7,,41.7711,-83.3833,2010,Early,0.1187
4/29/2010,HU,407.1,,41.7149,-83.4268,2010,Early,0.0499
5/1/2010,HU,265.3,,41.7283,-83.3968,2010,Early,0.0826
9/15/2010,HU,63.8,,41.7362,-83.4169,2010,Early,0.0704
5/12/2010,HU,228.7,,41.7297,-83.3011,2010,Early,0.1735
5/3/2010,HU,226.9,,41.7136,-83.3635,2010,Early,0.1091
5/19/2010,HU,434.5,,41.7149,-83.4268,2010,Early,0.0499
5/12/2010,HU,248.9,,41.7524,-83.3466,2010,Early,0.1383
9/15/2010,HU,42.0,,41.7524,-83.3466,2010,Early,0.1383
5/5/2010,HU,198.3,,41.7711,-83.3833,2010,Early,0.1187
4/21/2010,HU,9.0,,41.7297,-83.3011,2010,Early,0.1735
4/21/2010,HU,12.0,,41.7283,-83.3968,2010,Early,0.0826
4/28/2010,HU,162.0,,41.7711,-83.3833,2010,Early,0.1187
4/28/2010,HU,206.0,,41.7297,-83.3011,2010,Early,0.1735
4/28/2010,HU,330.0,,41.7149,-83.4268,2010,Early,0.0499
4/29/2010,HU,83.3,,41.7362,-83.4169,2010,Early,0.0704
4/29/2010,HU,145.3,,41.7283,-83.3968,2010,Early,0.0826
4/29/2010,HU,192.0,,41.7136,-83.3635,2010,Early,0.1091
4/30/2010,HU,77.2,,41.7149,-83.4268,2010,Early,0.0499
4/30/2010,HU,148.5,,41.7297,-83.3011,2010,Early,0.1735
5/1/2010,HU,77.5,,41.7524,-83.3466,2010,Early,0.1383
5/1/2010,HU,86.6,,41.7711,-83.3833,2010,Early,0.1187
5/1/2010,HU,106.0,,41.7524,-83.3466,2010,Early,0.1383
5/3/2010,HU,59.8,,41.7362,-83.4169,2010,Mid,0.0704
5/3/2010,HU,97.6,,41.7711,-83.3833,2010,Mid,0.1187
5/3/2010,HU,139.3,,41.7149,-83.4268,2010,Mid,0.0499
5/5/2010,HU,37.4,,41.7283,-83.3968,2010,Mid,0.0826
5/5/2010,HU,125.8,,41.7283,-83.3968,2010,Mid,0.0826
5/5/2010,HU,126.2,,41.7149,-83.4268,2010,Mid,0.0499
5/5/2010,HU,238.5,,41.7136,-83.3635,2010,Mid,0.1091
5/12/2010,HU,103.8,,41.7297,-83.3011,2010,Mid,0.1735
5/12/2010,HU,151.1,,41.7297,-83.3011,2010,Mid,0.1735
5/12/2010,HU,190.0,,41.7711,-83.3833,2010,Mid,0.1187
5/12/2010,HU,201.6,,41.7524,-83.3466,2010,Mid,0.1383
5/19/2010,HU,225.0,,41.7524,-83.3466,2010,Mid,0.1383
5/19/2010,HU,231.4,,41.7362,-83.4169,2010,Late,0.0704
5/19/2010,HU,232.5,,41.7283,-83.3968,2010,Late,0.0826
5/19/2010,HU,442.7,,41.7149,-83.4268,2010,Late,0.0499
7/29/2010,HU,32.0,,41.7711,-83.3833,2010,Late,0.1187
7/29/2010,HU,32.8,,41.7149,-83.4268,2010,Late,0.0499
7/29/2010,HU,38.4,,41.7136,-83.3635,2010,Late,0.1091
7/29/2010,HU,40.4,,41.7283,-83.3968,2010,Late,0.0826
7/29/2010,HU,44.5,,41.7297,-83.3011,2010,Late,0.1735
9/15/2010,HU,43.4,,41.7297,-83.3011,2010,Late,0.1735
9/15/2010,HU,50.9,,41.7711,-83.3833,2010,Late,0.1187
9/15/2010,HU,51.2,,41.7524,-83.3466,2010,Late,0.1383
9/15/2010,HU,51.3,,41.7524,-83.3466,2010,Late,0.1383
