SID,SITE,Type,SDATE,Date,Year,RESULT,UNIT,MDL,PQL
83098,E0,C,11/2/1999 9:19,11/2/99,1999,0.004,mg/L,0.004,0.01
201,E0,C,5/24/1995 9:30,5/24/95,1995,0.01,mg P/L,0.004,0.01
150,E0,C,4/26/1994 11:45,4/26/94,1994,0.036,MG P/L,0.004,
178,E0,C,11/21/1994 10:31,11/21/94,1994,0.037,mg P/L,0.004,0.01
66530,E0,C,8/11/1998 9:25,8/11/98,1998,0.043,mg/L,0.004,0.01
184,E0,C,1/3/1995 10:04,1/3/95,1995,0.045,mg P/L,0.004,0.01
147,E0,C,4/12/1994 10:24,4/12/94,1994,0.047,MG P/L,0.004,
157,E0,C,6/21/1994 11:30,6/21/94,1994,0.047,MG P/L,0.004,
174,E0,C,10/11/1994 10:53,10/11/94,1994,0.049,mg P/L,0.004,0.01
245,E0,C,7/16/1996 12:00,7/16/96,1996,0.049,mg P/L,0.004,0.01
58905,E0,C,1/27/1998 13:07,1/27/98,1998,0.049,mg/L,0.004,0.01
64586,E0,C,5/21/1998 9:05,5/21/98,1998,0.051,mg/L,0.004,0.01
66396,E0,C,7/14/1998 13:30,7/14/98,1998,0.051,mg/L,0.004,0.01
72665,E0,C,3/23/1999 9:26,3/23/99,1999,0.053,mg/L,0.004,0.01
12311,E0,C,5/22/1997 10:50,5/22/97,1997,0.054,mg P/L,0.004,0.01
72560,E0,C,2/23/1999 9:38,2/23/99,1999,0.055,mg/L,0.004,0.01
83098,E0,C,11/2/1999 9:19,11/2/99,1999,0.055,mg/L,0.004,0.01
74978,E0,C,7/13/1999 13:40,7/13/99,1999,0.06,mg/L,0.004,0.01
246,E0,C,8/22/1996 11:30,8/22/96,1996,0.061,mg P/L,0.004,0.01
144,E0,C,3/3/1994 9:35,3/3/94,1994,0.062,MG P/L,0.004,
8819,E0,C,10/10/1996 15:30,10/10/96,1996,0.062,mg P/L,0.004,0.01
73872,E0,C,4/20/1999 9:30,4/20/99,1999,0.063,mg/L,0.004,0.01
243,E0,C,5/23/1996 10:20,5/23/96,1996,0.064,mg P/L,0.004,0.01
182,E0,C,12/20/1994 9:00,12/20/94,1994,0.066,mg P/L,0.004,0.01
221,E0,C,10/24/1995 11:47,10/24/95,1995,0.069,mg P/L,0.004,0.01
59562,E0,C,2/24/1998 11:56,2/24/98,1998,0.07,mg/L,0.004,0.01
13027,E0,C,7/23/1997 11:46,7/23/97,1997,0.073,mg P/L,0.004,0.01
247,E0,C,9/11/1996 13:00,9/11/96,1996,0.074,mg P/L,0.004,0.01
12517,E0,C,6/19/1997 12:51,6/19/97,1997,0.074,mg P/L,0.004,0.01
83535,E0,C,12/28/1999 13:50,12/28/99,1999,0.075,mg/L,0.004,0.01
216,E0,C,9/13/1995 9:55,9/13/95,1995,0.076,mg P/L,0.004,0.01
224,E0,C,11/7/1995 13:40,11/7/95,1995,0.076,mg P/L,0.004,0.01
237,E0,C,2/27/1996 9:40,2/27/96,1996,0.076,mg P/L,0.004,0.01
242,E0,C,4/23/1996 13:45,4/23/96,1996,0.076,mg P/L,0.004,0.01
212,E0,C,8/15/1995 14:10,8/15/95,1995,0.078,mg P/L,0.004,0.01
239,E0,C,3/26/1996 8:55,3/26/96,1996,0.078,mg P/L,0.004,0.01
214,E0,C,8/30/1995 9:35,8/30/95,1995,0.079,mg P/L,0.004,0.01
244,E0,C,6/18/1996 10:45,6/18/96,1996,0.079,mg P/L,0.004,0.01
12168,E0,C,4/17/1997 13:40,4/17/97,1997,0.08,mg P/L,0.004,0.01
46685,E0,C,10/7/1997 11:10,10/7/97,1997,0.08,mg P/L,0.004,0.01
71322,E0,C,12/29/1998 11:54,12/29/98,1998,0.081,mg/L,0.004,0.01
228,E0,C,12/5/1995 14:30,12/5/95,1995,0.082,mg P/L,0.004,0.01
13102,E0,C,8/11/1997 11:23,8/11/97,1997,0.083,mg P/L,0.004,0.01
235,E0,C,1/30/1996 8:45,1/30/96,1996,0.084,mg P/L,0.004,0.01
71431,E0,C,1/26/1999 9:20,1/26/99,1999,0.084,mg/L,0.004,0.01
209,E0,C,7/18/1995 15:20,7/18/95,1995,0.085,mg P/L,0.004,0.01
59581,E0,C,3/24/1998 9:25,3/24/98,1998,0.088,mg/L,0.004,0.01
66565,E0,C,9/8/1998 11:55,9/8/98,1998,0.089,mg/L,0.004,0.01
226,E0,C,11/21/1995 14:35,11/21/95,1995,0.09,mg P/L,0.004,0.01
230,E0,C,12/19/1995 13:45,12/19/95,1995,0.092,mg P/L,0.004,0.01
83414,E0,C,11/30/1999 9:23,11/30/99,1999,0.093,mg/L,0.004,0.01
200,E0,C,5/10/1995 9:36,5/10/95,1995,0.095,mg P/L,0.004,0.01
198,E0,C,4/26/1995 14:01,4/26/95,1995,0.096,mg P/L,0.004,0.01
159,E0,C,7/19/1994 11:14,7/19/94,1994,0.097,MG P/L,0.004,
203,E0,C,6/7/1995 15:44,6/7/95,1995,0.099,mg P/L,0.004,0.01
71275,E0,C,12/1/1998 9:20,12/1/98,1998,0.1,mg/L,0.004,0.01
83239,E0,C,10/5/1999 9:15,10/5/99,1999,0.1,mg/L,0.004,0.01
234,E0,C,1/16/1996 11:35,1/16/96,1996,0.11,mg P/L,0.004,0.01
20624,E0,C,9/18/1997 12:56,9/18/97,1997,0.11,mg P/L,0.004,0.01
62318,E0,C,4/21/1998 11:50,4/21/98,1998,0.11,mg/L,0.004,0.01
194,E0,C,3/28/1995 11:00,3/28/95,1995,0.12,mg P/L,0.004,0.01
220,E0,C,10/10/1995 12:55,10/10/95,1995,0.12,mg P/L,0.004,0.01
232,E0,C,1/4/1996 13:15,1/4/96,1996,0.12,mg P/L,0.004,0.01
11427,E0,C,2/25/1997 11:57,2/25/97,1997,0.12,mg P/L,0.004,0.01
56118,E0,C,11/4/1997 10:24,11/4/97,1997,0.12,mg P/L,0.004,0.01
56243,E0,C,12/2/1997 12:30,12/2/97,1997,0.12,mg P/L,0.004,0.01
70889,E0,C,11/3/1998 9:53,11/3/98,1998,0.12,mg/L,0.004,0.01
158,E0,C,7/5/1994 11:08,7/5/94,1994,0.124,MG P/L,0.004,
186,E0,C,1/31/1995 11:10,1/31/95,1995,0.13,mg P/L,0.004,0.01
11485,E0,C,3/19/1997 10:35,3/19/97,1997,0.13,mg P/L,0.004,0.01
11342,E0,C,12/30/1996 12:15,12/30/96,1996,0.14,mg P/L,0.004,0.01
218,E0,C,9/27/1995 13:50,9/27/95,1995,0.15,mg P/L,0.004,0.01
70512,E0,C,10/6/1998 10:07,10/6/98,1998,0.15,mg/L,0.004,0.01
75427,E0,C,6/15/1999 9:24,6/15/99,1999,0.15,mg/L,0.02,0.05
11360,E0,C,1/28/1997 13:20,1/28/97,1997,0.17,mg P/L,0.004,0.01
9380,E0,C,11/6/1996 10:45,11/6/96,1996,0.18,mg P/L,0.004,0.01
10913,E0,C,12/3/1996 10:54,12/3/96,1996,0.19,mg P/L,0.004,0.01
175,E0,C,10/25/1994 11:13,10/25/94,1994,0.29,mg P/L,0.004,0.01
83096,E1,I,11/2/1999 9:36,11/2/99,1999,0.005,mg/L,0.004,0.01
59580,E1,I,3/24/1998 9:38,3/24/98,1998,0.018,mg/L,0.004,0.01
281,E1,I,11/21/1995 14:15,11/21/95,1995,0.02,mg P/L,0.004,0.01
83534,E1,I,12/28/1999 12:20,12/28/99,1999,0.02,mg/L,0.004,0.01
20600,E1,I,9/17/1997 13:28,9/17/97,1997,0.023,mg P/L,0.004,0.01
58904,E1,I,1/27/1998 13:20,1/27/98,1998,0.026,mg/L,0.004,0.01
59561,E1,I,2/24/1998 11:46,2/24/98,1998,0.027,mg/L,0.004,0.01
13101,E1,I,8/11/1997 11:29,8/11/97,1997,0.028,mg P/L,0.004,0.01
12516,E1,I,6/19/1997 12:42,6/19/97,1997,0.03,mg P/L,0.004,0.01
61675,E1,I,3/11/1998 15:55,3/11/98,1998,0.03,mg/L,0.004,0.01
282,E1,I,12/5/1995 14:15,12/5/95,1995,0.031,mg P/L,0.004,0.01
289,E1,I,7/10/1996 14:30,7/10/96,1996,0.032,mg P/L,0.004,0.01
13026,E1,I,7/23/1997 11:56,7/23/97,1997,0.032,mg P/L,0.004,0.01
56242,E1,I,12/2/1997 12:22,12/2/97,1997,0.032,mg P/L,0.004,0.01
283,E1,I,12/19/1995 13:30,12/19/95,1995,0.033,mg P/L,0.004,0.01
274,E1,I,8/15/1995 14:00,8/15/95,1995,0.034,mg P/L,0.004,0.01
20581,E1,I,9/11/1997 12:58,9/11/97,1997,0.034,mg P/L,0.004,0.01
56117,E1,I,11/4/1997 10:12,11/4/97,1997,0.034,mg P/L,0.004,0.01
291,E1,I,7/16/1996 11:50,7/16/96,1996,0.037,mg P/L,0.004,0.01
72559,E1,I,2/23/1999 9:49,2/23/99,1999,0.037,mg/L,0.004,0.01
284,E1,I,1/4/1996 13:00,1/4/96,1996,0.038,mg P/L,0.004,0.01
9613,E1,I,11/18/1996 11:44,11/18/96,1996,0.038,mg P/L,0.004,0.01
62317,E1,I,4/21/1998 11:40,4/21/98,1998,0.038,mg/L,0.004,0.01
286,E1,I,4/23/1996 14:05,4/23/96,1996,0.04,mg P/L,0.004,0.01
66563,E1,I,9/8/1998 12:05,9/8/98,1998,0.041,mg/L,0.004,0.01
287,E1,I,6/12/1996 13:30,6/12/96,1996,0.042,mg P/L,0.004,0.01
318,E1,I,9/11/1996 12:47,9/11/96,1996,0.042,mg P/L,0.004,0.01
72482,E1,I,1/14/1999 11:45,1/14/99,1999,0.042,mg/L,0.004,0.01
272,E1,I,7/5/1995 10:00,7/5/95,1995,0.043,mg P/L,0.004,0.01
9379,E1,I,11/6/1996 11:05,11/6/96,1996,0.044,mg P/L,0.004,0.01
10758,E1,I,11/27/1996 12:12,11/27/96,1996,0.044,mg P/L,0.004,0.01
62243,E1,I,4/10/1998 10:05,4/10/98,1998,0.044,mg/L,0.004,0.01
269,E1,I,3/28/1995 10:50,3/28/95,1995,0.045,mg P/L,0.004,0.01
279,E1,I,10/24/1995 11:25,10/24/95,1995,0.047,mg P/L,0.004,0.01
319,E1,I,9/25/1996 9:20,9/25/96,1996,0.049,mg P/L,0.004,0.01
56150,E1,I,11/5/1997 13:26,11/5/97,1997,0.049,mg P/L,0.004,0.01
264,E1,I,1/3/1995 9:57,1/3/95,1995,0.05,mg P/L,0.004,0.01
70888,E1,I,11/3/1998 10:05,11/3/98,1998,0.05,mg/L,0.004,0.01
252,E1,I,7/19/1994 11:00,7/19/94,1994,0.051,MG P/L,0.004,
275,E1,I,8/30/1995 9:55,8/30/95,1995,0.051,mg P/L,0.004,0.01
276,E1,I,9/13/1995 10:10,9/13/95,1995,0.052,mg P/L,0.004,0.01
71321,E1,I,12/29/1998 11:37,12/29/98,1998,0.052,mg/L,0.004,0.01
58834,E1,I,1/12/1998 15:53,1/12/98,1998,0.055,mg/L,0.004,0.01
83096,E1,I,11/2/1999 9:36,11/2/99,1999,0.056,mg/L,0.004,0.01
66529,E1,I,8/11/1998 9:40,8/11/98,1998,0.057,mg/L,0.004,0.01
263,E1,I,12/20/1994 9:11,12/20/94,1994,0.058,mg P/L,0.004,0.01
277,E1,I,9/27/1995 13:35,9/27/95,1995,0.058,mg P/L,0.004,0.01
11359,E1,I,1/28/1997 13:30,1/28/97,1997,0.058,mg P/L,0.004,0.01
251,E1,I,7/5/1994 10:57,7/5/94,1994,0.059,MG P/L,0.004,
65015,E1,I,11/21/1994 0:00,11/21/94,1994,0.059,mg P/L,0.004,0.01
288,E1,I,6/18/1996 10:55,6/18/96,1996,0.059,mg P/L,0.004,0.01
12310,E1,I,5/22/1997 11:02,5/22/97,1997,0.059,mg P/L,0.004,0.01
12989,E1,I,7/17/1997 9:09,7/17/97,1997,0.059,mg P/L,0.004,0.01
74977,E1,I,7/13/1999 13:24,7/13/99,1999,0.061,mg/L,0.004,0.01
317,E1,I,9/5/1996 9:00,9/5/96,1996,0.066,mg P/L,0.004,0.01
270,E1,I,4/11/1995 10:33,4/11/95,1995,0.068,mg P/L,0.004,0.01
258,E1,I,10/11/1994 10:45,10/11/94,1994,0.071,mg P/L,0.004,0.01
273,E1,I,7/18/1995 15:10,7/18/95,1995,0.071,mg P/L,0.004,0.01
280,E1,I,11/7/1995 13:15,11/7/95,1995,0.071,mg P/L,0.004,0.01
71213,E1,I,11/19/1998 12:30,11/19/98,1998,0.072,mg/L,0.004,0.01
71430,E1,I,1/26/1999 9:30,1/26/99,1999,0.072,mg/L,0.004,0.01
248,E1,I,3/3/1994 9:20,3/3/94,1994,0.073,MG P/L,0.004,
56262,E1,I,12/30/1997 9:33,12/30/97,1997,0.076,mg P/L,0.004,0.01
75489,E1,I,7/1/1999 11:00,7/1/99,1999,0.076,mg/L,0.004,0.01
12285,E1,I,5/21/1997 0:00,5/21/97,1997,0.078,mg P/L,0.004,0.01
11390,E1,I,1/23/1997 13:33,1/23/97,1997,0.082,mg P/L,0.004,0.01
75535,E1,I,8/27/1999 11:07,8/27/99,1999,0.084,mg/L,0.004,0.01
265,E1,I,1/31/1995 11:01,1/31/95,1995,0.086,mg P/L,0.004,0.01
259,E1,I,10/25/1994 10:59,10/25/94,1994,0.087,mg P/L,0.004,0.01
46684,E1,I,10/7/1997 11:17,10/7/97,1997,0.088,mg P/L,0.004,0.01
72587,E1,I,3/11/1999 12:23,3/11/99,1999,0.088,mg/L,0.004,0.01
83238,E1,I,10/5/1999 9:36,10/5/99,1999,0.089,mg/L,0.004,0.01
250,E1,I,6/21/1994 11:20,6/21/94,1994,0.09,MG P/L,0.004,
11483,E1,I,3/19/1997 10:01,3/19/97,1997,0.091,mg P/L,0.004,0.01
285,E1,I,2/27/1996 10:25,2/27/96,1996,0.099,mg P/L,0.004,0.01
71274,E1,I,12/1/1998 9:30,12/1/98,1998,0.11,mg/L,0.004,0.01
278,E1,I,10/10/1995 12:45,10/10/95,1995,0.12,mg P/L,0.004,0.01
292,E1,I,8/22/1996 11:45,8/22/96,1996,0.12,mg P/L,0.004,0.01
70511,E1,I,10/6/1998 10:15,10/6/98,1998,0.12,mg/L,0.004,0.01
66395,E1,I,7/14/1998 13:20,7/14/98,1998,0.14,mg/L,0.004,0.01
75426,E1,I,6/15/1999 9:39,6/15/99,1999,0.17,mg/L,0.02,0.05
271,E1,I,4/26/1995 13:47,4/26/95,1995,0.2,mg P/L,0.004,0.01
66405,E1,I,7/15/1998 13:25,7/15/98,1998,0.2,mg/L,0.02,0.05
64862,E1,I,6/3/1998 10:08,6/3/98,1998,0.43,mg/L,0.04,0.1
83094,E2,I,11/2/1999 9:59,11/2/99,1999,0.004,mg/L,0.004,0.01
348,E2,I,8/30/1995 10:15,8/30/95,1995,0.016,mg P/L,0.004,0.01
59579,E2,I,3/24/1998 9:52,3/24/98,1998,0.017,mg/L,0.004,0.01
13099,E2,I,8/11/1997 11:38,8/11/97,1997,0.018,mg P/L,0.004,0.01
20599,E2,I,9/17/1997 13:11,9/17/97,1997,0.018,mg P/L,0.004,0.01
61676,E2,I,3/11/1998 15:49,3/11/98,1998,0.018,mg/L,0.004,0.01
354,E2,I,11/21/1995 13:50,11/21/95,1995,0.019,mg P/L,0.004,0.01
363,E2,I,7/10/1996 14:15,7/10/96,1996,0.019,mg P/L,0.004,0.01
59560,E2,I,2/24/1998 11:33,2/24/98,1998,0.02,mg/L,0.004,0.01
352,E2,I,10/24/1995 11:37,10/24/95,1995,0.021,mg P/L,0.004,0.01
13025,E2,I,7/23/1997 12:07,7/23/97,1997,0.022,mg P/L,0.004,0.01
342,E2,I,3/28/1995 10:40,3/28/95,1995,0.024,mg P/L,0.004,0.01
58903,E2,I,1/27/1998 13:31,1/27/98,1998,0.024,mg/L,0.004,0.01
349,E2,I,9/13/1995 10:21,9/13/95,1995,0.025,mg P/L,0.004,0.01
56261,E2,I,12/30/1997 9:23,12/30/97,1997,0.025,mg P/L,0.004,0.01
46683,E2,I,10/7/1997 11:27,10/7/97,1997,0.026,mg P/L,0.004,0.01
62316,E2,I,4/21/1998 11:30,4/21/98,1998,0.026,mg/L,0.004,0.01
12990,E2,I,7/17/1997 9:24,7/17/97,1997,0.028,mg P/L,0.004,0.01
83533,E2,I,12/28/1999 12:10,12/28/99,1999,0.028,mg/L,0.004,0.01
356,E2,I,12/19/1995 13:15,12/19/95,1995,0.029,mg P/L,0.004,0.01
369,E2,I,9/11/1996 12:32,9/11/96,1996,0.029,mg P/L,0.004,0.01
56151,E2,I,11/5/1997 13:34,11/5/97,1997,0.029,mg P/L,0.004,0.01
355,E2,I,12/5/1995 14:00,12/5/95,1995,0.03,mg P/L,0.004,0.01
83094,E2,I,11/2/1999 9:59,11/2/99,1999,0.03,mg/L,0.004,0.01
325,E2,I,7/19/1994 10:47,7/19/94,1994,0.031,MG P/L,0.004,
338,E2,I,1/31/1995 10:49,1/31/95,1995,0.031,mg P/L,0.004,0.01
66562,E2,I,9/8/1998 12:30,9/8/98,1998,0.031,mg/L,0.004,0.01
346,E2,I,7/18/1995 15:00,7/18/95,1995,0.032,mg P/L,0.004,0.01
362,E2,I,6/18/1996 11:10,6/18/96,1996,0.032,mg P/L,0.004,0.01
365,E2,I,7/16/1996 11:40,7/16/96,1996,0.032,mg P/L,0.004,0.01
8818,E2,I,10/10/1996 15:05,10/10/96,1996,0.032,mg P/L,0.004,0.01
345,E2,I,7/5/1995 10:15,7/5/95,1995,0.033,mg P/L,0.004,0.01
347,E2,I,8/15/1995 13:55,8/15/95,1995,0.033,mg P/L,0.004,0.01
360,E2,I,6/12/1996 13:20,6/12/96,1996,0.033,mg P/L,0.004,0.01
9614,E2,I,11/18/1996 11:44,11/18/96,1996,0.033,mg P/L,0.004,0.01
323,E2,I,6/21/1994 11:07,6/21/94,1994,0.034,MG P/L,0.004,
350,E2,I,9/27/1995 13:25,9/27/95,1995,0.034,mg P/L,0.004,0.01
12515,E2,I,6/19/1997 12:30,6/19/97,1997,0.034,mg P/L,0.004,0.01
62244,E2,I,4/10/1998 13:43,4/10/98,1998,0.035,mg/L,0.004,0.01
65016,E2,I,11/21/1994 0:00,11/21/94,1994,0.036,mg P/L,0.004,0.01
56241,E2,I,12/2/1997 12:10,12/2/97,1997,0.036,mg P/L,0.004,0.01
358,E2,I,4/23/1996 14:25,4/23/96,1996,0.037,mg P/L,0.004,0.01
9378,E2,I,11/6/1996 11:15,11/6/96,1996,0.037,mg P/L,0.004,0.01
56116,E2,I,11/4/1997 10:00,11/4/97,1997,0.037,mg P/L,0.004,0.01
367,E2,I,8/22/1996 12:00,8/22/96,1996,0.038,mg P/L,0.004,0.01
58835,E2,I,1/12/1998 15:18,1/12/98,1998,0.038,mg/L,0.004,0.01
368,E2,I,9/5/1996 8:48,9/5/96,1996,0.039,mg P/L,0.004,0.01
10912,E2,I,12/3/1996 11:08,12/3/96,1996,0.04,mg P/L,0.004,0.01
353,E2,I,11/7/1995 13:05,11/7/95,1995,0.041,mg P/L,0.004,0.01
337,E2,I,1/3/1995 9:50,1/3/95,1995,0.044,mg P/L,0.004,0.01
20582,E2,I,9/11/1997 12:39,9/11/97,1997,0.044,mg P/L,0.004,0.01
66394,E2,I,7/14/1998 13:10,7/14/98,1998,0.044,mg/L,0.004,0.01
83412,E2,I,11/30/1999 9:35,11/30/99,1999,0.044,mg/L,0.004,0.01
74976,E2,I,7/13/1999 13:09,7/13/99,1999,0.047,mg/L,0.004,0.01
331,E2,I,10/11/1994 10:35,10/11/94,1994,0.05,mg P/L,0.004,0.01
71320,E2,I,12/29/1998 11:24,12/29/98,1998,0.05,mg/L,0.004,0.01
320,E2,I,3/3/1994 9:00,3/3/94,1994,0.051,MG P/L,0.004,
357,E2,I,2/27/1996 10:50,2/27/96,1996,0.053,mg P/L,0.004,0.01
343,E2,I,4/11/1995 10:25,4/11/95,1995,0.054,mg P/L,0.004,0.01
75537,E2,I,8/27/1999 10:55,8/27/99,1999,0.057,mg/L,0.004,0.01
324,E2,I,7/5/1994 10:47,7/5/94,1994,0.059,MG P/L,0.004,
72588,E2,I,3/11/1999 12:32,3/11/99,1999,0.059,mg/L,0.004,0.01
336,E2,I,12/20/1994 9:15,12/20/94,1994,0.063,mg P/L,0.004,0.01
10759,E2,I,11/27/1996 12:23,11/27/96,1996,0.063,mg P/L,0.004,0.01
75490,E2,I,7/1/1999 15:00,7/1/99,1999,0.064,mg/L,0.004,0.01
70510,E2,I,10/6/1998 9:55,10/6/98,1998,0.07,mg/L,0.004,0.01
71273,E2,I,12/1/1998 9:37,12/1/98,1998,0.072,mg/L,0.004,0.01
71214,E2,I,11/19/1998 12:15,11/19/98,1998,0.073,mg/L,0.004,0.01
83237,E2,I,10/5/1999 9:52,10/5/99,1999,0.079,mg/L,0.004,0.01
344,E2,I,4/26/1995 13:29,4/26/95,1995,0.084,mg P/L,0.004,0.01
72484,E2,I,1/14/1999 11:38,1/14/99,1999,0.091,mg/L,0.004,0.01
351,E2,I,10/10/1995 12:35,10/10/95,1995,0.096,mg P/L,0.004,0.01
332,E2,I,10/25/1994 10:52,10/25/94,1994,0.15,mg P/L,0.004,0.01
67921,E2,I,9/8/1998 13:40,9/8/98,1998,0.16,mg/L,0.004,0.01
75425,E2,I,6/15/1999 9:47,6/15/99,1999,0.21,mg/L,0.02,0.05
11389,E2,I,1/23/1997 13:50,1/23/97,1997,0.22,mg P/L,0.012,0.03
12286,E2,I,5/21/1997 0:00,5/21/97,1997,0.25,mg P/L,0.008,0.02
370,E2,I,9/25/1996 10:20,9/25/96,1996,0.32,mg P/L,0.02,0.05
66407,E2,I,7/15/1998 13:30,7/15/98,1998,0.42,mg/L,0.02,0.05
64863,E2,I,6/3/1998 10:30,6/3/98,1998,2.2,mg/L,0.4,1
83093,E3,I,11/2/1999 10:15,11/2/99,1999,0.006,mg/L,0.004,0.01
410,E3,I,11/21/1995 13:30,11/21/95,1995,0.012,mg P/L,0.004,0.01
13098,E3,I,8/11/1997 11:51,8/11/97,1997,0.014,mg P/L,0.004,0.01
56114,E3,I,11/4/1997 9:43,11/4/97,1997,0.015,mg P/L,0.004,0.01
56240,E3,I,12/2/1997 12:01,12/2/97,1997,0.015,mg P/L,0.004,0.01
59578,E3,I,3/24/1998 10:04,3/24/98,1998,0.015,mg/L,0.004,0.01
408,E3,I,10/24/1995 11:13,10/24/95,1995,0.016,mg P/L,0.004,0.01
56260,E3,I,12/30/1997 9:11,12/30/97,1997,0.016,mg P/L,0.004,0.01
58902,E3,I,1/27/1998 13:43,1/27/98,1998,0.016,mg/L,0.004,0.01
59559,E3,I,2/24/1998 11:20,2/24/98,1998,0.016,mg/L,0.004,0.01
61677,E3,I,3/11/1998 15:40,3/11/98,1998,0.016,mg/L,0.004,0.01
13023,E3,I,7/23/1997 12:18,7/23/97,1997,0.017,mg P/L,0.004,0.01
404,E3,I,8/30/1995 10:25,8/30/95,1995,0.018,mg P/L,0.004,0.01
416,E3,I,7/10/1996 13:10,7/10/96,1996,0.019,mg P/L,0.004,0.01
381,E3,I,7/19/1994 10:29,7/19/94,1994,0.02,MG P/L,0.004,
12991,E3,I,7/17/1997 9:37,7/17/97,1997,0.02,mg P/L,0.004,0.01
20598,E3,I,9/17/1997 12:55,9/17/97,1997,0.02,mg P/L,0.004,0.01
46682,E3,I,10/7/1997 11:37,10/7/97,1997,0.02,mg P/L,0.004,0.01
401,E3,I,7/5/1995 10:40,7/5/95,1995,0.021,mg P/L,0.004,0.01
418,E3,I,8/22/1996 12:20,8/22/96,1996,0.021,mg P/L,0.004,0.01
62315,E3,I,4/21/1998 11:18,4/21/98,1998,0.021,mg/L,0.004,0.01
403,E3,I,8/15/1995 13:45,8/15/95,1995,0.022,mg P/L,0.004,0.01
20584,E3,I,9/11/1997 12:20,9/11/97,1997,0.022,mg P/L,0.004,0.01
66561,E3,I,9/8/1998 12:40,9/8/98,1998,0.022,mg/L,0.004,0.01
56152,E3,I,11/5/1997 13:45,11/5/97,1997,0.023,mg P/L,0.004,0.01
394,E3,I,1/31/1995 10:40,1/31/95,1995,0.024,mg P/L,0.004,0.01
411,E3,I,12/5/1995 13:45,12/5/95,1995,0.024,mg P/L,0.004,0.01
417,E3,I,7/16/1996 11:25,7/16/96,1996,0.024,mg P/L,0.004,0.01
12514,E3,I,6/19/1997 12:17,6/19/97,1997,0.024,mg P/L,0.004,0.01
58836,E3,I,1/12/1998 14:17,1/12/98,1998,0.024,mg/L,0.004,0.01
66393,E3,I,7/14/1998 13:00,7/14/98,1998,0.024,mg/L,0.004,0.01
398,E3,I,3/28/1995 10:30,3/28/95,1995,0.025,mg P/L,0.004,0.01
445,E3,I,9/11/1996 12:20,9/11/96,1996,0.025,mg P/L,0.004,0.01
70887,E3,I,11/3/1998 10:23,11/3/98,1998,0.025,mg/L,0.004,0.01
444,E3,I,9/5/1996 8:36,9/5/96,1996,0.026,mg P/L,0.004,0.01
9615,E3,I,11/18/1996 12:10,11/18/96,1996,0.026,mg P/L,0.004,0.01
402,E3,I,7/18/1995 14:55,7/18/95,1995,0.027,mg P/L,0.004,0.01
74975,E3,I,7/13/1999 12:40,7/13/99,1999,0.027,mg/L,0.004,0.01
415,E3,I,6/18/1996 11:25,6/18/96,1996,0.028,mg P/L,0.004,0.01
9376,E3,I,11/6/1996 11:25,11/6/96,1996,0.028,mg P/L,0.004,0.01
409,E3,I,11/7/1995 12:50,11/7/95,1995,0.029,mg P/L,0.004,0.01
71318,E3,I,12/29/1998 11:07,12/29/98,1998,0.03,mg/L,0.004,0.01
377,E3,I,7/5/1994 10:37,7/5/94,1994,0.031,MG P/L,0.004,
412,E3,I,12/19/1995 13:00,12/19/95,1995,0.031,mg P/L,0.004,0.01
446,E3,I,9/25/1996 9:40,9/25/96,1996,0.031,mg P/L,0.004,0.01
406,E3,I,9/27/1995 13:15,9/27/95,1995,0.032,mg P/L,0.004,0.01
414,E3,I,6/12/1996 13:10,6/12/96,1996,0.032,mg P/L,0.004,0.01
65017,E3,I,11/21/1994 0:00,11/21/94,1994,0.034,mg P/L,0.004,0.01
387,E3,I,10/11/1994 10:25,10/11/94,1994,0.036,mg P/L,0.004,0.01
376,E3,I,6/21/1994 10:57,6/21/94,1994,0.037,MG P/L,0.004,
10760,E3,I,11/27/1996 12:32,11/27/96,1996,0.038,mg P/L,0.004,0.01
70509,E3,I,10/6/1998 9:47,10/6/98,1998,0.039,mg/L,0.004,0.01
405,E3,I,9/13/1995 10:30,9/13/95,1995,0.04,mg P/L,0.004,0.01
12287,E3,I,5/21/1997 0:00,5/21/97,1997,0.04,mg P/L,0.004,0.01
83411,E3,I,11/30/1999 9:50,11/30/99,1999,0.043,mg/L,0.004,0.01
392,E3,I,12/20/1994 9:25,12/20/94,1994,0.044,mg P/L,0.004,0.01
413,E3,I,4/23/1996 14:40,4/23/96,1996,0.045,mg P/L,0.004,0.01
62245,E3,I,4/10/1998 13:52,4/10/98,1998,0.046,mg/L,0.004,0.01
71271,E3,I,12/1/1998 9:49,12/1/98,1998,0.046,mg/L,0.004,0.01
371,E3,I,3/3/1994 8:44,3/3/94,1994,0.047,MG P/L,0.004,
407,E3,I,10/10/1995 12:25,10/10/95,1995,0.047,mg P/L,0.004,0.01
67922,E3,I,9/8/1998 13:35,9/8/98,1998,0.049,mg/L,0.004,0.01
11391,E3,I,1/23/1997 12:25,1/23/97,1997,0.051,mg P/L,0.004,0.01
388,E3,I,10/25/1994 10:43,10/25/94,1994,0.052,mg P/L,0.004,0.01
400,E3,I,4/26/1995 12:18,4/26/95,1995,0.052,mg P/L,0.004,0.01
373,E3,I,4/12/1994 10:10,4/12/94,1994,0.055,MG P/L,0.004,
83236,E3,I,10/5/1999 10:04,10/5/99,1999,0.058,mg/L,0.004,0.01
72485,E3,I,1/14/1999 11:31,1/14/99,1999,0.062,mg/L,0.004,0.01
393,E3,I,1/3/1995 9:45,1/3/95,1995,0.063,mg P/L,0.004,0.01
8817,E3,I,10/10/1996 14:45,10/10/96,1996,0.063,mg P/L,0.004,0.01
75538,E3,I,8/27/1999 10:47,8/27/99,1999,0.064,mg/L,0.004,0.01
75491,E3,I,7/1/1999 11:45,7/1/99,1999,0.066,mg/L,0.004,0.01
71215,E3,I,11/19/1998 12:00,11/19/98,1998,0.067,mg/L,0.004,0.01
66406,E3,I,7/15/1998 13:35,7/15/98,1998,0.14,mg/L,0.004,0.01
75424,E3,I,6/15/1999 10:00,6/15/99,1999,0.29,mg/L,0.02,0.05
64865,E3,I,6/3/1998 10:35,6/3/98,1998,1.7,mg/L,0.4,1
83092,E4,I,11/2/1999 10:23,11/2/99,1999,0.004,mg/L,0.004,0.01
501,E4,I,8/30/1995 10:35,8/30/95,1995,0.005,mg P/L,0.004,0.01
502,E4,I,9/13/1995 10:40,9/13/95,1995,0.007,mg P/L,0.004,0.01
507,E4,I,11/21/1995 13:15,11/21/95,1995,0.007,mg P/L,0.004,0.01
506,E4,I,11/7/1995 12:35,11/7/95,1995,0.008,mg P/L,0.004,0.01
473,E4,I,7/5/1994 10:24,7/5/94,1994,0.009,MG P/L,0.004,
472,E4,I,6/21/1994 10:45,6/21/94,1994,0.01,MG P/L,0.004,
498,E4,I,7/5/1995 11:00,7/5/95,1995,0.01,mg P/L,0.004,0.01
515,E4,I,7/8/1996 13:37,7/8/96,1996,0.01,mg P/L,0.004,0.01
58901,E4,I,1/27/1998 13:56,1/27/98,1998,0.01,mg/L,0.004,0.01
71429,E4,I,1/26/1999 10:00,1/26/99,1999,0.01,mg/L,0.004,0.01
517,E4,I,7/16/1996 11:10,7/16/96,1996,0.011,mg P/L,0.004,0.01
12994,E4,I,7/17/1997 10:17,7/17/97,1997,0.011,mg P/L,0.004,0.01
13097,E4,I,8/11/1997 11:59,8/11/97,1997,0.011,mg P/L,0.004,0.01
20597,E4,I,9/17/1997 12:39,9/17/97,1997,0.011,mg P/L,0.004,0.01
56156,E4,I,11/5/1997 14:24,11/5/97,1997,0.011,mg P/L,0.004,0.01
56239,E4,I,12/2/1997 11:49,12/2/97,1997,0.011,mg P/L,0.004,0.01
61679,E4,I,3/11/1998 15:25,3/11/98,1998,0.011,mg/L,0.004,0.01
59577,E4,I,3/24/1998 10:15,3/24/98,1998,0.011,mg/L,0.004,0.01
74974,E4,I,7/13/1999 12:26,7/13/99,1999,0.011,mg/L,0.004,0.01
83531,E4,I,12/28/1999 11:54,12/28/99,1999,0.011,mg/L,0.004,0.01
457,E4,I,3/3/1994 8:30,3/3/94,1994,0.012,MG P/L,0.004,
500,E4,I,8/15/1995 13:35,8/15/95,1995,0.012,mg P/L,0.004,0.01
505,E4,I,10/24/1995 11:06,10/24/95,1995,0.012,mg P/L,0.004,0.01
9375,E4,I,11/6/1996 11:35,11/6/96,1996,0.012,mg P/L,0.004,0.01
9618,E4,I,11/18/1996 12:36,11/18/96,1996,0.012,mg P/L,0.004,0.01
13022,E4,I,7/23/1997 12:32,7/23/97,1997,0.012,mg P/L,0.004,0.01
66392,E4,I,7/14/1998 12:50,7/14/98,1998,0.012,mg/L,0.004,0.01
71216,E4,I,11/19/1998 11:51,11/19/98,1998,0.012,mg/L,0.004,0.01
487,E4,I,1/31/1995 10:30,1/31/95,1995,0.013,mg P/L,0.004,0.01
491,E4,I,3/28/1995 10:20,3/28/95,1995,0.013,mg P/L,0.004,0.01
499,E4,I,7/18/1995 14:45,7/18/95,1995,0.013,mg P/L,0.004,0.01
511,E4,I,4/23/1996 15:00,4/23/96,1996,0.013,mg P/L,0.004,0.01
512,E4,I,5/23/1996 9:20,5/23/96,1996,0.013,mg P/L,0.004,0.01
8815,E4,I,10/10/1996 14:25,10/10/96,1996,0.013,mg P/L,0.004,0.01
10910,E4,I,12/3/1996 0:00,12/3/96,1996,0.013,mg P/L,0.004,0.01
12513,E4,I,6/19/1997 12:05,6/19/97,1997,0.013,mg P/L,0.004,0.01
58837,E4,I,1/12/1998 13:53,1/12/98,1998,0.013,mg/L,0.004,0.01
59558,E4,I,2/24/1998 11:08,2/24/98,1998,0.013,mg/L,0.004,0.01
67923,E4,I,9/8/1998 13:13,9/8/98,1998,0.013,mg/L,0.004,0.01
71270,E4,I,12/1/1998 10:02,12/1/98,1998,0.013,mg/L,0.004,0.01
83410,E4,I,11/30/1999 10:09,11/30/99,1999,0.013,mg/L,0.004,0.01
65018,E4,I,11/21/1994 0:00,11/21/94,1994,0.014,mg P/L,0.004,0.01
485,E4,I,12/20/1994 9:28,12/20/94,1994,0.014,mg P/L,0.004,0.01
492,E4,I,4/11/1995 10:08,4/11/95,1995,0.014,mg P/L,0.004,0.01
503,E4,I,9/27/1995 13:00,9/27/95,1995,0.014,mg P/L,0.004,0.01
514,E4,I,6/18/1996 11:40,6/18/96,1996,0.014,mg P/L,0.004,0.01
20585,E4,I,9/11/1997 12:05,9/11/97,1997,0.014,mg P/L,0.004,0.01
56113,E4,I,11/4/1997 9:30,11/4/97,1997,0.014,mg P/L,0.004,0.01
66528,E4,I,8/11/1998 10:10,8/11/98,1998,0.014,mg/L,0.004,0.01
70507,E4,I,10/6/1998 9:32,10/6/98,1998,0.014,mg/L,0.004,0.01
70886,E4,I,11/3/1998 10:39,11/3/98,1998,0.014,mg/L,0.004,0.01
474,E4,I,7/19/1994 10:10,7/19/94,1994,0.015,MG P/L,0.004,
481,E4,I,10/25/1994 10:36,10/25/94,1994,0.015,mg P/L,0.004,0.01
510,E4,I,2/27/1996 12:45,2/27/96,1996,0.015,mg P/L,0.004,0.01
518,E4,I,8/22/1996 12:35,8/22/96,1996,0.015,mg P/L,0.004,0.01
544,E4,I,9/11/1996 12:10,9/11/96,1996,0.015,mg P/L,0.004,0.01
62246,E4,I,4/10/1998 13:27,4/10/98,1998,0.015,mg/L,0.004,0.01
62314,E4,I,4/21/1998 11:04,4/21/98,1998,0.015,mg/L,0.004,0.01
83235,E4,I,10/5/1999 10:12,10/5/99,1999,0.015,mg/L,0.004,0.01
508,E4,I,12/5/1995 13:30,12/5/95,1995,0.016,mg P/L,0.004,0.01
46681,E4,I,10/7/1997 11:42,10/7/97,1997,0.016,mg P/L,0.004,0.01
75492,E4,I,7/1/1999 12:00,7/1/99,1999,0.016,mg/L,0.004,0.01
486,E4,I,1/3/1995 9:39,1/3/95,1995,0.017,mg P/L,0.004,0.01
494,E4,I,5/10/1995 14:10,5/10/95,1995,0.017,mg P/L,0.004,0.01
10761,E4,I,11/27/1996 12:57,11/27/96,1996,0.017,mg P/L,0.004,0.01
480,E4,I,10/11/1994 10:14,10/11/94,1994,0.018,mg P/L,0.004,0.01
543,E4,I,9/5/1996 8:21,9/5/96,1996,0.018,mg P/L,0.004,0.01
11395,E4,I,1/23/1997 12:15,1/23/97,1997,0.018,mg P/L,0.004,0.01
495,E4,I,5/24/1995 14:48,5/24/95,1995,0.019,mg P/L,0.004,0.01
509,E4,I,12/19/1995 12:45,12/19/95,1995,0.019,mg P/L,0.004,0.01
66409,E4,I,7/15/1998 11:46,7/15/98,1998,0.019,mg/L,0.004,0.01
496,E4,I,6/7/1995 13:42,6/7/95,1995,0.02,mg P/L,0.004,0.01
75539,E4,I,8/27/1999 10:39,8/27/99,1999,0.02,mg/L,0.004,0.01
64585,E4,I,5/21/1998 9:35,5/21/98,1998,0.021,mg/L,0.004,0.01
504,E4,I,10/10/1995 12:15,10/10/95,1995,0.022,mg P/L,0.004,0.01
72486,E4,I,1/14/1999 11:25,1/14/99,1999,0.023,mg/L,0.004,0.01
493,E4,I,4/26/1995 12:02,4/26/95,1995,0.024,mg P/L,0.004,0.01
513,E4,I,6/12/1996 13:00,6/12/96,1996,0.024,mg P/L,0.004,0.01
75422,E4,I,6/15/1999 10:10,6/15/99,1999,0.025,mg/L,0.02,0.05
545,E4,I,9/25/1996 10:30,9/25/96,1996,0.026,mg P/L,0.004,0.01
12290,E4,I,5/21/1997 0:00,5/21/97,1997,0.037,mg P/L,0.004,0.01
64866,E4,I,6/3/1998 11:06,6/3/98,1998,0.062,mg/L,0.004,0.01
462,E4,I,4/12/1994 10:00,4/12/94,1994,0.078,MG P/L,0.004,
465,E4,I,4/26/1994 11:12,4/26/94,1994,0.105,MG P/L,0.004,
610,E5,R,10/10/1995 9:45,10/10/95,1995,0.004,mg P/L,0.004,0.01
612,E5,R,11/7/1995 10:15,11/7/95,1995,0.004,mg P/L,0.004,0.01
613,E5,R,11/21/1995 10:45,11/21/95,1995,0.004,mg P/L,0.004,0.01
618,E5,R,5/23/1996 8:50,5/23/96,1996,0.004,mg P/L,0.004,0.01
583,E5,R,10/11/1994 10:02,10/11/94,1994,0.005,mg P/L,0.004,0.01
605,E5,R,7/18/1995 12:20,7/18/95,1995,0.005,mg P/L,0.004,0.01
609,E5,R,9/27/1995 10:05,9/27/95,1995,0.005,mg P/L,0.004,0.01
615,E5,R,12/19/1995 9:30,12/19/95,1995,0.005,mg P/L,0.004,0.01
8809,E5,R,10/10/1996 10:50,10/10/96,1996,0.005,mg P/L,0.004,0.01
20596,E5,R,9/17/1997 12:25,9/17/97,1997,0.005,mg P/L,0.004,0.01
66385,E5,R,7/14/1998 11:20,7/14/98,1998,0.005,mg/L,0.004,0.01
83086,E5,R,11/2/1999 10:37,11/2/99,1999,0.005,mg/L,0.004,0.01
83524,E5,R,12/28/1999 11:35,12/28/99,1999,0.005,mg/L,0.004,0.01
573,E5,R,7/5/1994 10:07,7/5/94,1994,0.006,MG P/L,0.004,
574,E5,R,7/19/1994 10:00,7/19/94,1994,0.006,MG P/L,0.004,
606,E5,R,8/15/1995 10:35,8/15/95,1995,0.006,mg P/L,0.004,0.01
607,E5,R,8/30/1995 12:15,8/30/95,1995,0.006,mg P/L,0.004,0.01
611,E5,R,10/24/1995 9:25,10/24/95,1995,0.006,mg P/L,0.004,0.01
616,E5,R,1/4/1996 10:05,1/4/96,1996,0.006,mg P/L,0.004,0.01
624,E5,R,7/16/1996 11:00,7/16/96,1996,0.006,mg P/L,0.004,0.01
12999,E5,R,7/17/1997 11:02,7/17/97,1997,0.006,mg P/L,0.004,0.01
13091,E5,R,8/11/1997 10:24,8/11/97,1997,0.006,mg P/L,0.004,0.01
58893,E5,R,1/27/1998 9:10,1/27/98,1998,0.006,mg/L,0.004,0.01
59552,E5,R,2/24/1998 10:55,2/24/98,1998,0.006,mg/L,0.004,0.01
62307,E5,R,4/21/1998 10:52,4/21/98,1998,0.006,mg/L,0.004,0.01
64580,E5,R,5/19/1998 10:15,5/19/98,1998,0.006,mg/L,0.004,0.01
71218,E5,R,11/19/1998 11:40,11/19/98,1998,0.006,mg/L,0.004,0.01
71310,E5,R,12/29/1998 10:35,12/29/98,1998,0.006,mg/L,0.004,0.01
592,E5,R,1/3/1995 9:34,1/3/95,1995,0.007,mg P/L,0.004,0.01
597,E5,R,3/28/1995 10:11,3/28/95,1995,0.007,mg P/L,0.004,0.01
598,E5,R,4/11/1995 10:00,4/11/95,1995,0.007,mg P/L,0.004,0.01
604,E5,R,7/5/1995 11:15,7/5/95,1995,0.007,mg P/L,0.004,0.01
622,E5,R,7/8/1996 11:35,7/8/96,1996,0.007,mg P/L,0.004,0.01
625,E5,R,8/19/1996 13:00,8/19/96,1996,0.007,mg P/L,0.004,0.01
651,E5,R,9/11/1996 12:00,9/11/96,1996,0.007,mg P/L,0.004,0.01
10762,E5,R,11/27/1996 14:15,11/27/96,1996,0.007,mg P/L,0.004,0.01
13016,E5,R,7/23/1997 10:28,7/23/97,1997,0.007,mg P/L,0.004,0.01
20586,E5,R,9/11/1997 11:47,9/11/97,1997,0.007,mg P/L,0.004,0.01
46674,E5,R,10/7/1997 10:08,10/7/97,1997,0.007,mg P/L,0.004,0.01
56106,E5,R,11/4/1997 12:27,11/4/97,1997,0.007,mg P/L,0.004,0.01
61680,E5,R,3/11/1998 15:14,3/11/98,1998,0.007,mg/L,0.004,0.01
66523,E5,R,8/11/1998 10:15,8/11/98,1998,0.007,mg/L,0.004,0.01
66554,E5,R,9/8/1998 10:20,9/8/98,1998,0.007,mg/L,0.004,0.01
71264,E5,R,12/1/1998 10:14,12/1/98,1998,0.007,mg/L,0.004,0.01
74967,E5,R,7/13/1999 12:10,7/13/99,1999,0.007,mg/L,0.004,0.01
83229,E5,R,10/5/1999 12:22,10/5/99,1999,0.007,mg/L,0.004,0.01
593,E5,R,1/31/1995 10:15,1/31/95,1995,0.008,mg P/L,0.004,0.01
599,E5,R,4/26/1995 11:42,4/26/95,1995,0.008,mg P/L,0.004,0.01
600,E5,R,5/10/1995 13:57,5/10/95,1995,0.008,mg P/L,0.004,0.01
608,E5,R,9/13/1995 9:15,9/13/95,1995,0.008,mg P/L,0.004,0.01
621,E5,R,6/18/1996 9:00,6/18/96,1996,0.008,mg P/L,0.004,0.01
9621,E5,R,11/18/1996 13:13,11/18/96,1996,0.008,mg P/L,0.004,0.01
12506,E5,R,6/19/1997 11:54,6/19/97,1997,0.008,mg P/L,0.004,0.01
58839,E5,R,1/12/1998 12:52,1/12/98,1998,0.008,mg/L,0.004,0.01
70518,E5,R,10/7/1998 10:25,10/7/98,1998,0.008,mg/L,0.004,0.01
71423,E5,R,1/26/1999 10:10,1/26/99,1999,0.008,mg/L,0.004,0.01
75493,E5,R,7/1/1999 12:30,7/1/99,1999,0.008,mg/L,0.004,0.01
83086,E5,R,11/2/1999 10:37,11/2/99,1999,0.008,mg/L,0.004,0.01
59570,E5,R,3/24/1998 10:29,3/24/98,1998,0.009,mg/L,0.004,0.01
72487,E5,R,1/14/1999 11:17,1/14/99,1999,0.009,mg/L,0.004,0.01
569,E5,R,6/21/1994 10:30,6/21/94,1994,0.01,MG P/L,0.004,
586,E5,R,10/25/1994 10:25,10/25/94,1994,0.01,mg P/L,0.004,0.01
65019,E5,R,11/21/1994 0:00,11/21/94,1994,0.01,mg P/L,0.004,0.01
591,E5,R,12/20/1994 9:35,12/20/94,1994,0.01,mg P/L,0.004,0.01
602,E5,R,6/7/1995 11:17,6/7/95,1995,0.01,mg P/L,0.004,0.01
617,E5,R,4/23/1996 10:25,4/23/96,1996,0.01,mg P/L,0.004,0.01
9369,E5,R,11/6/1996 9:20,11/6/96,1996,0.01,mg P/L,0.004,0.01
56159,E5,R,11/5/1997 15:00,11/5/97,1997,0.01,mg P/L,0.004,0.01
66410,E5,R,7/15/1998 13:42,7/15/98,1998,0.01,mg/L,0.004,0.01
70880,E5,R,11/3/1998 10:50,11/3/98,1998,0.01,mg/L,0.004,0.01
75540,E5,R,8/27/1999 10:28,8/27/99,1999,0.01,mg/L,0.004,0.01
650,E5,R,9/5/1996 8:06,9/5/96,1996,0.011,mg P/L,0.004,0.01
12295,E5,R,5/21/1997 0:00,5/21/97,1997,0.011,mg P/L,0.004,0.01
62247,E5,R,4/10/1998 13:11,4/10/98,1998,0.011,mg/L,0.004,0.01
67924,E5,R,9/8/1998 12:55,9/8/98,1998,0.011,mg/L,0.004,0.01
601,E5,R,5/24/1995 10:05,5/24/95,1995,0.012,mg P/L,0.004,0.01
614,E5,R,12/5/1995 10:30,12/5/95,1995,0.012,mg P/L,0.004,0.01
56233,E5,R,12/2/1997 11:38,12/2/97,1997,0.012,mg P/L,0.004,0.01
83404,E5,R,11/30/1999 10:12,11/30/99,1999,0.016,mg/L,0.004,0.01
562,E5,R,3/3/1994 8:02,3/3/94,1994,0.02,MG P/L,0.004,
75416,E5,R,6/15/1999 11:30,6/15/99,1999,0.02,mg/L,0.02,0.05
10904,E5,R,12/3/1996 9:05,12/3/96,1996,0.023,mg P/L,0.004,0.01
11399,E5,R,1/23/1997 12:05,1/23/97,1997,0.031,mg P/L,0.004,0.01
64867,E5,R,6/3/1998 11:14,6/3/98,1998,0.032,mg/L,0.004,0.01
83091,F0,C,11/2/1999 12:25,11/2/99,1999,0.004,mg/L,0.004,0.01
58900,F0,C,1/27/1998 12:59,1/27/98,1998,0.038,mg/L,0.004,0.01
657,F0,C,4/13/1994 11:13,4/13/94,1994,0.047,MG P/L,0.004,
723,F0,C,7/16/1996 12:10,7/16/96,1996,0.047,mg P/L,0.004,0.01
656,F0,C,3/29/1994 11:50,3/29/94,1994,0.048,MG P/L,0.004,
724,F0,C,8/19/1996 14:45,8/19/96,1996,0.051,mg P/L,0.004,0.01
64584,F0,C,5/21/1998 8:52,5/21/98,1998,0.051,mg/L,0.004,0.01
692,F0,C,1/3/1995 11:24,1/3/95,1995,0.055,mg P/L,0.004,0.01
8814,F0,C,10/10/1996 13:40,10/10/96,1996,0.056,mg P/L,0.004,0.01
62312,F0,C,4/21/1998 8:57,4/21/98,1998,0.059,mg/L,0.004,0.01
71428,F0,C,1/26/1999 12:30,1/26/99,1999,0.06,mg/L,0.004,0.01
74973,F0,C,7/13/1999 9:00,7/13/99,1999,0.06,mg/L,0.004,0.01
66391,F0,C,7/14/1998 9:00,7/14/98,1998,0.061,mg/L,0.004,0.01
12309,F0,C,5/22/1997 12:34,5/22/97,1997,0.065,mg P/L,0.004,0.01
711,F0,C,11/7/1995 11:40,11/7/95,1995,0.067,mg P/L,0.004,0.01
718,F0,C,2/27/1996 10:00,2/27/96,1996,0.067,mg P/L,0.004,0.01
59557,F0,C,2/24/1998 12:58,2/24/98,1998,0.071,mg/L,0.004,0.01
66559,F0,C,9/8/1998 11:44,9/8/98,1998,0.071,mg/L,0.004,0.01
658,F0,C,4/27/1994 11:18,4/27/94,1994,0.073,MG P/L,0.004,
705,F0,C,8/15/1995 12:00,8/15/95,1995,0.073,mg P/L,0.004,0.01
12512,F0,C,6/19/1997 9:50,6/19/97,1997,0.075,mg P/L,0.004,0.01
719,F0,C,3/26/1996 9:20,3/26/96,1996,0.076,mg P/L,0.004,0.01
83530,F0,C,12/28/1999 9:19,12/28/99,1999,0.08,mg/L,0.004,0.01
714,F0,C,12/19/1995 11:10,12/19/95,1995,0.081,mg P/L,0.004,0.01
46680,F0,C,10/7/1997 11:03,10/7/97,1997,0.081,mg P/L,0.004,0.01
13021,F0,C,7/23/1997 11:27,7/23/97,1997,0.084,mg P/L,0.004,0.01
712,F0,C,11/21/1995 14:25,11/21/95,1995,0.085,mg P/L,0.004,0.01
722,F0,C,6/18/1996 10:30,6/18/96,1996,0.085,mg P/L,0.004,0.01
715,F0,C,1/4/1996 11:17,1/4/96,1996,0.086,mg P/L,0.004,0.01
12167,F0,C,4/17/1997 13:50,4/17/97,1997,0.086,mg P/L,0.004,0.01
713,F0,C,12/5/1995 12:15,12/5/95,1995,0.087,mg P/L,0.004,0.01
700,F0,C,5/10/1995 11:54,5/10/95,1995,0.089,mg P/L,0.004,0.01
720,F0,C,4/23/1996 13:30,4/23/96,1996,0.089,mg P/L,0.004,0.01
725,F0,C,9/11/1996 14:15,9/11/96,1996,0.089,mg P/L,0.004,0.01
56258,F0,C,12/30/1997 10:09,12/30/97,1997,0.091,mg P/L,0.004,0.01
716,F0,C,1/16/1996 10:40,1/16/96,1996,0.092,mg P/L,0.004,0.01
702,F0,C,6/7/1995 14:43,6/7/95,1995,0.094,mg P/L,0.004,0.01
59576,F0,C,3/24/1998 13:00,3/24/98,1998,0.094,mg/L,0.004,0.01
72557,F0,C,2/23/1999 11:30,2/23/99,1999,0.094,mg/L,0.004,0.01
13096,F0,C,8/11/1997 11:15,8/11/97,1997,0.096,mg P/L,0.004,0.01
83234,F0,C,10/5/1999 11:59,10/5/99,1999,0.096,mg/L,0.004,0.01
653,F0,C,2/15/1994 13:33,2/15/94,1994,0.097,MG P/L,0.004,
699,F0,C,4/26/1995 14:19,4/26/95,1995,0.097,mg P/L,0.004,0.01
704,F0,C,7/18/1995 14:22,7/18/95,1995,0.099,mg P/L,0.004,0.01
72664,F0,C,3/23/1999 10:37,3/23/99,1999,0.099,mg/L,0.004,0.01
698,F0,C,4/11/1995 11:31,4/11/95,1995,0.1,mg P/L,0.004,0.01
721,F0,C,5/23/1996 10:10,5/23/96,1996,0.1,mg P/L,0.004,0.01
71316,F0,C,12/29/1998 12:45,12/29/98,1998,0.1,mg/L,0.004,0.01
83091,F0,C,11/2/1999 12:25,11/2/99,1999,0.1,mg/L,0.004,0.01
665,F0,C,6/22/1994 11:59,6/22/94,1994,0.103,MG P/L,0.004,
689,F0,C,12/7/1994 0:00,12/7/94,1994,0.11,mg P/L,0.008,0.02
693,F0,C,1/31/1995 12:48,1/31/95,1995,0.11,mg P/L,0.004,0.01
697,F0,C,3/28/1995 13:00,3/28/95,1995,0.11,mg P/L,0.004,0.01
701,F0,C,5/24/1995 16:20,5/24/95,1995,0.11,mg P/L,0.004,0.01
706,F0,C,8/30/1995 12:00,8/30/95,1995,0.11,mg P/L,0.004,0.01
707,F0,C,9/13/1995 11:42,9/13/95,1995,0.11,mg P/L,0.004,0.01
710,F0,C,10/24/1995 10:40,10/24/95,1995,0.11,mg P/L,0.004,0.01
717,F0,C,1/30/1996 9:01,1/30/96,1996,0.11,mg P/L,0.004,0.01
66527,F0,C,8/11/1998 11:55,8/11/98,1998,0.11,mg/L,0.004,0.01
73870,F0,C,4/20/1999 9:39,4/20/99,1999,0.11,mg/L,0.004,0.01
654,F0,C,3/3/1994 12:32,3/3/94,1994,0.111,MG P/L,0.004,
664,F0,C,6/8/1994 11:30,6/8/94,1994,0.116,MG P/L,0.004,
709,F0,C,10/10/1995 11:55,10/10/95,1995,0.12,mg P/L,0.004,0.01
11358,F0,C,1/28/1997 12:30,1/28/97,1997,0.12,mg P/L,0.004,0.01
20623,F0,C,9/18/1997 12:44,9/18/97,1997,0.12,mg P/L,0.004,0.01
56238,F0,C,12/2/1997 9:29,12/2/97,1997,0.12,mg P/L,0.004,0.01
70885,F0,C,11/3/1998 12:41,11/3/98,1998,0.12,mg/L,0.004,0.01
687,F0,C,11/22/1994 10:06,11/22/94,1994,0.13,mg P/L,0.008,0.02
691,F0,C,12/22/1994 10:02,12/22/94,1994,0.13,mg P/L,0.008,0.02
11348,F0,C,12/30/1996 11:40,12/30/96,1996,0.13,mg P/L,0.004,0.01
11482,F0,C,3/19/1997 8:20,3/19/97,1997,0.13,mg P/L,0.004,0.01
708,F0,C,9/27/1995 12:00,9/27/95,1995,0.14,mg P/L,0.004,0.01
83409,F0,C,11/30/1999 11:53,11/30/99,1999,0.14,mg/L,0.004,0.01
666,F0,C,7/6/1994 11:20,7/6/94,1994,0.145,MG P/L,0.004,
11426,F0,C,2/25/1997 11:15,2/25/97,1997,0.16,mg P/L,0.004,0.01
75421,F0,C,6/15/1999 11:04,6/15/99,1999,0.16,mg/L,0.004,0.01
684,F0,C,10/12/1994 10:40,10/12/94,1994,0.17,mg P/L,0.004,0.01
9374,F0,C,11/6/1996 10:35,11/6/96,1996,0.18,mg P/L,0.004,0.01
10909,F0,C,12/3/1996 10:20,12/3/96,1996,0.18,mg P/L,0.004,0.01
70506,F0,C,10/6/1998 10:26,10/6/98,1998,0.19,mg/L,0.004,0.01
56112,F0,C,11/4/1997 10:34,11/4/97,1997,0.2,mg P/L,0.004,0.01
71269,F0,C,12/1/1998 11:45,12/1/98,1998,0.2,mg/L,0.004,0.01
685,F0,C,10/26/1994 11:17,10/26/94,1994,0.24,mg P/L,0.004,0.01
686,F0,C,11/9/1994 9:43,11/9/94,1994,0.32,mg P/L,0.004,0.01
83090,F1,I,11/2/1999 12:16,11/2/99,1999,0.008,mg/L,0.004,0.01
83529,F1,I,12/28/1999 9:32,12/28/99,1999,0.022,mg/L,0.004,0.01
59575,F1,I,3/24/1998 12:50,3/24/98,1998,0.025,mg/L,0.004,0.01
12982,F1,I,7/17/1997 14:20,7/17/97,1997,0.031,mg P/L,0.004,0.01
772,F1,I,7/10/1996 14:45,7/10/96,1996,0.034,mg P/L,0.004,0.01
61669,F1,I,3/11/1998 13:46,3/11/98,1998,0.035,mg/L,0.004,0.01
20622,F1,I,9/18/1997 12:32,9/18/97,1997,0.036,mg P/L,0.004,0.01
13020,F1,I,7/23/1997 11:17,7/23/97,1997,0.039,mg P/L,0.004,0.01
59556,F1,I,2/24/1998 13:08,2/24/98,1998,0.039,mg/L,0.004,0.01
751,F1,I,4/11/1995 11:43,4/11/95,1995,0.04,mg P/L,0.004,0.01
12511,F1,I,6/19/1997 10:05,6/19/97,1997,0.04,mg P/L,0.004,0.01
773,F1,I,7/16/1996 12:30,7/16/96,1996,0.042,mg P/L,0.004,0.01
83408,F1,I,11/30/1999 11:37,11/30/99,1999,0.042,mg/L,0.004,0.01
46679,F1,I,10/7/1997 10:55,10/7/97,1997,0.043,mg P/L,0.004,0.01
13095,F1,I,8/11/1997 11:05,8/11/97,1997,0.046,mg P/L,0.004,0.01
83090,F1,I,11/2/1999 12:16,11/2/99,1999,0.046,mg/L,0.004,0.01
20574,F1,I,9/11/1997 9:41,9/11/97,1997,0.055,mg P/L,0.004,0.01
761,F1,I,11/21/1995 12:55,11/21/95,1995,0.057,mg P/L,0.004,0.01
754,F1,I,8/15/1995 11:50,8/15/95,1995,0.058,mg P/L,0.004,0.01
62311,F1,I,4/21/1998 9:12,4/21/98,1998,0.059,mg/L,0.004,0.01
770,F1,I,6/6/1996 11:50,6/6/96,1996,0.06,mg P/L,0.004,0.01
752,F1,I,4/26/1995 14:39,4/26/95,1995,0.061,mg P/L,0.004,0.01
83233,F1,I,10/5/1999 11:47,10/5/99,1999,0.061,mg/L,0.004,0.01
72556,F1,I,2/23/1999 11:15,2/23/99,1999,0.062,mg/L,0.004,0.01
56111,F1,I,11/4/1997 10:45,11/4/97,1997,0.065,mg P/L,0.004,0.01
767,F1,I,4/23/1996 13:15,4/23/96,1996,0.068,mg P/L,0.004,0.01
769,F1,I,5/23/1996 10:35,5/23/96,1996,0.068,mg P/L,0.004,0.01
56137,F1,I,11/5/1997 9:10,11/5/97,1997,0.069,mg P/L,0.004,0.01
799,F1,I,9/5/1996 9:18,9/5/96,1996,0.071,mg P/L,0.004,0.01
730,F1,I,6/8/1994 11:20,6/8/94,1994,0.073,MG P/L,0.004,
728,F1,I,3/3/1994 12:10,3/3/94,1994,0.075,MG P/L,0.004,
56257,F1,I,12/30/1997 10:22,12/30/97,1997,0.075,mg P/L,0.004,0.01
62238,F1,I,4/10/1998 10:18,4/10/98,1998,0.076,mg/L,0.004,0.01
756,F1,I,9/13/1995 11:52,9/13/95,1995,0.078,mg P/L,0.004,0.01
74972,F1,I,7/13/1999 9:15,7/13/99,1999,0.079,mg/L,0.004,0.01
72477,F1,I,1/14/1999 11:53,1/14/99,1999,0.08,mg/L,0.004,0.01
56237,F1,I,12/2/1997 9:49,12/2/97,1997,0.083,mg P/L,0.004,0.01
774,F1,I,8/19/1996 14:20,8/19/96,1996,0.084,mg P/L,0.004,0.01
800,F1,I,9/11/1996 14:00,9/11/96,1996,0.084,mg P/L,0.004,0.01
71315,F1,I,12/29/1998 13:00,12/29/98,1998,0.084,mg/L,0.004,0.01
9629,F1,I,11/18/1996 15:02,11/18/96,1996,0.09,mg P/L,0.004,0.01
71207,F1,I,11/19/1998 10:30,11/19/98,1998,0.098,mg/L,0.004,0.01
739,F1,I,10/12/1994 10:30,10/12/94,1994,0.099,mg P/L,0.004,0.01
750,F1,I,3/28/1995 12:50,3/28/95,1995,0.099,mg P/L,0.004,0.01
743,F1,I,12/7/1994 0:00,12/7/94,1994,0.1,mg P/L,0.008,0.02
759,F1,I,10/24/1995 10:30,10/24/95,1995,0.1,mg P/L,0.004,0.01
771,F1,I,6/18/1996 10:20,6/18/96,1996,0.1,mg P/L,0.004,0.01
58899,F1,I,1/27/1998 12:51,1/27/98,1998,0.1,mg/L,0.004,0.01
746,F1,I,1/31/1995 12:42,1/31/95,1995,0.11,mg P/L,0.004,0.01
8813,F1,I,10/10/1996 13:15,10/10/96,1996,0.11,mg P/L,0.004,0.01
71426,F1,I,1/26/1999 12:07,1/26/99,1999,0.11,mg/L,0.004,0.01
755,F1,I,8/30/1995 11:50,8/30/95,1995,0.12,mg P/L,0.004,0.01
75530,F1,I,8/27/1999 8:36,8/27/99,1999,0.12,mg/L,0.004,0.01
731,F1,I,6/22/1994 11:49,6/22/94,1994,0.126,MG P/L,0.004,
742,F1,I,11/22/1994 10:00,11/22/94,1994,0.13,mg P/L,0.008,0.02
744,F1,I,12/22/1994 9:50,12/22/94,1994,0.13,mg P/L,0.008,0.02
757,F1,I,9/27/1995 11:50,9/27/95,1995,0.13,mg P/L,0.004,0.01
64858,F1,I,6/3/1998 12:20,6/3/98,1998,0.13,mg/L,0.004,0.01
67916,F1,I,9/8/1998 10:12,9/8/98,1998,0.13,mg/L,0.004,0.01
71268,F1,I,12/1/1998 11:37,12/1/98,1998,0.13,mg/L,0.004,0.01
753,F1,I,7/18/1995 14:12,7/18/95,1995,0.14,mg P/L,0.004,0.01
66558,F1,I,9/8/1998 11:12,9/8/98,1998,0.14,mg/L,0.004,0.01
72582,F1,I,3/11/1999 13:26,3/11/99,1999,0.14,mg/L,0.004,0.01
75420,F1,I,6/15/1999 10:56,6/15/99,1999,0.14,mg/L,0.02,0.05
727,F1,I,2/15/1994 13:15,2/15/94,1994,0.148,MG P/L,0.004,
740,F1,I,10/26/1994 11:09,10/26/94,1994,0.16,mg P/L,0.004,0.01
9373,F1,I,11/6/1996 10:20,11/6/96,1996,0.16,mg P/L,0.004,0.01
58827,F1,I,1/12/1998 15:41,1/12/98,1998,0.16,mg/L,0.004,0.01
760,F1,I,11/7/1995 11:20,11/7/95,1995,0.17,mg P/L,0.004,0.01
765,F1,I,2/27/1996 10:10,2/27/96,1996,0.18,mg P/L,0.004,0.01
10754,F1,I,11/27/1996 9:40,11/27/96,1996,0.19,mg P/L,0.004,0.01
745,F1,I,1/3/1995 11:18,1/3/95,1995,0.2,mg P/L,0.008,0.02
70505,F1,I,10/6/1998 10:35,10/6/98,1998,0.2,mg/L,0.004,0.01
762,F1,I,12/5/1995 12:00,12/5/95,1995,0.21,mg P/L,0.008,0.02
10908,F1,I,12/3/1996 10:07,12/3/96,1996,0.25,mg P/L,0.012,0.03
763,F1,I,12/19/1995 10:50,12/19/95,1995,0.3,mg P/L,0.02,0.05
11380,F1,I,1/23/1997 9:40,1/23/97,1997,0.3,mg P/L,0.012,0.03
11357,F1,I,1/28/1997 12:10,1/28/97,1997,0.3,mg P/L,0.012,0.03
66399,F1,I,7/15/1998 13:19,7/15/98,1998,0.33,mg/L,0.02,0.05
764,F1,I,1/4/1996 11:00,1/4/96,1996,0.34,mg P/L,0.012,0.03
11347,F1,I,12/30/1996 11:25,12/30/96,1996,0.36,mg P/L,0.012,0.03
758,F1,I,10/10/1995 11:45,10/10/95,1995,0.38,mg P/L,0.008,0.02
11500,F1,I,3/26/1997 11:43,3/26/97,1997,0.39,mg P/L,0.012,0.03
11481,F1,I,3/19/1997 8:40,3/19/97,1997,0.44,mg P/L,0.02,0.05
766,F1,I,3/26/1996 10:10,3/26/96,1996,0.46,mg P/L,0.028,0.07
741,F1,I,11/9/1994 9:55,11/9/94,1994,0.49,mg P/L,0.004,0.01
732,F1,I,7/6/1994 11:00,7/6/94,1994,1.253,MG P/L,0.004,
83089,F2,I,11/2/1999 12:13,11/2/99,1999,0.01,mg/L,0.004,0.01
13094,F2,I,8/11/1997 10:54,8/11/97,1997,0.02,mg P/L,0.004,0.01
59573,F2,I,3/24/1998 12:35,3/24/98,1998,0.02,mg/L,0.004,0.01
83528,F2,I,12/28/1999 9:55,12/28/99,1999,0.021,mg/L,0.004,0.01
56138,F2,I,11/5/1997 9:22,11/5/97,1997,0.022,mg P/L,0.004,0.01
854,F2,I,7/10/1996 12:30,7/10/96,1996,0.023,mg P/L,0.004,0.01
61670,F2,I,3/11/1998 14:06,3/11/98,1998,0.023,mg/L,0.004,0.01
12984,F2,I,7/17/1997 14:13,7/17/97,1997,0.024,mg P/L,0.004,0.01
56109,F2,I,11/4/1997 10:58,11/4/97,1997,0.027,mg P/L,0.004,0.01
59555,F2,I,2/24/1998 13:19,2/24/98,1998,0.027,mg/L,0.004,0.01
13019,F2,I,7/23/1997 11:05,7/23/97,1997,0.028,mg P/L,0.004,0.01
46678,F2,I,10/7/1997 10:44,10/7/97,1997,0.029,mg P/L,0.004,0.01
836,F2,I,8/30/1995 11:45,8/30/95,1995,0.03,mg P/L,0.004,0.01
855,F2,I,7/16/1996 12:40,7/16/96,1996,0.03,mg P/L,0.004,0.01
56236,F2,I,12/2/1997 9:54,12/2/97,1997,0.03,mg P/L,0.004,0.01
8812,F2,I,10/10/1996 13:00,10/10/96,1996,0.031,mg P/L,0.004,0.01
20621,F2,I,9/18/1997 12:13,9/18/97,1997,0.031,mg P/L,0.004,0.01
56247,F2,I,12/30/1997 10:35,12/30/97,1997,0.032,mg P/L,0.004,0.01
58898,F2,I,1/27/1998 12:36,1/27/98,1998,0.033,mg/L,0.004,0.01
62310,F2,I,4/21/1998 9:26,4/21/98,1998,0.033,mg/L,0.004,0.01
72555,F2,I,2/23/1999 11:07,2/23/99,1999,0.033,mg/L,0.004,0.01
64582,F2,I,5/19/1998 11:00,5/19/98,1998,0.034,mg/L,0.004,0.01
831,F2,I,4/26/1995 15:40,4/26/95,1995,0.035,mg P/L,0.004,0.01
70884,F2,I,11/3/1998 12:25,11/3/98,1998,0.035,mg/L,0.004,0.01
833,F2,I,6/7/1995 15:26,6/7/95,1995,0.036,mg P/L,0.004,0.01
857,F2,I,9/5/1996 9:35,9/5/96,1996,0.036,mg P/L,0.004,0.01
858,F2,I,9/11/1996 13:50,9/11/96,1996,0.036,mg P/L,0.004,0.01
20575,F2,I,9/11/1997 9:51,9/11/97,1997,0.036,mg P/L,0.004,0.01
840,F2,I,10/24/1995 10:18,10/24/95,1995,0.037,mg P/L,0.004,0.01
853,F2,I,6/18/1996 9:50,6/18/96,1996,0.037,mg P/L,0.004,0.01
62239,F2,I,4/10/1998 9:00,4/10/98,1998,0.037,mg/L,0.004,0.01
809,F2,I,6/8/1994 11:10,6/8/94,1994,0.038,MG P/L,0.004,
829,F2,I,3/28/1995 12:44,3/28/95,1995,0.039,mg P/L,0.004,0.01
83407,F2,I,11/30/1999 11:29,11/30/99,1999,0.039,mg/L,0.004,0.01
832,F2,I,5/10/1995 11:40,5/10/95,1995,0.04,mg P/L,0.004,0.01
66526,F2,I,8/11/1998 11:35,8/11/98,1998,0.04,mg/L,0.004,0.01
835,F2,I,8/15/1995 11:40,8/15/95,1995,0.041,mg P/L,0.004,0.01
58829,F2,I,1/12/1998 14:51,1/12/98,1998,0.041,mg/L,0.004,0.01
72478,F2,I,1/14/1999 12:02,1/14/99,1999,0.042,mg/L,0.004,0.01
834,F2,I,7/18/1995 14:00,7/18/95,1995,0.045,mg P/L,0.004,0.01
842,F2,I,11/21/1995 11:50,11/21/95,1995,0.045,mg P/L,0.004,0.01
12510,F2,I,6/19/1997 10:21,6/19/97,1997,0.045,mg P/L,0.004,0.01
74971,F2,I,7/13/1999 9:30,7/13/99,1999,0.045,mg/L,0.004,0.01
810,F2,I,6/22/1994 11:35,6/22/94,1994,0.046,MG P/L,0.004,
852,F2,I,6/6/1996 12:07,6/6/96,1996,0.046,mg P/L,0.004,0.01
9372,F2,I,11/6/1996 10:05,11/6/96,1996,0.046,mg P/L,0.004,0.01
856,F2,I,8/19/1996 14:05,8/19/96,1996,0.053,mg P/L,0.004,0.01
71314,F2,I,12/29/1998 13:25,12/29/98,1998,0.053,mg/L,0.004,0.01
9630,F2,I,11/18/1996 15:54,11/18/96,1996,0.055,mg P/L,0.004,0.01
83089,F2,I,11/2/1999 12:13,11/2/99,1999,0.055,mg/L,0.004,0.01
824,F2,I,1/3/1995 11:12,1/3/95,1995,0.056,mg P/L,0.004,0.01
838,F2,I,9/27/1995 11:40,9/27/95,1995,0.059,mg P/L,0.004,0.01
66557,F2,I,9/8/1998 11:00,9/8/98,1998,0.059,mg/L,0.004,0.01
71425,F2,I,1/26/1999 11:50,1/26/99,1999,0.061,mg/L,0.004,0.01
75531,F2,I,8/27/1999 8:52,8/27/99,1999,0.061,mg/L,0.004,0.01
823,F2,I,12/22/1994 9:48,12/22/94,1994,0.063,mg P/L,0.004,0.01
811,F2,I,7/6/1994 10:45,7/6/94,1994,0.065,MG P/L,0.004,
10907,F2,I,12/3/1996 9:55,12/3/96,1996,0.066,mg P/L,0.004,0.01
804,F2,I,3/3/1994 11:55,3/3/94,1994,0.07,MG P/L,0.004,
66390,F2,I,7/14/1998 9:25,7/14/98,1998,0.07,mg/L,0.004,0.01
818,F2,I,10/12/1994 10:20,10/12/94,1994,0.071,mg P/L,0.004,0.01
820,F2,I,11/9/1994 10:35,11/9/94,1994,0.072,mg P/L,0.004,0.01
825,F2,I,1/31/1995 12:35,1/31/95,1995,0.072,mg P/L,0.004,0.01
843,F2,I,12/5/1995 11:45,12/5/95,1995,0.073,mg P/L,0.004,0.01
807,F2,I,4/13/1994 10:43,4/13/94,1994,0.074,MG P/L,0.004,
72583,F2,I,3/11/1999 13:13,3/11/99,1999,0.079,mg/L,0.004,0.01
70504,F2,I,10/6/1998 10:46,10/6/98,1998,0.088,mg/L,0.004,0.01
83232,F2,I,10/5/1999 11:37,10/5/99,1999,0.094,mg/L,0.004,0.01
75482,F2,I,6/30/1999 11:00,6/30/99,1999,0.096,mg/L,0.004,0.01
66400,F2,I,7/16/1998 11:17,7/16/98,1998,0.097,mg/L,0.004,0.01
850,F2,I,4/23/1996 11:50,4/23/96,1996,0.098,mg P/L,0.004,0.01
64859,F2,I,6/3/1998 12:12,6/3/98,1998,0.098,mg/L,0.004,0.01
11356,F2,I,1/28/1997 11:50,1/28/97,1997,0.099,mg P/L,0.004,0.01
12275,F2,I,5/21/1997 0:00,5/21/97,1997,0.099,mg P/L,0.004,0.01
839,F2,I,10/10/1995 11:30,10/10/95,1995,0.1,mg P/L,0.004,0.01
821,F2,I,11/22/1994 9:54,11/22/94,1994,0.11,mg P/L,0.008,0.02
11381,F2,I,1/23/1997 10:15,1/23/97,1997,0.11,mg P/L,0.004,0.01
12308,F2,I,5/22/1997 12:20,5/22/97,1997,0.11,mg P/L,0.004,0.01
71208,F2,I,11/19/1998 10:37,11/19/98,1998,0.11,mg/L,0.004,0.01
71267,F2,I,12/1/1998 11:29,12/1/98,1998,0.11,mg/L,0.004,0.01
803,F2,I,2/15/1994 12:50,2/15/94,1994,0.13,MG P/L,0.004,
844,F2,I,12/19/1995 10:35,12/19/95,1995,0.14,mg P/L,0.004,0.01
851,F2,I,5/23/1996 9:55,5/23/96,1996,0.14,mg P/L,0.004,0.01
819,F2,I,10/26/1994 10:58,10/26/94,1994,0.15,mg P/L,0.004,0.01
72663,F2,I,3/23/1999 10:25,3/23/99,1999,0.15,mg/L,0.004,0.01
11346,F2,I,12/30/1996 11:11,12/30/96,1996,0.16,mg P/L,0.004,0.01
846,F2,I,1/16/1996 10:15,1/16/96,1996,0.17,mg P/L,0.004,0.01
822,F2,I,12/7/1994 0:00,12/7/94,1994,0.18,mg P/L,0.004,0.01
845,F2,I,1/4/1996 10:45,1/4/96,1996,0.2,mg P/L,0.012,0.03
11425,F2,I,2/25/1997 10:45,2/25/97,1997,0.2,mg P/L,0.012,0.03
806,F2,I,3/29/1994 11:20,3/29/94,1994,0.21,MG P/L,0.004,
848,F2,I,2/27/1996 11:10,2/27/96,1996,0.21,mg P/L,0.012,0.03
849,F2,I,3/26/1996 9:45,3/26/96,1996,0.21,mg P/L,0.012,0.03
75419,F2,I,6/15/1999 10:43,6/15/99,1999,0.28,mg/L,0.02,0.05
11480,F2,I,3/19/1997 8:56,3/19/97,1997,0.32,mg P/L,0.02,0.05
847,F2,I,1/30/1996 9:35,1/30/96,1996,0.49,mg P/L,0.02,0.05
83088,F3,I,11/2/1999 12:10,11/2/99,1999,0.004,mg/L,0.004,0.01
916,F3,I,11/21/1995 11:30,11/21/95,1995,0.008,mg P/L,0.004,0.01
918,F3,I,12/19/1995 10:25,12/19/95,1995,0.012,mg P/L,0.004,0.01
911,F3,I,9/13/1995 12:12,9/13/95,1995,0.013,mg P/L,0.004,0.01
914,F3,I,10/24/1995 10:05,10/24/95,1995,0.013,mg P/L,0.004,0.01
56108,F3,I,11/4/1997 11:15,11/4/97,1997,0.013,mg P/L,0.004,0.01
910,F3,I,8/30/1995 11:35,8/30/95,1995,0.014,mg P/L,0.004,0.01
61671,F3,I,3/11/1998 14:18,3/11/98,1998,0.014,mg/L,0.004,0.01
66556,F3,I,9/8/1998 10:50,9/8/98,1998,0.015,mg/L,0.004,0.01
917,F3,I,12/5/1995 11:30,12/5/95,1995,0.016,mg P/L,0.004,0.01
10755,F3,I,11/27/1996 10:10,11/27/96,1996,0.016,mg P/L,0.004,0.01
20576,F3,I,9/11/1997 10:01,9/11/97,1997,0.016,mg P/L,0.004,0.01
46677,F3,I,10/7/1997 10:33,10/7/97,1997,0.016,mg P/L,0.004,0.01
58896,F3,I,1/27/1998 10:40,1/27/98,1998,0.016,mg/L,0.004,0.01
9371,F3,I,11/6/1996 9:55,11/6/96,1996,0.017,mg P/L,0.004,0.01
10906,F3,I,12/3/1996 9:40,12/3/96,1996,0.017,mg P/L,0.004,0.01
20620,F3,I,9/18/1997 12:02,9/18/97,1997,0.017,mg P/L,0.004,0.01
62309,F3,I,4/21/1998 9:38,4/21/98,1998,0.017,mg/L,0.004,0.01
67917,F3,I,9/8/1998 10:24,9/8/98,1998,0.017,mg/L,0.004,0.01
83527,F3,I,12/28/1999 10:05,12/28/99,1999,0.017,mg/L,0.004,0.01
880,F3,I,7/6/1994 10:25,7/6/94,1994,0.018,MG P/L,0.004,
913,F3,I,10/10/1995 11:10,10/10/95,1995,0.018,mg P/L,0.004,0.01
926,F3,I,7/16/1996 12:50,7/16/96,1996,0.018,mg P/L,0.004,0.01
13018,F3,I,7/23/1997 10:54,7/23/97,1997,0.018,mg P/L,0.004,0.01
56235,F3,I,12/2/1997 10:14,12/2/97,1997,0.018,mg P/L,0.004,0.01
58830,F3,I,1/12/1998 14:34,1/12/98,1998,0.018,mg/L,0.004,0.01
59554,F3,I,2/24/1998 13:32,2/24/98,1998,0.018,mg/L,0.004,0.01
59572,F3,I,3/24/1998 12:25,3/24/98,1998,0.018,mg/L,0.004,0.01
955,F3,I,9/11/1996 13:37,9/11/96,1996,0.019,mg P/L,0.004,0.01
8811,F3,I,10/10/1996 12:40,10/10/96,1996,0.019,mg P/L,0.004,0.01
70882,F3,I,11/3/1998 12:11,11/3/98,1998,0.019,mg/L,0.004,0.01
72554,F3,I,2/23/1999 10:55,2/23/99,1999,0.019,mg/L,0.004,0.01
879,F3,I,6/22/1994 10:45,6/22/94,1994,0.02,MG P/L,0.004,
919,F3,I,1/4/1996 10:25,1/4/96,1996,0.02,mg P/L,0.004,0.01
925,F3,I,7/10/1996 11:50,7/10/96,1996,0.02,mg P/L,0.004,0.01
953,F3,I,9/5/1996 9:49,9/5/96,1996,0.02,mg P/L,0.004,0.01
12985,F3,I,7/17/1997 14:03,7/17/97,1997,0.02,mg P/L,0.004,0.01
56140,F3,I,11/5/1997 9:34,11/5/97,1997,0.02,mg P/L,0.004,0.01
64581,F3,I,5/19/1998 10:41,5/19/98,1998,0.02,mg/L,0.004,0.01
66389,F3,I,7/14/1998 9:35,7/14/98,1998,0.021,mg/L,0.004,0.01
875,F3,I,6/8/1994 10:40,6/8/94,1994,0.022,MG P/L,0.004,
890,F3,I,10/12/1994 10:12,10/12/94,1994,0.022,mg P/L,0.004,0.01
62240,F3,I,4/10/1998 10:55,4/10/98,1998,0.022,mg/L,0.004,0.01
66525,F3,I,8/11/1998 11:20,8/11/98,1998,0.022,mg/L,0.004,0.01
891,F3,I,10/26/1994 10:47,10/26/94,1994,0.023,mg P/L,0.004,0.01
901,F3,I,3/28/1995 12:36,3/28/95,1995,0.023,mg P/L,0.004,0.01
909,F3,I,8/15/1995 11:35,8/15/95,1995,0.023,mg P/L,0.004,0.01
924,F3,I,6/18/1996 9:35,6/18/96,1996,0.023,mg P/L,0.004,0.01
71313,F3,I,12/29/1998 13:38,12/29/98,1998,0.023,mg/L,0.004,0.01
72479,F3,I,1/14/1999 12:07,1/14/99,1999,0.023,mg/L,0.004,0.01
892,F3,I,11/9/1994 10:45,11/9/94,1994,0.024,mg P/L,0.004,0.01
83406,F3,I,11/30/1999 11:23,11/30/99,1999,0.024,mg/L,0.004,0.01
70503,F3,I,10/6/1998 11:00,10/6/98,1998,0.025,mg/L,0.004,0.01
896,F3,I,1/3/1995 11:07,1/3/95,1995,0.026,mg P/L,0.004,0.01
904,F3,I,5/10/1995 11:26,5/10/95,1995,0.026,mg P/L,0.004,0.01
908,F3,I,7/18/1995 13:50,7/18/95,1995,0.026,mg P/L,0.004,0.01
895,F3,I,12/22/1994 9:44,12/22/94,1994,0.028,mg P/L,0.004,0.01
902,F3,I,4/11/1995 12:03,4/11/95,1995,0.028,mg P/L,0.004,0.01
905,F3,I,5/24/1995 15:18,5/24/95,1995,0.028,mg P/L,0.004,0.01
915,F3,I,11/7/1995 10:55,11/7/95,1995,0.028,mg P/L,0.004,0.01
922,F3,I,5/23/1996 9:40,5/23/96,1996,0.028,mg P/L,0.004,0.01
71424,F3,I,1/26/1999 11:35,1/26/99,1999,0.028,mg/L,0.004,0.01
920,F3,I,2/27/1996 12:20,2/27/96,1996,0.029,mg P/L,0.004,0.01
83231,F3,I,10/5/1999 10:33,10/5/99,1999,0.029,mg/L,0.004,0.01
923,F3,I,6/6/1996 12:18,6/6/96,1996,0.03,mg P/L,0.004,0.01
927,F3,I,8/19/1996 13:45,8/19/96,1996,0.03,mg P/L,0.004,0.01
12509,F3,I,6/19/1997 10:35,6/19/97,1997,0.031,mg P/L,0.004,0.01
903,F3,I,4/26/1995 15:59,4/26/95,1995,0.033,mg P/L,0.004,0.01
71266,F3,I,12/1/1998 11:19,12/1/98,1998,0.033,mg/L,0.004,0.01
897,F3,I,1/31/1995 12:30,1/31/95,1995,0.034,mg P/L,0.004,0.01
912,F3,I,9/27/1995 11:25,9/27/95,1995,0.034,mg P/L,0.004,0.01
74970,F3,I,7/13/1999 9:45,7/13/99,1999,0.036,mg/L,0.004,0.01
11355,F3,I,1/28/1997 11:15,1/28/97,1997,0.037,mg P/L,0.004,0.01
872,F3,I,4/27/1994 10:43,4/27/94,1994,0.039,MG P/L,0.004,
64860,F3,I,6/3/1998 12:04,6/3/98,1998,0.04,mg/L,0.004,0.01
893,F3,I,11/22/1994 9:48,11/22/94,1994,0.041,mg P/L,0.004,0.01
75532,F3,I,8/27/1999 8:55,8/27/99,1999,0.041,mg/L,0.004,0.01
906,F3,I,6/7/1995 13:10,6/7/95,1995,0.047,mg P/L,0.004,0.01
864,F3,I,3/3/1994 11:40,3/3/94,1994,0.048,MG P/L,0.004,
72584,F3,I,3/11/1999 13:00,3/11/99,1999,0.051,mg/L,0.004,0.01
869,F3,I,4/13/1994 10:20,4/13/94,1994,0.052,MG P/L,0.004,
66401,F3,I,7/16/1998 11:24,7/16/98,1998,0.053,mg/L,0.004,0.01
868,F3,I,3/29/1994 11:00,3/29/94,1994,0.058,MG P/L,0.004,
921,F3,I,4/23/1996 11:25,4/23/96,1996,0.058,mg P/L,0.004,0.01
75483,F3,I,7/8/1999 10:31,7/8/99,1999,0.058,mg/L,0.004,0.01
11382,F3,I,1/23/1997 10:40,1/23/97,1997,0.059,mg P/L,0.004,0.01
863,F3,I,2/15/1994 11:40,2/15/94,1994,0.06,MG P/L,0.004,
12276,F3,I,5/21/1997 0:00,5/21/97,1997,0.065,mg P/L,0.004,0.01
894,F3,I,12/7/1994 0:00,12/7/94,1994,0.067,mg P/L,0.004,0.01
71209,F3,I,11/19/1998 10:45,11/19/98,1998,0.072,mg/L,0.004,0.01
11345,F3,I,12/30/1996 10:52,12/30/96,1996,0.073,mg P/L,0.004,0.01
75418,F3,I,6/15/1999 10:30,6/15/99,1999,0.38,mg/L,0.02,0.05
83087,F4,I,11/2/1999 11:50,11/2/99,1999,0.004,mg/L,0.004,0.01
1018,F4,I,11/21/1995 11:15,11/21/95,1995,0.007,mg P/L,0.004,0.01
979,F4,I,6/22/1994 10:30,6/22/94,1994,0.009,MG P/L,0.004,
1020,F4,I,12/19/1995 10:05,12/19/95,1995,0.009,mg P/L,0.004,0.01
13092,F4,I,8/11/1997 10:34,8/11/97,1997,0.009,mg P/L,0.004,0.01
973,F4,I,2/15/1994 11:25,2/15/94,1994,0.01,MG P/L,0.004,
993,F4,I,10/12/1994 10:05,10/12/94,1994,0.01,mg P/L,0.004,0.01
1019,F4,I,12/5/1995 11:15,12/5/95,1995,0.01,mg P/L,0.004,0.01
59571,F4,I,3/24/1998 12:15,3/24/98,1998,0.01,mg/L,0.004,0.01
70881,F4,I,11/3/1998 12:00,11/3/98,1998,0.01,mg/L,0.004,0.01
983,F4,I,7/6/1994 10:05,7/6/94,1994,0.011,MG P/L,0.004,
1015,F4,I,10/10/1995 11:10,10/10/95,1995,0.011,mg P/L,0.004,0.01
1016,F4,I,10/24/1995 9:55,10/24/95,1995,0.011,mg P/L,0.004,0.01
1017,F4,I,11/7/1995 10:40,11/7/95,1995,0.011,mg P/L,0.004,0.01
58831,F4,I,1/12/1998 13:29,1/12/98,1998,0.011,mg/L,0.004,0.01
61672,F4,I,3/11/1998 14:27,3/11/98,1998,0.011,mg/L,0.004,0.01
71265,F4,I,12/1/1998 11:10,12/1/98,1998,0.011,mg/L,0.004,0.01
995,F4,I,11/9/1994 10:55,11/9/94,1994,0.012,mg P/L,0.004,0.01
1012,F4,I,8/30/1995 11:25,8/30/95,1995,0.012,mg P/L,0.004,0.01
10905,F4,I,12/3/1996 9:25,12/3/96,1996,0.012,mg P/L,0.004,0.01
58894,F4,I,1/27/1998 10:16,1/27/98,1998,0.012,mg/L,0.004,0.01
62308,F4,I,4/21/1998 9:49,4/21/98,1998,0.012,mg/L,0.004,0.01
70501,F4,I,10/6/1998 11:08,10/6/98,1998,0.012,mg/L,0.004,0.01
71312,F4,I,12/29/1998 13:50,12/29/98,1998,0.012,mg/L,0.004,0.01
72480,F4,I,1/14/1999 12:15,1/14/99,1999,0.012,mg/L,0.004,0.01
83526,F4,I,12/28/1999 10:00,12/28/99,1999,0.012,mg/L,0.004,0.01
1013,F4,I,9/13/1995 12:22,9/13/95,1995,0.013,mg P/L,0.004,0.01
1023,F4,I,6/18/1996 9:20,6/18/96,1996,0.013,mg P/L,0.004,0.01
1024,F4,I,7/9/1996 13:30,7/9/96,1996,0.013,mg P/L,0.004,0.01
1026,F4,I,7/16/1996 13:10,7/16/96,1996,0.013,mg P/L,0.004,0.01
12986,F4,I,7/17/1997 13:52,7/17/97,1997,0.013,mg P/L,0.004,0.01
20577,F4,I,9/11/1997 10:14,9/11/97,1997,0.013,mg P/L,0.004,0.01
46675,F4,I,10/7/1997 10:20,10/7/97,1997,0.013,mg P/L,0.004,0.01
56107,F4,I,11/4/1997 11:30,11/4/97,1997,0.013,mg P/L,0.004,0.01
56143,F4,I,11/5/1997 10:30,11/5/97,1997,0.013,mg P/L,0.004,0.01
83405,F4,I,11/30/1999 11:15,11/30/99,1999,0.013,mg/L,0.004,0.01
9370,F4,I,11/6/1996 9:45,11/6/96,1996,0.014,mg P/L,0.004,0.01
59553,F4,I,2/24/1998 13:43,2/24/98,1998,0.014,mg/L,0.004,0.01
66387,F4,I,7/14/1998 9:50,7/14/98,1998,0.014,mg/L,0.004,0.01
66555,F4,I,9/8/1998 10:35,9/8/98,1998,0.014,mg/L,0.004,0.01
974,F4,I,3/3/1994 11:20,3/3/94,1994,0.015,MG P/L,0.004,
996,F4,I,11/22/1994 9:43,11/22/94,1994,0.015,mg P/L,0.004,0.01
1022,F4,I,6/6/1996 12:30,6/6/96,1996,0.015,mg P/L,0.004,0.01
10756,F4,I,11/27/1996 10:36,11/27/96,1996,0.015,mg P/L,0.004,0.01
12507,F4,I,6/19/1997 10:42,6/19/97,1997,0.015,mg P/L,0.004,0.01
13017,F4,I,7/23/1997 10:42,7/23/97,1997,0.015,mg P/L,0.004,0.01
56234,F4,I,12/2/1997 10:22,12/2/97,1997,0.015,mg P/L,0.004,0.01
66524,F4,I,8/11/1998 11:05,8/11/98,1998,0.015,mg/L,0.004,0.01
1021,F4,I,4/23/1996 11:00,4/23/96,1996,0.016,mg P/L,0.004,0.01
8810,F4,I,10/10/1996 12:25,10/10/96,1996,0.016,mg P/L,0.004,0.01
1054,F4,I,9/25/1996 10:15,9/25/96,1996,0.017,mg P/L,0.004,0.01
62241,F4,I,4/10/1998 11:19,4/10/98,1998,0.017,mg/L,0.004,0.01
71210,F4,I,11/19/1998 11:00,11/19/98,1998,0.017,mg/L,0.004,0.01
74969,F4,I,7/13/1999 9:55,7/13/99,1999,0.017,mg/L,0.004,0.01
83230,F4,I,10/5/1999 10:24,10/5/99,1999,0.017,mg/L,0.004,0.01
1008,F4,I,5/24/1995 15:01,5/24/95,1995,0.018,mg P/L,0.004,0.01
1053,F4,I,9/11/1996 13:25,9/11/96,1996,0.018,mg P/L,0.004,0.01
969,F4,I,1/4/1994 10:19,1/4/94,1994,0.019,MG P/L,0.004,
1007,F4,I,5/10/1995 11:12,5/10/95,1995,0.02,mg P/L,0.004,0.01
1011,F4,I,8/15/1995 11:25,8/15/95,1995,0.02,mg P/L,0.004,0.01
998,F4,I,12/22/1994 9:39,12/22/94,1994,0.021,mg P/L,0.004,0.01
1052,F4,I,9/5/1996 10:06,9/5/96,1996,0.022,mg P/L,0.004,0.01
75533,F4,I,8/27/1999 9:15,8/27/99,1999,0.022,mg/L,0.004,0.01
1004,F4,I,3/28/1995 12:28,3/28/95,1995,0.024,mg P/L,0.004,0.01
1006,F4,I,4/26/1995 16:12,4/26/95,1995,0.026,mg P/L,0.004,0.01
1014,F4,I,9/27/1995 11:10,9/27/95,1995,0.026,mg P/L,0.004,0.01
11385,F4,I,1/23/1997 11:10,1/23/97,1997,0.028,mg P/L,0.004,0.01
75485,F4,I,7/1/1999 0:00,7/1/99,1999,0.028,mg/L,0.004,0.01
1005,F4,I,4/11/1995 12:10,4/11/95,1995,0.029,mg P/L,0.004,0.01
1027,F4,I,8/19/1996 13:30,8/19/96,1996,0.029,mg P/L,0.004,0.01
999,F4,I,1/3/1995 11:00,1/3/95,1995,0.03,mg P/L,0.004,0.01
997,F4,I,12/7/1994 0:00,12/7/94,1994,0.031,mg P/L,0.004,0.01
1000,F4,I,1/31/1995 12:25,1/31/95,1995,0.031,mg P/L,0.004,0.01
9634,F4,I,11/18/1996 15:18,11/18/96,1996,0.031,mg P/L,0.004,0.01
20619,F4,I,9/18/1997 11:48,9/18/97,1997,0.04,mg P/L,0.004,0.01
66402,F4,I,7/15/1998 13:13,7/15/98,1998,0.05,mg/L,0.004,0.01
1010,F4,I,7/18/1995 13:17,7/18/95,1995,0.056,mg P/L,0.004,0.01
12279,F4,I,5/21/1997 0:00,5/21/97,1997,0.063,mg P/L,0.004,0.01
994,F4,I,10/26/1994 10:38,10/26/94,1994,0.1,mg P/L,0.004,0.01
75417,F4,I,6/15/1999 10:24,6/15/99,1999,0.24,mg/L,0.02,0.05
1132,F5,R,11/21/1995 9:30,11/21/95,1995,0.004,mg P/L,0.004,0.01
83082,F5,R,11/2/1999 11:40,11/2/99,1999,0.004,mg/L,0.004,0.01
1129,F5,R,10/10/1995 8:45,10/10/95,1995,0.005,mg P/L,0.004,0.01
1130,F5,R,10/24/1995 8:40,10/24/95,1995,0.005,mg P/L,0.004,0.01
1134,F5,R,12/19/1995 8:30,12/19/95,1995,0.005,mg P/L,0.004,0.01
1137,F5,R,5/23/1996 7:40,5/23/96,1996,0.005,mg P/L,0.004,0.01
1106,F5,R,10/26/1994 10:26,10/26/94,1994,0.006,mg P/L,0.004,0.01
58832,F5,R,1/12/1998 13:14,1/12/98,1998,0.006,mg/L,0.004,0.01
1111,F5,R,12/22/1994 9:33,12/22/94,1994,0.007,mg P/L,0.004,0.01
1118,F5,R,4/11/1995 12:20,4/11/95,1995,0.007,mg P/L,0.004,0.01
1122,F5,R,6/7/1995 11:43,6/7/95,1995,0.007,mg P/L,0.004,0.01
1124,F5,R,7/18/1995 11:10,7/18/95,1995,0.007,mg P/L,0.004,0.01
1127,F5,R,9/13/1995 9:25,9/13/95,1995,0.007,mg P/L,0.004,0.01
1128,F5,R,9/27/1995 9:10,9/27/95,1995,0.007,mg P/L,0.004,0.01
1131,F5,R,11/7/1995 9:00,11/7/95,1995,0.007,mg P/L,0.004,0.01
1133,F5,R,12/5/1995 9:30,12/5/95,1995,0.007,mg P/L,0.004,0.01
10757,F5,R,11/27/1996 11:07,11/27/96,1996,0.007,mg P/L,0.004,0.01
10899,F5,R,12/3/1996 8:05,12/3/96,1996,0.007,mg P/L,0.004,0.01
20591,F5,R,9/17/1997 11:21,9/17/97,1997,0.007,mg P/L,0.004,0.01
56227,F5,R,12/2/1997 10:34,12/2/97,1997,0.007,mg P/L,0.004,0.01
66381,F5,R,7/14/1998 10:40,7/14/98,1998,0.007,mg/L,0.004,0.01
1092,F5,R,6/22/1994 10:09,6/22/94,1994,0.008,MG P/L,0.004,
1126,F5,R,8/30/1995 12:25,8/30/95,1995,0.008,mg P/L,0.004,0.01
1135,F5,R,1/4/1996 8:37,1/4/96,1996,0.008,mg P/L,0.004,0.01
1141,F5,R,7/16/1996 10:15,7/16/96,1996,0.008,mg P/L,0.004,0.01
1169,F5,R,9/11/1996 11:00,9/11/96,1996,0.008,mg P/L,0.004,0.01
8804,F5,R,10/10/1996 9:40,10/10/96,1996,0.008,mg P/L,0.004,0.01
9364,F5,R,11/6/1996 8:20,11/6/96,1996,0.008,mg P/L,0.004,0.01
13087,F5,R,8/11/1997 9:42,8/11/97,1997,0.008,mg P/L,0.004,0.01
20578,F5,R,9/11/1997 10:27,9/11/97,1997,0.008,mg P/L,0.004,0.01
46669,F5,R,10/7/1997 9:21,10/7/97,1997,0.008,mg P/L,0.004,0.01
64575,F5,R,5/19/1998 9:20,5/19/98,1998,0.008,mg/L,0.004,0.01
66549,F5,R,9/8/1998 9:25,9/8/98,1998,0.008,mg/L,0.004,0.01
71306,F5,R,12/29/1998 9:47,12/29/98,1998,0.008,mg/L,0.004,0.01
83082,F5,R,11/2/1999 11:40,11/2/99,1999,0.008,mg/L,0.004,0.01
83520,F5,R,12/28/1999 10:30,12/28/99,1999,0.008,mg/L,0.004,0.01
1075,F5,R,1/4/1994 9:53,1/4/94,1994,0.009,MG P/L,0.004,
1104,F5,R,10/12/1994 9:52,10/12/94,1994,0.009,mg P/L,0.004,0.01
1108,F5,R,11/9/1994 11:25,11/9/94,1994,0.009,mg P/L,0.004,0.01
1140,F5,R,7/9/1996 11:35,7/9/96,1996,0.009,mg P/L,0.004,0.01
11350,F5,R,1/28/1997 9:25,1/28/97,1997,0.009,mg P/L,0.004,0.01
13011,F5,R,7/23/1997 9:37,7/23/97,1997,0.009,mg P/L,0.004,0.01
56102,F5,R,11/4/1997 11:40,11/4/97,1997,0.009,mg P/L,0.004,0.01
58889,F5,R,1/27/1998 10:02,1/27/98,1998,0.009,mg/L,0.004,0.01
59546,F5,R,2/24/1998 10:00,2/24/98,1998,0.009,mg/L,0.004,0.01
62302,F5,R,4/21/1998 10:02,4/21/98,1998,0.009,mg/L,0.004,0.01
71211,F5,R,11/19/1998 11:05,11/19/98,1998,0.009,mg/L,0.004,0.01
72586,F5,R,3/10/1999 13:02,3/10/99,1999,0.009,mg/L,0.004,0.01
1120,F5,R,5/10/1995 10:58,5/10/95,1995,0.01,mg P/L,0.004,0.01
1136,F5,R,4/23/1996 9:05,4/23/96,1996,0.01,mg P/L,0.004,0.01
12987,F5,R,7/17/1997 13:44,7/17/97,1997,0.01,mg P/L,0.004,0.01
66518,F5,R,8/11/1998 10:55,8/11/98,1998,0.01,mg/L,0.004,0.01
70514,F5,R,10/7/1998 9:41,10/7/98,1998,0.01,mg/L,0.004,0.01
70875,F5,R,11/3/1998 11:46,11/3/98,1998,0.01,mg/L,0.004,0.01
71259,F5,R,12/1/1998 11:02,12/1/98,1998,0.01,mg/L,0.004,0.01
1078,F5,R,3/1/1994 9:35,3/1/94,1994,0.011,MG P/L,0.004,
1109,F5,R,11/22/1994 9:36,11/22/94,1994,0.011,mg P/L,0.004,0.01
1139,F5,R,6/18/1996 8:00,6/18/96,1996,0.011,mg P/L,0.004,0.01
61673,F5,R,3/11/1998 14:36,3/11/98,1998,0.011,mg/L,0.004,0.01
62242,F5,R,4/10/1998 11:07,4/10/98,1998,0.011,mg/L,0.004,0.01
75488,F5,R,7/8/1999 11:05,7/8/99,1999,0.011,mg/L,0.004,0.01
1082,F5,R,3/29/1994 0:00,3/29/94,1994,0.012,MG P/L,0.004,
1110,F5,R,12/7/1994 0:00,12/7/94,1994,0.012,mg P/L,0.004,0.01
1113,F5,R,1/31/1995 12:17,1/31/95,1995,0.012,mg P/L,0.004,0.01
1168,F5,R,9/5/1996 10:15,9/5/96,1996,0.012,mg P/L,0.004,0.01
11388,F5,R,1/23/1997 11:20,1/23/97,1997,0.012,mg P/L,0.004,0.01
59565,F5,R,3/24/1998 12:00,3/24/98,1998,0.012,mg/L,0.004,0.01
83224,F5,R,10/5/1999 12:10,10/5/99,1999,0.012,mg/L,0.004,0.01
83399,F5,R,11/30/1999 10:55,11/30/99,1999,0.012,mg/L,0.004,0.01
1121,F5,R,5/24/1995 14:05,5/24/95,1995,0.013,mg P/L,0.004,0.01
1125,F5,R,8/15/1995 9:30,8/15/95,1995,0.013,mg P/L,0.004,0.01
56147,F5,R,11/5/1997 11:42,11/5/97,1997,0.013,mg P/L,0.004,0.01
1117,F5,R,3/28/1995 12:17,3/28/95,1995,0.014,mg P/L,0.004,0.01
1138,F5,R,6/6/1996 12:40,6/6/96,1996,0.014,mg P/L,0.004,0.01
12502,F5,R,6/19/1997 11:00,6/19/97,1997,0.015,mg P/L,0.004,0.01
66404,F5,R,7/15/1998 13:10,7/15/98,1998,0.015,mg/L,0.004,0.01
67920,F5,R,9/8/1998 11:31,9/8/98,1998,0.017,mg/L,0.004,0.01
1085,F5,R,4/13/1994 9:57,4/13/94,1994,0.018,MG P/L,0.004,
1119,F5,R,4/26/1995 16:28,4/26/95,1995,0.019,mg P/L,0.004,0.01
72481,F5,R,1/14/1999 12:25,1/14/99,1999,0.019,mg/L,0.004,0.01
75534,F5,R,8/27/1999 9:28,8/27/99,1999,0.02,mg/L,0.004,0.01
75411,F5,R,6/15/1999 11:15,6/15/99,1999,0.022,mg/L,0.02,0.05
1143,F5,R,8/19/1996 11:45,8/19/96,1996,0.024,mg P/L,0.004,0.01
64861,F5,R,6/3/1998 11:51,6/3/98,1998,0.024,mg/L,0.004,0.01
9638,F5,R,11/18/1996 14:39,11/18/96,1996,0.029,mg P/L,0.004,0.01
12283,F5,R,5/21/1997 0:00,5/21/97,1997,0.052,mg P/L,0.004,0.01
1240,U1,R,10/10/1995 9:20,10/10/95,1995,0.004,mg P/L,0.004,0.01
1243,U1,R,11/21/1995 10:30,11/21/95,1995,0.004,mg P/L,0.004,0.01
1245,U1,R,12/19/1995 9:15,12/19/95,1995,0.004,mg P/L,0.004,0.01
1194,U1,R,3/1/1994 10:30,3/1/94,1994,0.005,MG P/L,0.004,
1216,U1,R,10/11/1994 9:50,10/11/94,1994,0.005,mg P/L,0.004,0.01
1223,U1,R,1/31/1995 10:00,1/31/95,1995,0.005,mg P/L,0.004,0.01
1228,U1,R,4/11/1995 9:51,4/11/95,1995,0.005,mg P/L,0.004,0.01
1235,U1,R,7/18/1995 12:05,7/18/95,1995,0.005,mg P/L,0.004,0.01
1236,U1,R,8/15/1995 10:25,8/15/95,1995,0.005,mg P/L,0.004,0.01
1237,U1,R,8/30/1995 12:35,8/30/95,1995,0.005,mg P/L,0.004,0.01
1242,U1,R,11/7/1995 10:00,11/7/95,1995,0.005,mg P/L,0.004,0.01
1244,U1,R,12/5/1995 10:15,12/5/95,1995,0.005,mg P/L,0.004,0.01
10902,U1,R,12/3/1996 8:50,12/3/96,1996,0.005,mg P/L,0.004,0.01
56232,U1,R,12/2/1997 11:27,12/2/97,1997,0.005,mg P/L,0.004,0.01
59551,U1,R,2/24/1998 10:43,2/24/98,1998,0.005,mg/L,0.004,0.01
62306,U1,R,4/21/1998 10:42,4/21/98,1998,0.005,mg/L,0.004,0.01
66384,U1,R,7/14/1998 11:00,7/14/98,1998,0.005,mg/L,0.004,0.01
83085,U1,R,11/2/1999 10:50,11/2/99,1999,0.005,mg/L,0.004,0.01
1210,U1,R,7/19/1994 8:47,7/19/94,1994,0.006,MG P/L,0.004,
1230,U1,R,5/10/1995 13:44,5/10/95,1995,0.006,mg P/L,0.004,0.01
1232,U1,R,6/7/1995 10:56,6/7/95,1995,0.006,mg P/L,0.004,0.01
1234,U1,R,7/5/1995 12:45,7/5/95,1995,0.006,mg P/L,0.004,0.01
1239,U1,R,9/27/1995 9:55,9/27/95,1995,0.006,mg P/L,0.004,0.01
1254,U1,R,7/8/1996 9:05,7/8/96,1996,0.006,mg P/L,0.004,0.01
1255,U1,R,7/16/1996 10:45,7/16/96,1996,0.006,mg P/L,0.004,0.01
8808,U1,R,10/10/1996 10:35,10/10/96,1996,0.006,mg P/L,0.004,0.01
9368,U1,R,11/6/1996 9:05,11/6/96,1996,0.006,mg P/L,0.004,0.01
66553,U1,R,9/8/1998 10:05,9/8/98,1998,0.006,mg/L,0.004,0.01
70879,U1,R,11/3/1998 11:04,11/3/98,1998,0.006,mg/L,0.004,0.01
71263,U1,R,12/1/1998 10:24,12/1/98,1998,0.006,mg/L,0.004,0.01
71309,U1,R,12/29/1998 10:24,12/29/98,1998,0.006,mg/L,0.004,0.01
72488,U1,R,1/14/1999 12:35,1/14/99,1999,0.006,mg/L,0.004,0.01
83403,U1,R,11/30/1999 10:24,11/30/99,1999,0.006,mg/L,0.004,0.01
83523,U1,R,12/28/1999 11:15,12/28/99,1999,0.006,mg/L,0.004,0.01
1209,U1,R,7/5/1994 9:54,7/5/94,1994,0.007,MG P/L,0.004,
1227,U1,R,3/28/1995 9:43,3/28/95,1995,0.007,mg P/L,0.004,0.01
1229,U1,R,4/26/1995 10:52,4/26/95,1995,0.007,mg P/L,0.004,0.01
1241,U1,R,10/24/1995 9:15,10/24/95,1995,0.007,mg P/L,0.004,0.01
1249,U1,R,4/23/1996 10:10,4/23/96,1996,0.007,mg P/L,0.004,0.01
1250,U1,R,5/23/1996 8:35,5/23/96,1996,0.007,mg P/L,0.004,0.01
1282,U1,R,9/11/1996 11:47,9/11/96,1996,0.007,mg P/L,0.004,0.01
12505,U1,R,6/19/1997 11:42,6/19/97,1997,0.007,mg P/L,0.004,0.01
13001,U1,R,7/17/1997 11:16,7/17/97,1997,0.007,mg P/L,0.004,0.01
13015,U1,R,7/23/1997 10:20,7/23/97,1997,0.007,mg P/L,0.004,0.01
13090,U1,R,8/11/1997 10:14,8/11/97,1997,0.007,mg P/L,0.004,0.01
20595,U1,R,9/17/1997 12:10,9/17/97,1997,0.007,mg P/L,0.004,0.01
58892,U1,R,1/27/1998 9:20,1/27/98,1998,0.007,mg/L,0.004,0.01
59569,U1,R,3/24/1998 10:41,3/24/98,1998,0.007,mg/L,0.004,0.01
64578,U1,R,5/19/1998 9:55,5/19/98,1998,0.007,mg/L,0.004,0.01
66522,U1,R,8/11/1998 10:25,8/11/98,1998,0.007,mg/L,0.004,0.01
70517,U1,R,10/7/1998 10:16,10/7/98,1998,0.007,mg/L,0.004,0.01
71219,U1,R,11/19/1998 11:25,11/19/98,1998,0.007,mg/L,0.004,0.01
1208,U1,R,6/21/1994 10:10,6/21/94,1994,0.008,MG P/L,0.004,
1246,U1,R,1/4/1996 9:40,1/4/96,1996,0.008,mg P/L,0.004,0.01
1281,U1,R,9/5/1996 10:43,9/5/96,1996,0.008,mg P/L,0.004,0.01
10764,U1,R,11/27/1996 14:26,11/27/96,1996,0.008,mg P/L,0.004,0.01
20587,U1,R,9/11/1997 11:27,9/11/97,1997,0.008,mg P/L,0.004,0.01
56105,U1,R,11/4/1997 12:16,11/4/97,1997,0.008,mg P/L,0.004,0.01
58840,U1,R,1/12/1998 12:13,1/12/98,1998,0.008,mg/L,0.004,0.01
61681,U1,R,3/11/1998 15:00,3/11/98,1998,0.008,mg/L,0.004,0.01
62248,U1,R,4/10/1998 12:50,4/10/98,1998,0.008,mg/L,0.004,0.01
75494,U1,R,7/8/1999 14:15,7/8/99,1999,0.008,mg/L,0.004,0.01
83085,U1,R,11/2/1999 10:50,11/2/99,1999,0.008,mg/L,0.004,0.01
1219,U1,R,11/21/1994 9:57,11/21/94,1994,0.009,mg P/L,0.004,0.01
1238,U1,R,9/13/1995 8:26,9/13/95,1995,0.009,mg P/L,0.004,0.01
11353,U1,R,1/28/1997 10:25,1/28/97,1997,0.009,mg P/L,0.004,0.01
46672,U1,R,10/7/1997 9:56,10/7/97,1997,0.009,mg P/L,0.004,0.01
56160,U1,R,11/5/1997 12:26,11/5/97,1997,0.009,mg P/L,0.004,0.01
75541,U1,R,8/27/1999 10:21,8/27/99,1999,0.009,mg/L,0.004,0.01
83227,U1,R,10/5/1999 12:35,10/5/99,1999,0.009,mg/L,0.004,0.01
1199,U1,R,4/12/1994 9:40,4/12/94,1994,0.01,MG P/L,0.004,
1221,U1,R,12/20/1994 9:50,12/20/94,1994,0.01,mg P/L,0.004,0.01
1222,U1,R,1/3/1995 9:28,1/3/95,1995,0.01,mg P/L,0.004,0.01
1231,U1,R,5/24/1995 14:32,5/24/95,1995,0.01,mg P/L,0.004,0.01
1253,U1,R,6/18/1996 8:45,6/18/96,1996,0.01,mg P/L,0.004,0.01
64868,U1,R,6/3/1998 11:42,6/3/98,1998,0.01,mg/L,0.004,0.01
71422,U1,R,1/26/1999 10:20,1/26/99,1999,0.01,mg/L,0.004,0.01
1247,U1,R,2/27/1996 13:40,2/27/96,1996,0.011,mg P/L,0.004,0.01
9622,U1,R,11/18/1996 13:25,11/18/96,1996,0.011,mg P/L,0.004,0.01
12296,U1,R,5/21/1997 0:00,5/21/97,1997,0.014,mg P/L,0.004,0.01
1200,U1,R,4/26/1994 10:36,4/26/94,1994,0.015,MG P/L,0.004,
67925,U1,R,9/8/1998 11:53,9/8/98,1998,0.015,mg/L,0.004,0.01
75415,U1,R,6/15/1999 11:42,6/15/99,1999,0.02,mg/L,0.02,0.05
66411,U1,R,7/15/1998 12:51,7/15/98,1998,0.024,mg/L,0.004,0.01
1256,U1,R,8/19/1996 12:45,8/19/96,1996,0.026,mg P/L,0.004,0.01
1251,U1,R,6/12/1996 11:53,6/12/96,1996,0.03,mg P/L,0.008,0.02
11400,U1,R,1/23/1997 11:56,1/23/97,1997,0.032,mg P/L,0.004,0.01
12306,U1,R,5/22/1997 11:49,5/22/97,1997,0.042,mg P/L,0.004,0.01
1288,U2,R,1/4/1994 9:15,1/4/94,1994,0.004,MG P/L,0.004,
1330,U2,R,7/18/1995 11:50,7/18/95,1995,0.004,mg P/L,0.004,0.01
1334,U2,R,9/27/1995 9:40,9/27/95,1995,0.004,mg P/L,0.004,0.01
1335,U2,R,10/10/1995 9:30,10/10/95,1995,0.004,mg P/L,0.004,0.01
1338,U2,R,11/21/1995 10:10,11/21/95,1995,0.004,mg P/L,0.004,0.01
1340,U2,R,12/19/1995 9:00,12/19/95,1995,0.004,mg P/L,0.004,0.01
83522,U2,R,12/28/1999 10:53,12/28/99,1999,0.004,mg/L,0.004,0.01
1310,U2,R,10/11/1994 9:46,10/11/94,1994,0.005,mg P/L,0.004,0.01
1332,U2,R,8/30/1995 12:45,8/30/95,1995,0.005,mg P/L,0.004,0.01
1333,U2,R,9/13/1995 8:39,9/13/95,1995,0.005,mg P/L,0.004,0.01
1336,U2,R,10/24/1995 9:06,10/24/95,1995,0.005,mg P/L,0.004,0.01
1337,U2,R,11/7/1995 9:40,11/7/95,1995,0.005,mg P/L,0.004,0.01
72489,U2,R,1/14/1999 12:40,1/14/99,1999,0.005,mg/L,0.004,0.01
1312,U2,R,10/25/1994 9:57,10/25/94,1994,0.006,mg P/L,0.004,0.01
1329,U2,R,7/5/1995 12:30,7/5/95,1995,0.006,mg P/L,0.004,0.01
1331,U2,R,8/15/1995 10:10,8/15/95,1995,0.006,mg P/L,0.004,0.01
1345,U2,R,5/23/1996 8:10,5/23/96,1996,0.006,mg P/L,0.004,0.01
1349,U2,R,7/16/1996 10:30,7/16/96,1996,0.006,mg P/L,0.004,0.01
8806,U2,R,10/10/1996 10:10,10/10/96,1996,0.006,mg P/L,0.004,0.01
9367,U2,R,11/6/1996 8:55,11/6/96,1996,0.006,mg P/L,0.004,0.01
10901,U2,R,12/3/1996 8:35,12/3/96,1996,0.006,mg P/L,0.004,0.01
11352,U2,R,1/28/1997 10:05,1/28/97,1997,0.006,mg P/L,0.004,0.01
13014,U2,R,7/23/1997 10:07,7/23/97,1997,0.006,mg P/L,0.004,0.01
13089,U2,R,8/11/1997 10:04,8/11/97,1997,0.006,mg P/L,0.004,0.01
56230,U2,R,12/2/1997 11:14,12/2/97,1997,0.006,mg P/L,0.004,0.01
62305,U2,R,4/21/1998 10:32,4/21/98,1998,0.006,mg/L,0.004,0.01
83084,U2,R,11/2/1999 11:11,11/2/99,1999,0.006,mg/L,0.004,0.01
1292,U2,R,3/1/1994 10:16,3/1/94,1994,0.007,MG P/L,0.004,
1325,U2,R,5/10/1995 13:29,5/10/95,1995,0.007,mg P/L,0.004,0.01
1343,U2,R,4/23/1996 9:45,4/23/96,1996,0.007,mg P/L,0.004,0.01
1347,U2,R,6/18/1996 8:30,6/18/96,1996,0.007,mg P/L,0.004,0.01
1348,U2,R,7/8/1996 10:50,7/8/96,1996,0.007,mg P/L,0.004,0.01
11401,U2,R,1/23/1997 11:44,1/23/97,1997,0.007,mg P/L,0.004,0.01
12504,U2,R,6/19/1997 11:25,6/19/97,1997,0.007,mg P/L,0.004,0.01
58891,U2,R,1/27/1998 9:34,1/27/98,1998,0.007,mg/L,0.004,0.01
59549,U2,R,2/24/1998 10:30,2/24/98,1998,0.007,mg/L,0.004,0.01
64577,U2,R,5/19/1998 9:40,5/19/98,1998,0.007,mg/L,0.004,0.01
66383,U2,R,7/14/1998 10:50,7/14/98,1998,0.007,mg/L,0.004,0.01
66552,U2,R,9/8/1998 10:45,9/8/98,1998,0.007,mg/L,0.004,0.01
70516,U2,R,10/7/1998 10:07,10/7/98,1998,0.007,mg/L,0.004,0.01
70877,U2,R,11/3/1998 11:14,11/3/98,1998,0.007,mg/L,0.004,0.01
71262,U2,R,12/1/1998 10:33,12/1/98,1998,0.007,mg/L,0.004,0.01
1291,U2,R,2/15/1994 10:36,2/15/94,1994,0.008,MG P/L,0.004,
1207,U2,R,6/21/1994 9:55,6/21/94,1994,0.008,MG P/L,0.004,
1300,U2,R,7/19/1994 9:30,7/19/94,1994,0.008,MG P/L,0.004,
1316,U2,R,12/20/1994 9:40,12/20/94,1994,0.008,mg P/L,0.004,0.01
1317,U2,R,1/3/1995 9:29,1/3/95,1995,0.008,mg P/L,0.004,0.01
1324,U2,R,4/26/1995 11:24,4/26/95,1995,0.008,mg P/L,0.004,0.01
1339,U2,R,12/5/1995 10:00,12/5/95,1995,0.008,mg P/L,0.004,0.01
1341,U2,R,1/4/1996 9:15,1/4/96,1996,0.008,mg P/L,0.004,0.01
1375,U2,R,9/5/1996 10:10,9/5/96,1996,0.008,mg P/L,0.004,0.01
1376,U2,R,9/11/1996 11:35,9/11/96,1996,0.008,mg P/L,0.004,0.01
13002,U2,R,7/17/1997 11:27,7/17/97,1997,0.008,mg P/L,0.004,0.01
20594,U2,R,9/17/1997 11:58,9/17/97,1997,0.008,mg P/L,0.004,0.01
46671,U2,R,10/7/1997 9:45,10/7/97,1997,0.008,mg P/L,0.004,0.01
71308,U2,R,12/29/1998 10:12,12/29/98,1998,0.008,mg/L,0.004,0.01
71421,U2,R,1/26/1999 10:34,1/26/99,1999,0.008,mg/L,0.004,0.01
83084,U2,R,11/2/1999 11:11,11/2/99,1999,0.008,mg/L,0.004,0.01
1299,U2,R,7/5/1994 9:43,7/5/94,1994,0.009,MG P/L,0.004,
1322,U2,R,3/28/1995 10:00,3/28/95,1995,0.009,mg P/L,0.004,0.01
9623,U2,R,11/18/1996 13:36,11/18/96,1996,0.009,mg P/L,0.004,0.01
10765,U2,R,11/27/1996 15:02,11/27/96,1996,0.009,mg P/L,0.004,0.01
20588,U2,R,9/11/1997 11:11,9/11/97,1997,0.009,mg P/L,0.004,0.01
56161,U2,R,11/5/1997 12:18,11/5/97,1997,0.009,mg P/L,0.004,0.01
61682,U2,R,3/11/1998 14:56,3/11/98,1998,0.009,mg/L,0.004,0.01
59568,U2,R,3/24/1998 10:53,3/24/98,1998,0.009,mg/L,0.004,0.01
66521,U2,R,8/11/1998 10:35,8/11/98,1998,0.009,mg/L,0.004,0.01
71220,U2,R,11/19/1998 11:15,11/19/98,1998,0.009,mg/L,0.004,0.01
75496,U2,R,7/8/1999 14:00,7/8/99,1999,0.009,mg/L,0.004,0.01
1323,U2,R,4/11/1995 9:35,4/11/95,1995,0.01,mg P/L,0.004,0.01
1326,U2,R,5/24/1995 14:19,5/24/95,1995,0.01,mg P/L,0.004,0.01
1342,U2,R,2/27/1996 14:00,2/27/96,1996,0.01,mg P/L,0.004,0.01
58841,U2,R,1/12/1998 11:44,1/12/98,1998,0.01,mg/L,0.004,0.01
62249,U2,R,4/10/1998 11:53,4/10/98,1998,0.01,mg/L,0.004,0.01
72589,U2,R,3/10/1999 12:48,3/10/99,1999,0.01,mg/L,0.004,0.01
83226,U2,R,10/5/1999 12:52,10/5/99,1999,0.01,mg/L,0.004,0.01
1346,U2,R,6/12/1996 12:15,6/12/96,1996,0.011,mg P/L,0.008,0.02
67926,U2,R,9/8/1998 11:45,9/8/98,1998,0.011,mg/L,0.004,0.01
1311,U2,R,10/12/1994 9:45,10/12/94,1994,0.012,mg P/L,0.004,0.01
65020,U2,R,11/21/1994 0:00,11/21/94,1994,0.012,mg P/L,0.004,0.01
11341,U2,R,12/30/1996 10:30,12/30/96,1996,0.012,mg P/L,0.004,0.01
83402,U2,R,11/30/1999 10:33,11/30/99,1999,0.013,mg/L,0.004,0.01
1327,U2,R,6/7/1995 10:39,6/7/95,1995,0.014,mg P/L,0.004,0.01
12297,U2,R,5/21/1997 0:00,5/21/97,1997,0.014,mg P/L,0.004,0.01
75542,U2,R,8/27/1999 10:11,8/27/99,1999,0.014,mg/L,0.004,0.01
1294,U2,R,4/27/1994 10:17,4/27/94,1994,0.015,MG P/L,0.004,
1318,U2,R,1/31/1995 9:45,1/31/95,1995,0.016,mg P/L,0.004,0.01
56104,U2,R,11/4/1997 12:04,11/4/97,1997,0.016,mg P/L,0.004,0.01
66412,U2,R,7/15/1998 12:56,7/15/98,1998,0.02,mg/L,0.004,0.01
75414,U2,R,6/15/1999 11:55,6/15/99,1999,0.021,mg/L,0.02,0.05
1350,U2,R,8/19/1996 12:30,8/19/96,1996,0.025,mg P/L,0.004,0.01
64869,U2,R,6/3/1998 11:35,6/3/98,1998,0.08,mg/L,0.004,0.01
1382,U3,R,1/4/1994 9:34,1/4/94,1994,0.004,MG P/L,0.004,
1442,U3,R,8/30/1995 13:00,8/30/95,1995,0.004,mg P/L,0.004,0.01
1446,U3,R,9/27/1995 9:20,9/27/95,1995,0.004,mg P/L,0.004,0.01
1448,U3,R,10/10/1995 9:00,10/10/95,1995,0.004,mg P/L,0.004,0.01
1454,U3,R,11/21/1995 10:00,11/21/95,1995,0.004,mg P/L,0.004,0.01
1458,U3,R,12/19/1995 8:45,12/19/95,1995,0.004,mg P/L,0.004,0.01
83083,U3,R,11/2/1999 11:29,11/2/99,1999,0.004,mg/L,0.004,0.01
1424,U3,R,4/11/1995 12:30,4/11/95,1995,0.005,mg P/L,0.004,0.01
1449,U3,R,10/24/1995 8:52,10/24/95,1995,0.005,mg P/L,0.004,0.01
1452,U3,R,11/7/1995 9:15,11/7/95,1995,0.005,mg P/L,0.004,0.01
1456,U3,R,12/5/1995 9:45,12/5/95,1995,0.005,mg P/L,0.004,0.01
1462,U3,R,1/16/1996 9:05,1/16/96,1996,0.005,mg P/L,0.004,0.01
8805,U3,R,10/10/1996 9:55,10/10/96,1996,0.005,mg P/L,0.004,0.01
10900,U3,R,12/3/1996 8:20,12/3/96,1996,0.005,mg P/L,0.004,0.01
1405,U3,R,10/26/1994 10:18,10/26/94,1994,0.006,mg P/L,0.004,0.01
1428,U3,R,5/10/1995 13:10,5/10/95,1995,0.006,mg P/L,0.004,0.01
1437,U3,R,7/18/1995 11:30,7/18/95,1995,0.006,mg P/L,0.004,0.01
1444,U3,R,9/13/1995 8:50,9/13/95,1995,0.006,mg P/L,0.004,0.01
1460,U3,R,1/4/1996 8:55,1/4/96,1996,0.006,mg P/L,0.004,0.01
9639,U3,R,11/18/1996 13:44,11/18/96,1996,0.006,mg P/L,0.004,0.01
13003,U3,R,7/17/1997 11:38,7/17/97,1997,0.006,mg P/L,0.004,0.01
13012,U3,R,7/23/1997 9:52,7/23/97,1997,0.006,mg P/L,0.004,0.01
56228,U3,R,12/2/1997 10:47,12/2/97,1997,0.006,mg P/L,0.004,0.01
58842,U3,R,1/12/1998 11:22,1/12/98,1998,0.006,mg/L,0.004,0.01
58890,U3,R,1/27/1998 9:47,1/27/98,1998,0.006,mg/L,0.004,0.01
59548,U3,R,2/24/1998 10:15,2/24/98,1998,0.006,mg/L,0.004,0.01
64576,U3,R,5/19/1998 9:34,5/19/98,1998,0.006,mg/L,0.004,0.01
83521,U3,R,12/28/1999 10:45,12/28/99,1999,0.006,mg/L,0.004,0.01
1397,U3,R,6/22/1994 9:58,6/22/94,1994,0.007,MG P/L,0.004,
1408,U3,R,11/22/1994 9:30,11/22/94,1994,0.007,mg P/L,0.004,0.01
1410,U3,R,12/22/1994 9:25,12/22/94,1994,0.007,mg P/L,0.004,0.01
1426,U3,R,4/26/1995 14:44,4/26/95,1995,0.007,mg P/L,0.004,0.01
1464,U3,R,2/27/1996 14:30,2/27/96,1996,0.007,mg P/L,0.004,0.01
1469,U3,R,6/18/1996 8:10,6/18/96,1996,0.007,mg P/L,0.004,0.01
1471,U3,R,7/16/1996 10:20,7/16/96,1996,0.007,mg P/L,0.004,0.01
11351,U3,R,1/28/1997 9:45,1/28/97,1997,0.007,mg P/L,0.004,0.01
13088,U3,R,8/11/1997 9:52,8/11/97,1997,0.007,mg P/L,0.004,0.01
20589,U3,R,9/11/1997 10:59,9/11/97,1997,0.007,mg P/L,0.004,0.01
20592,U3,R,9/17/1997 11:39,9/17/97,1997,0.007,mg P/L,0.004,0.01
46670,U3,R,10/7/1997 9:35,10/7/97,1997,0.007,mg P/L,0.004,0.01
61683,U3,R,3/11/1998 14:45,3/11/98,1998,0.007,mg/L,0.004,0.01
62303,U3,R,4/21/1998 10:16,4/21/98,1998,0.007,mg/L,0.004,0.01
66382,U3,R,7/14/1998 10:15,7/14/98,1998,0.007,mg/L,0.004,0.01
71221,U3,R,11/19/1998 11:10,11/19/98,1998,0.007,mg/L,0.004,0.01
71260,U3,R,12/1/1998 10:42,12/1/98,1998,0.007,mg/L,0.004,0.01
71307,U3,R,12/29/1998 9:58,12/29/98,1998,0.007,mg/L,0.004,0.01
83225,U3,R,10/5/1999 13:01,10/5/99,1999,0.007,mg/L,0.004,0.01
83401,U3,R,11/30/1999 10:50,11/30/99,1999,0.007,mg/L,0.004,0.01
1406,U3,R,11/9/1994 11:40,11/9/94,1994,0.008,mg P/L,0.004,0.01
1409,U3,R,12/7/1994 0:00,12/7/94,1994,0.008,mg P/L,0.004,0.01
1422,U3,R,3/28/1995 12:00,3/28/95,1995,0.008,mg P/L,0.004,0.01
1440,U3,R,8/15/1995 10:00,8/15/95,1995,0.008,mg P/L,0.004,0.01
1466,U3,R,4/23/1996 9:20,4/23/96,1996,0.008,mg P/L,0.004,0.01
1476,U3,R,9/25/1996 10:00,9/25/96,1996,0.008,mg P/L,0.004,0.01
10766,U3,R,11/27/1996 15:12,11/27/96,1996,0.008,mg P/L,0.004,0.01
62250,U3,R,4/10/1998 11:36,4/10/98,1998,0.008,mg/L,0.004,0.01
66551,U3,R,9/8/1998 9:35,9/8/98,1998,0.008,mg/L,0.004,0.01
70515,U3,R,10/7/1998 9:50,10/7/98,1998,0.008,mg/L,0.004,0.01
83083,U3,R,11/2/1999 11:29,11/2/99,1999,0.008,mg/L,0.004,0.01
1435,U3,R,7/5/1995 11:30,7/5/95,1995,0.009,mg P/L,0.004,0.01
1473,U3,R,9/5/1996 8:00,9/5/96,1996,0.009,mg P/L,0.004,0.01
56103,U3,R,11/4/1997 11:53,11/4/97,1997,0.009,mg P/L,0.004,0.01
75497,U3,R,7/1/1999 13:00,7/1/99,1999,0.009,mg/L,0.004,0.01
1398,U3,R,7/6/1994 9:30,7/6/94,1994,0.01,MG P/L,0.004,
1467,U3,R,5/23/1996 7:55,5/23/96,1996,0.01,mg P/L,0.004,0.01
1470,U3,R,7/10/1996 9:00,7/10/96,1996,0.01,mg P/L,0.004,0.01
11340,U3,R,12/30/1996 10:12,12/30/96,1996,0.01,mg P/L,0.004,0.01
12503,U3,R,6/19/1997 11:12,6/19/97,1997,0.01,mg P/L,0.004,0.01
59567,U3,R,3/24/1998 11:04,3/24/98,1998,0.01,mg/L,0.004,0.01
1429,U3,R,5/24/1995 9:23,5/24/95,1995,0.011,mg P/L,0.004,0.01
1468,U3,R,6/6/1996 12:50,6/6/96,1996,0.011,mg P/L,0.004,0.01
56162,U3,R,11/5/1997 11:51,11/5/97,1997,0.011,mg P/L,0.004,0.01
72490,U3,R,1/14/1999 12:46,1/14/99,1999,0.011,mg/L,0.004,0.01
1391,U3,R,3/1/1994 10:00,3/1/94,1994,0.012,MG P/L,0.004,
1475,U3,R,9/11/1996 11:17,9/11/96,1996,0.012,mg P/L,0.004,0.01
75543,U3,R,8/27/1999 9:32,8/27/99,1999,0.012,mg/L,0.004,0.01
1432,U3,R,6/7/1995 10:12,6/7/95,1995,0.013,mg P/L,0.004,0.01
66520,U3,R,8/11/1998 10:45,8/11/98,1998,0.013,mg/L,0.004,0.01
70876,U3,R,11/3/1998 11:30,11/3/98,1998,0.014,mg/L,0.004,0.01
1414,U3,R,1/31/1995 12:10,1/31/95,1995,0.015,mg P/L,0.004,0.01
9366,U3,R,11/6/1996 8:40,11/6/96,1996,0.015,mg P/L,0.004,0.01
75413,U3,R,6/15/1999 12:05,6/15/99,1999,0.02,mg/L,0.02,0.05
1472,U3,R,8/19/1996 12:15,8/19/96,1996,0.028,mg P/L,0.004,0.01
11402,U3,R,1/23/1997 11:30,1/23/97,1997,0.032,mg P/L,0.004,0.01
66413,U3,R,7/15/1998 13:01,7/15/98,1998,0.047,mg/L,0.004,0.01
64871,U3,R,6/3/1998 11:22,6/3/98,1998,0.073,mg/L,0.004,0.01
